latitude,longitude,pressure_hPa,month
29.0,76.7,990.77454,2020-01
29.0,76.8,991.0195,2020-01
29.0,76.8,991.0342,2020-01
29.0,76.9,991.6392,2020-01
29.0,77.0,992.49896,2020-01
29.0,77.1,991.5569,2020-01
29.0,77.2,990.46875,2020-01
29.0,77.3,990.62897,2020-01
29.0,77.5,990.8176,2020-01
28.9,76.7,991.26746,2020-01
28.9,76.8,991.5629,2020-01
28.9,76.8,991.3526,2020-01
28.9,76.9,991.7458,2020-01
28.9,77.0,992.4583,2020-01
28.9,77.1,992.3509,2020-01
28.9,77.2,991.7218,2020-01
28.9,77.3,991.369,2020-01
28.9,77.5,991.0681,2020-01
28.8,76.7,991.07324,2020-01
28.8,76.8,991.315,2020-01
28.8,76.8,991.42596,2020-01
28.8,76.9,991.77435,2020-01
28.8,77.0,992.20184,2020-01
28.8,77.1,992.1147,2020-01
28.8,77.2,991.7824,2020-01
28.8,77.3,991.5425,2020-01
28.8,77.5,991.34515,2020-01
28.6,76.7,990.6485,2020-01
28.6,76.8,990.7395,2020-01
28.6,76.8,991.64795,2020-01
28.6,76.9,992.5402,2020-01
28.6,77.0,992.49084,2020-01
28.6,77.1,991.9259,2020-01
28.6,77.2,991.9056,2020-01
28.6,77.3,992.16986,2020-01
28.6,77.5,992.06915,2020-01
28.5,76.7,990.8534,2020-01
28.5,76.8,991.48773,2020-01
28.5,76.8,992.73236,2020-01
28.5,76.9,992.88043,2020-01
28.5,77.0,991.4105,2020-01
28.5,77.1,990.259,2020-01
28.5,77.2,991.3581,2020-01
28.5,77.3,992.787,2020-01
28.5,77.5,992.3511,2020-01
28.4,76.7,991.03796,2020-01
28.4,76.8,992.1761,2020-01
28.4,76.8,992.8302,2020-01
28.4,76.9,991.60095,2020-01
28.4,77.0,988.96735,2020-01
28.4,77.1,988.1199,2020-01
28.4,77.2,990.5685,2020-01
28.4,77.3,993.08374,2020-01
28.4,77.5,992.87573,2020-01
28.3,76.7,990.67084,2020-01
28.3,76.8,991.0174,2020-01
28.3,76.8,990.46924,2020-01
28.3,76.9,989.3587,2020-01
28.3,77.0,988.5382,2020-01
28.3,77.1,989.11273,2020-01
28.3,77.2,991.31366,2020-01
28.3,77.3,993.4811,2020-01
28.3,77.5,993.7426,2020-01
28.3,76.7,990.0946,2020-01
28.3,76.8,988.8977,2020-01
28.3,76.8,987.4495,2020-01
28.3,76.9,988.28064,2020-01
28.3,77.0,990.56213,2020-01
28.3,77.1,992.0522,2020-01
28.3,77.2,992.7524,2020-01
28.3,77.3,993.3263,2020-01
28.3,77.5,993.42395,2020-01
29.0,76.7,990.3363,2020-02
29.0,76.8,990.58844,2020-02
29.0,76.8,990.61334,2020-02
29.0,76.9,991.2202,2020-02
29.0,77.0,992.07776,2020-02
29.0,77.1,991.1559,2020-02
29.0,77.2,990.0848,2020-02
29.0,77.3,990.25,2020-02
29.0,77.5,990.4426,2020-02
28.9,76.7,990.8262,2020-02
28.9,76.8,991.12994,2020-02
28.9,76.8,990.9333,2020-02
28.9,76.9,991.3302,2020-02
28.9,77.0,992.04364,2020-02
28.9,77.1,991.94507,2020-02
28.9,77.2,991.3289,2020-02
28.9,77.3,990.9859,2020-02
28.9,77.5,990.693,2020-02
28.8,76.7,990.6343,2020-02
28.8,76.8,990.8885,2020-02
28.8,76.8,991.0084,2020-02
28.8,76.9,991.3632,2020-02
28.8,77.0,991.7951,2020-02
28.8,77.1,991.717,2020-02
28.8,77.2,991.3936,2020-02
28.8,77.3,991.1619,2020-02
28.8,77.5,990.97046,2020-02
28.6,76.7,990.2136,2020-02
28.6,76.8,990.3169,2020-02
28.6,76.8,991.22943,2020-02
28.6,76.9,992.1215,2020-02
28.6,77.0,992.0831,2020-02
28.6,77.1,991.5341,2020-02
28.6,77.2,991.5185,2020-02
28.6,77.3,991.7862,2020-02
28.6,77.5,991.69336,2020-02
28.5,76.7,990.4123,2020-02
28.5,76.8,991.0536,2020-02
28.5,76.8,992.29767,2020-02
28.5,76.9,992.4578,2020-02
28.5,77.0,991.0187,2020-02
28.5,77.1,989.8908,2020-02
28.5,77.2,990.9831,2020-02
28.5,77.3,992.40375,2020-02
28.5,77.5,991.97925,2020-02
28.4,76.7,990.594,2020-02
28.4,76.8,991.7328,2020-02
28.4,76.8,992.3943,2020-02
28.4,76.9,991.194,2020-02
28.4,77.0,988.60504,2020-02
28.4,77.1,987.7784,2020-02
28.4,77.2,990.20807,2020-02
28.4,77.3,992.702,2020-02
28.4,77.5,992.50415,2020-02
28.3,76.7,990.2355,2020-02
28.3,76.8,990.5938,2020-02
28.3,76.8,990.0661,2020-02
28.3,76.9,988.98114,2020-02
28.3,77.0,988.18335,2020-02
28.3,77.1,988.76013,2020-02
28.3,77.2,990.94586,2020-02
28.3,77.3,993.0981,2020-02
28.3,77.5,993.3619,2020-02
28.3,76.7,989.669,2020-02
28.3,76.8,988.5033,2020-02
28.3,76.8,987.088,2020-02
28.3,76.9,987.9206,2020-02
28.3,77.0,990.18427,2020-02
28.3,77.1,991.66705,2020-02
28.3,77.2,992.368,2020-02
28.3,77.3,992.9453,2020-02
28.3,77.5,993.04803,2020-02
29.0,76.7,986.6727,2020-03
29.0,76.8,986.9295,2020-03
29.0,76.8,986.9625,2020-03
29.0,76.9,987.56995,2020-03
29.0,77.0,988.42523,2020-03
29.0,77.1,987.52765,2020-03
29.0,77.2,986.487,2020-03
29.0,77.3,986.65894,2020-03
29.0,77.5,986.85736,2020-03
28.9,76.7,987.1484,2020-03
28.9,76.8,987.4547,2020-03
28.9,76.8,987.2699,2020-03
28.9,76.9,987.6717,2020-03
28.9,77.0,988.3797,2020-03
28.9,77.1,988.2926,2020-03
28.9,77.2,987.6982,2020-03
28.9,77.3,987.3719,2020-03
28.9,77.5,987.09436,2020-03
28.8,76.7,986.95355,2020-03
28.8,76.8,987.2106,2020-03
28.8,76.8,987.3387,2020-03
28.8,76.9,987.69415,2020-03
28.8,77.0,988.12683,2020-03
28.8,77.1,988.0585,2020-03
28.8,77.2,987.75397,2020-03
28.8,77.3,987.5364,2020-03
28.8,77.5,987.3605,2020-03
28.6,76.7,986.5315,2020-03
28.6,76.8,986.642,2020-03
28.6,76.8,987.5494,2020-03
28.6,76.9,988.43713,2020-03
28.6,77.0,988.40784,2020-03
28.6,77.1,987.8774,2020-03
28.6,77.2,987.873,2020-03
28.6,77.3,988.1473,2020-03
28.6,77.5,988.0662,2020-03
28.5,76.7,986.7206,2020-03
28.5,76.8,987.3598,2020-03
28.5,76.8,988.59216,2020-03
28.5,76.9,988.76135,2020-03
28.5,77.0,987.3585,2020-03
28.5,77.1,986.26044,2020-03
28.5,77.2,987.3448,2020-03
28.5,77.3,988.7502,2020-03
28.5,77.5,988.34546,2020-03
28.4,76.7,986.89154,2020-03
28.4,76.8,988.0196,2020-03
28.4,76.8,988.67883,2020-03
28.4,76.9,987.51227,2020-03
28.4,77.0,984.9819,2020-03
28.4,77.1,984.18195,2020-03
28.4,77.2,986.579,2020-03
28.4,77.3,989.0402,2020-03
28.4,77.5,988.857,2020-03
28.3,76.7,986.527,2020-03
28.3,76.8,986.887,2020-03
28.3,76.8,986.38007,2020-03
28.3,76.9,985.32684,2020-03
28.3,77.0,984.5565,2020-03
28.3,77.1,985.13617,2020-03
28.3,77.2,987.29535,2020-03
28.3,77.3,989.4206,2020-03
28.3,77.5,989.6899,2020-03
28.3,76.7,985.9601,2020-03
28.3,76.8,984.8225,2020-03
28.3,76.8,983.44086,2020-03
28.3,76.9,984.2723,2020-03
28.3,77.0,986.5099,2020-03
28.3,77.1,987.9804,2020-03
28.3,77.2,988.6824,2020-03
28.3,77.3,989.2619,2020-03
28.3,77.5,989.3756,2020-03
29.0,76.7,983.5374,2020-04
29.0,76.8,983.7932,2020-04
29.0,76.8,983.8306,2020-04
29.0,76.9,984.42926,2020-04
29.0,77.0,985.26807,2020-04
29.0,77.1,984.39764,2020-04
29.0,77.2,983.3844,2020-04
29.0,77.3,983.5528,2020-04
29.0,77.5,983.7487,2020-04
28.9,76.7,983.99585,2020-04
28.9,76.8,984.30206,2020-04
28.9,76.8,984.1276,2020-04
28.9,76.9,984.52527,2020-04
28.9,77.0,985.22107,2020-04
28.9,77.1,985.1412,2020-04
28.9,77.2,984.56335,2020-04
28.9,77.3,984.24634,2020-04
28.9,77.5,983.97906,2020-04
28.8,76.7,983.8018,2020-04
28.8,76.8,984.0604,2020-04
28.8,76.8,984.1906,2020-04
28.8,76.9,984.54425,2020-04
28.8,77.0,984.9702,2020-04
28.8,77.1,984.90765,2020-04
28.8,77.2,984.61206,2020-04
28.8,77.3,984.403,2020-04
28.8,77.5,984.2349,2020-04
28.6,76.7,983.3844,2020-04
28.6,76.8,983.4981,2020-04
28.6,76.8,984.3881,2020-04
28.6,76.9,985.25757,2020-04
28.6,77.0,985.2372,2020-04
28.6,77.1,984.72363,2020-04
28.6,77.2,984.72144,2020-04
28.6,77.3,984.99274,2020-04
28.6,77.5,984.9192,2020-04
28.5,76.7,983.5609,2020-04
28.5,76.8,984.18695,2020-04
28.5,76.8,985.3935,2020-04
28.5,76.9,985.5656,2020-04
28.5,77.0,984.20557,2020-04
28.5,77.1,983.1401,2020-04
28.5,77.2,984.19965,2020-04
28.5,77.3,985.57623,2020-04
28.5,77.5,985.18774,2020-04
28.4,76.7,983.7181,2020-04
28.4,76.8,984.8211,2020-04
28.4,76.8,985.4671,2020-04
28.4,76.9,984.339,2020-04
28.4,77.0,981.87897,2020-04
28.4,77.1,981.106,2020-04
28.4,77.2,983.44904,2020-04
28.4,77.3,985.8549,2020-04
28.4,77.5,985.6819,2020-04
28.3,76.7,983.35767,2020-04
28.3,76.8,983.71356,2020-04
28.3,76.8,983.2239,2020-04
28.3,76.9,982.2044,2020-04
28.3,77.0,981.4583,2020-04
28.3,77.1,982.02814,2020-04
28.3,77.2,984.1396,2020-04
28.3,77.3,986.2178,2020-04
28.3,77.5,986.4883,2020-04
28.3,76.7,982.7992,2020-04
28.3,76.8,981.6975,2020-04
28.3,76.8,980.3575,2020-04
28.3,76.9,981.1713,2020-04
28.3,77.0,983.3544,2020-04
28.3,77.1,984.7914,2020-04
28.3,77.2,985.48334,2020-04
28.3,77.3,986.05634,2020-04
28.3,77.5,986.17285,2020-04
29.0,76.7,978.62427,2020-05
29.0,76.8,978.89594,2020-05
29.0,76.8,978.9571,2020-05
29.0,76.9,979.56744,2020-05
29.0,77.0,980.41364,2020-05
29.0,77.1,979.5815,2020-05
29.0,77.2,978.6094,2020-05
29.0,77.3,978.79706,2020-05
29.0,77.5,979.01227,2020-05
28.9,76.7,979.0705,2020-05
28.9,76.8,979.3879,2020-05
28.9,76.8,979.2382,2020-05
28.9,76.9,979.65155,2020-05
28.9,77.0,980.35535,2020-05
28.9,77.1,980.29706,2020-05
28.9,77.2,979.7545,2020-05
28.9,77.3,979.46765,2020-05
28.9,77.5,979.2268,2020-05
28.8,76.7,978.87775,2020-05
28.8,76.8,979.14606,2020-05
28.8,76.8,979.2917,2020-05
28.8,76.9,979.6578,2020-05
28.8,77.0,980.0969,2020-05
28.8,77.1,980.05945,2020-05
28.8,77.2,979.79236,2020-05
28.8,77.3,979.61053,2020-05
28.8,77.5,979.46735,2020-05
28.6,76.7,978.4661,2020-05
28.6,76.8,978.5934,2020-05
28.6,76.8,979.4823,2020-05
28.6,76.9,980.3572,2020-05
28.6,77.0,980.3565,2020-05
28.6,77.1,979.8748,2020-05
28.6,77.2,979.89734,2020-05
28.6,77.3,980.185,2020-05
28.6,77.5,980.1324,2020-05
28.5,76.7,978.635,2020-05
28.5,76.8,979.26587,2020-05
28.5,76.8,980.4661,2020-05
28.5,76.9,980.6567,2020-05
28.5,77.0,979.34283,2020-05
28.5,77.1,978.3183,2020-05
28.5,77.2,979.3804,2020-05
28.5,77.3,980.752,2020-05
28.5,77.5,980.38727,2020-05
28.4,76.7,978.786,2020-05
28.4,76.8,979.8848,2020-05
28.4,76.8,980.538,2020-05
28.4,76.9,979.45105,2020-05
28.4,77.0,977.0565,2020-05
28.4,77.1,976.3172,2020-05
28.4,77.2,978.6359,2020-05
28.4,77.3,981.01605,2020-05
28.4,77.5,980.86414,2020-05
28.3,76.7,978.4274,2020-05
28.3,76.8,978.79193,2020-05
28.3,76.8,978.3295,2020-05
28.3,76.9,977.34894,2020-05
28.3,77.0,976.63855,2020-05
28.3,77.1,977.21765,2020-05
28.3,77.2,979.3073,2020-05
28.3,77.3,981.3641,2020-05
28.3,77.5,981.6475,2020-05
28.3,76.7,977.87573,2020-05
28.3,76.8,976.8074,2020-05
28.3,76.8,975.51074,2020-05
28.3,76.9,976.32947,2020-05
28.3,77.0,978.494,2020-05
28.3,77.1,979.9236,2020-05
28.3,77.2,980.6197,2020-05
28.3,77.3,981.19806,2020-05
28.3,77.5,981.32947,2020-05
29.0,76.7,974.7216,2020-06
29.0,76.8,975.0033,2020-06
29.0,76.8,975.0751,2020-06
29.0,76.9,975.6903,2020-06
29.0,77.0,976.53784,2020-06
29.0,77.1,975.722,2020-06
29.0,77.2,974.7749,2020-06
29.0,77.3,974.9731,2020-06
29.0,77.5,975.1974,2020-06
28.9,76.7,975.16693,2020-06
28.9,76.8,975.48773,2020-06
28.9,76.8,975.3518,2020-06
28.9,76.9,975.77057,2020-06
28.9,77.0,976.47437,2020-06
28.9,77.1,976.42725,2020-06
28.9,77.2,975.902,2020-06
28.9,77.3,975.6312,2020-06
28.9,77.5,975.4057,2020-06
28.8,76.7,974.98456,2020-06
28.8,76.8,975.2533,2020-06
28.8,76.8,975.4048,2020-06
28.8,76.9,975.7744,2020-06
28.8,77.0,976.21606,2020-06
28.8,77.1,976.18744,2020-06
28.8,77.2,975.9363,2020-06
28.8,77.3,975.769,2020-06
28.8,77.5,975.6421,2020-06
28.6,76.7,974.5841,2020-06
28.6,76.8,974.7144,2020-06
28.6,76.8,975.6001,2020-06
28.6,76.9,976.47144,2020-06
28.6,77.0,976.4796,2020-06
28.6,77.1,976.01215,2020-06
28.6,77.2,976.0474,2020-06
28.6,77.3,976.3437,2020-06
28.6,77.5,976.3028,2020-06
28.5,76.7,974.7599,2020-06
28.5,76.8,975.3898,2020-06
28.5,76.8,976.5815,2020-06
28.5,76.9,976.7749,2020-06
28.5,77.0,975.4834,2020-06
28.5,77.1,974.48065,2020-06
28.5,77.2,975.54126,2020-06
28.5,77.3,976.90845,2020-06
28.5,77.5,976.559,2020-06
28.4,76.7,974.9174,2020-06
28.4,76.8,976.01013,2020-06
28.4,76.8,976.6587,2020-06
28.4,76.9,975.59094,2020-06
28.4,77.0,973.2321,2020-06
28.4,77.1,972.5098,2020-06
28.4,77.2,974.8118,2020-06
28.4,77.3,977.17596,2020-06
28.4,77.5,977.0374,2020-06
28.3,76.7,974.56683,2020-06
28.3,76.8,974.9314,2020-06
28.3,76.8,974.4799,2020-06
28.3,76.9,973.5183,2020-06
28.3,77.0,972.8209,2020-06
28.3,77.1,973.40393,2020-06
28.3,77.2,975.4811,2020-06
28.3,77.3,977.5267,2020-06
28.3,77.5,977.81903,2020-06
28.3,76.7,974.028,2020-06
28.3,76.8,972.97424,2020-06
28.3,76.8,971.69556,2020-06
28.3,76.9,972.5127,2020-06
28.3,77.0,974.66077,2020-06
28.3,77.1,976.0845,2020-06
28.3,77.2,976.7843,2020-06
28.3,77.3,977.3682,2020-06
28.3,77.5,977.5125,2020-06
29.0,76.7,974.2158,2020-07
29.0,76.8,974.509,2020-07
29.0,76.8,974.591,2020-07
29.0,76.9,975.21344,2020-07
29.0,77.0,976.07074,2020-07
29.0,77.1,975.2578,2020-07
29.0,77.2,974.314,2020-07
29.0,77.3,974.5176,2020-07
29.0,77.5,974.74884,2020-07
28.9,76.7,974.67004,2020-07
28.9,76.8,974.9935,2020-07
28.9,76.8,974.866,2020-07
28.9,76.9,975.29266,2020-07
28.9,77.0,976.00104,2020-07
28.9,77.1,975.95715,2020-07
28.9,77.2,975.43677,2020-07
28.9,77.3,975.1703,2020-07
28.9,77.5,974.9494,2020-07
28.8,76.7,974.50006,2020-07
28.8,76.8,974.7656,2020-07
28.8,76.8,974.91876,2020-07
28.8,76.9,975.29126,2020-07
28.8,77.0,975.73816,2020-07
28.8,77.1,975.71265,2020-07
28.8,77.2,975.466,2020-07
28.8,77.3,975.30505,2020-07
28.8,77.5,975.18195,2020-07
28.6,76.7,974.10767,2020-07
28.6,76.8,974.23615,2020-07
28.6,76.8,975.1255,2020-07
28.6,76.9,976.0007,2020-07
28.6,77.0,976.01056,2020-07
28.6,77.1,975.5468,2020-07
28.6,77.2,975.58594,2020-07
28.6,77.3,975.8889,2020-07
28.6,77.5,975.8514,2020-07
28.5,76.7,974.29596,2020-07
28.5,76.8,974.9275,2020-07
28.5,76.8,976.1233,2020-07
28.5,76.9,976.3197,2020-07
28.5,77.0,975.02655,2020-07
28.5,77.1,974.02277,2020-07
28.5,77.2,975.0918,2020-07
28.5,77.3,976.4649,2020-07
28.5,77.5,976.11755,2020-07
28.4,76.7,974.46466,2020-07
28.4,76.8,975.56055,2020-07
28.4,76.8,976.2141,2020-07
28.4,76.9,975.1434,2020-07
28.4,77.0,972.7786,2020-07
28.4,77.1,972.0562,2020-07
28.4,77.2,974.3667,2020-07
28.4,77.3,976.7402,2020-07
28.4,77.5,976.60406,2020-07
28.3,76.7,974.1182,2020-07
28.3,76.8,974.48303,2020-07
28.3,76.8,974.03186,2020-07
28.3,76.9,973.06854,2020-07
28.3,77.0,972.3719,2020-07
28.3,77.1,972.9578,2020-07
28.3,77.2,975.0435,2020-07
28.3,77.3,977.0977,2020-07
28.3,77.5,977.3934,2020-07
28.3,76.7,973.5864,2020-07
28.3,76.8,972.5259,2020-07
28.3,76.8,971.2427,2020-07
28.3,76.9,972.0647,2020-07
28.3,77.0,974.22205,2020-07
28.3,77.1,975.65265,2020-07
28.3,77.2,976.35675,2020-07
28.3,77.3,976.9447,2020-07
28.3,77.5,977.0915,2020-07
29.0,76.7,974.0014,2020-08
29.0,76.8,974.2925,2020-08
29.0,76.8,974.37103,2020-08
29.0,76.9,974.9939,2020-08
29.0,77.0,975.8508,2020-08
29.0,77.1,975.0313,2020-08
29.0,77.2,974.07886,2020-08
29.0,77.3,974.2812,2020-08
29.0,77.5,974.5091,2020-08
28.9,76.7,974.44,2020-08
28.9,76.8,974.76294,2020-08
28.9,76.8,974.6312,2020-08
28.9,76.9,975.0558,2020-08
28.9,77.0,975.7652,2020-08
28.9,77.1,975.71674,2020-08
28.9,77.2,975.1901,2020-08
28.9,77.3,974.91876,2020-08
28.9,77.5,974.6938,2020-08
28.8,76.7,974.25275,2020-08
28.8,76.8,974.51654,2020-08
28.8,76.8,974.6681,2020-08
28.8,76.9,975.0395,2020-08
28.8,77.0,975.4853,2020-08
28.8,77.1,975.4564,2020-08
28.8,77.2,975.20276,2020-08
28.8,77.3,975.0362,2020-08
28.8,77.5,974.9078,2020-08
28.6,76.7,973.8395,2020-08
28.6,76.8,973.9672,2020-08
28.6,76.8,974.85944,2020-08
28.6,76.9,975.7364,2020-08
28.6,77.0,975.7428,2020-08
28.6,77.1,975.27386,2020-08
28.6,77.2,975.30914,2020-08
28.6,77.3,975.60675,2020-08
28.6,77.5,975.5652,2020-08
28.5,76.7,974.0101,2020-08
28.5,76.8,974.6455,2020-08
28.5,76.8,975.8461,2020-08
28.5,76.9,976.0408,2020-08
28.5,77.0,974.7386,2020-08
28.5,77.1,973.72784,2020-08
28.5,77.2,974.7967,2020-08
28.5,77.3,976.171,2020-08
28.5,77.5,975.8161,2020-08
28.4,76.7,974.1645,2020-08
28.4,76.8,975.2646,2020-08
28.4,76.8,975.92053,2020-08
28.4,76.9,974.8441,2020-08
28.4,77.0,972.4657,2020-08
28.4,77.1,971.7359,2020-08
28.4,77.2,974.05273,2020-08
28.4,77.3,976.43005,2020-08
28.4,77.5,976.2883,2020-08
28.3,76.7,973.798,2020-08
28.3,76.8,974.16675,2020-08
28.3,76.8,973.71234,2020-08
28.3,76.9,972.7421,2020-08
28.3,77.0,972.04034,2020-08
28.3,77.1,972.62604,2020-08
28.3,77.2,974.7145,2020-08
28.3,77.3,976.77,2020-08
28.3,77.5,977.06213,2020-08
28.3,76.7,973.2456,2020-08
28.3,76.8,972.18085,2020-08
28.3,76.8,970.89154,2020-08
28.3,76.9,971.7176,2020-08
28.3,77.0,973.8849,2020-08
28.3,77.1,975.3187,2020-08
28.3,77.2,976.0176,2020-08
28.3,77.3,976.59906,2020-08
28.3,77.5,976.73865,2020-08
29.0,76.7,977.8912,2020-09
29.0,76.8,978.15784,2020-09
29.0,76.8,978.2086,2020-09
29.0,76.9,978.8037,2020-09
29.0,77.0,979.63513,2020-09
29.0,77.1,978.78973,2020-09
29.0,77.2,977.8105,2020-09
29.0,77.3,977.98395,2020-09
29.0,77.5,978.1846,2020-09
28.9,76.7,978.35284,2020-09
28.9,76.8,978.6546,2020-09
28.9,76.8,978.49554,2020-09
28.9,76.9,978.894,2020-09
28.9,77.0,979.5828,2020-09
28.9,77.1,979.51276,2020-09
28.9,77.2,978.95703,2020-09
28.9,77.3,978.65936,2020-09
28.9,77.5,978.40515,2020-09
28.8,76.7,978.18317,2020-09
28.8,76.8,978.42926,2020-09
28.8,76.8,978.5596,2020-09
28.8,76.9,978.91,2020-09
28.8,77.0,979.3342,2020-09
28.8,77.1,979.2816,2020-09
28.8,77.2,979.00336,2020-09
28.8,77.3,978.81165,2020-09
28.8,77.5,978.6562,2020-09
28.6,76.7,977.8022,2020-09
28.6,76.8,977.9087,2020-09
28.6,76.8,978.7774,2020-09
28.6,76.9,979.6345,2020-09
28.6,77.0,979.61926,2020-09
28.6,77.1,979.1248,2020-09
28.6,77.2,979.1344,2020-09
28.6,77.3,979.40826,2020-09
28.6,77.5,979.34155,2020-09
28.5,76.7,978.0025,2020-09
28.5,76.8,978.6133,2020-09
28.5,76.8,979.79156,2020-09
28.5,76.9,979.964,2020-09
28.5,77.0,978.6349,2020-09
28.5,77.1,977.5976,2020-09
28.5,77.2,978.6452,2020-09
28.5,77.3,979.9977,2020-09
28.5,77.5,979.61884,2020-09
28.4,76.7,978.1813,2020-09
28.4,76.8,979.25867,2020-09
28.4,76.8,979.8914,2020-09
28.4,76.9,978.7881,2020-09
28.4,77.0,976.38,2020-09
28.4,77.1,975.6256,2020-09
28.4,77.2,977.92456,2020-09
28.4,77.3,980.2842,2020-09
28.4,77.5,980.1188,2020-09
28.3,76.7,977.8407,2020-09
28.3,76.8,978.1829,2020-09
28.3,76.8,977.70166,2020-09
28.3,76.9,976.7056,2020-09
28.3,77.0,975.9778,2020-09
28.3,77.1,976.5409,2020-09
28.3,77.2,978.61395,2020-09
28.3,77.3,980.653,2020-09
28.3,77.5,980.92145,2020-09
28.3,76.7,977.31494,2020-09
28.3,76.8,976.2196,2020-09
28.3,76.8,974.8993,2020-09
28.3,76.9,975.7011,2020-09
28.3,77.0,977.8481,2020-09
28.3,77.1,979.2615,2020-09
28.3,77.2,979.94244,2020-09
28.3,77.3,980.50757,2020-09
28.3,77.5,980.62555,2020-09
29.0,76.7,982.7187,2020-10
29.0,76.8,982.9717,2020-10
29.0,76.8,983.0078,2020-10
29.0,76.9,983.5992,2020-10
29.0,77.0,984.4334,2020-10
29.0,77.1,983.5576,2020-10
29.0,77.2,982.54175,2020-10
29.0,77.3,982.7063,2020-10
29.0,77.5,982.89716,2020-10
28.9,76.7,983.1848,2020-10
28.9,76.8,983.47986,2020-10
28.9,76.8,983.3014,2020-10
28.9,76.9,983.6928,2020-10
28.9,77.0,984.3853,2020-10
28.9,77.1,984.2994,2020-10
28.9,77.2,983.7212,2020-10
28.9,77.3,983.4042,2020-10
28.9,77.5,983.131,2020-10
28.8,76.7,983.00543,2020-10
28.8,76.8,983.24603,2020-10
28.8,76.8,983.3647,2020-10
28.8,76.9,983.7102,2020-10
28.8,77.0,984.1313,2020-10
28.8,77.1,984.0665,2020-10
28.8,77.2,983.76984,2020-10
28.8,77.3,983.5607,2020-10
28.8,77.5,983.3899,2020-10
28.6,76.7,982.61053,2020-10
28.6,76.8,982.70483,2020-10
28.6,76.8,983.5754,2020-10
28.6,76.9,984.4357,2020-10
28.6,77.0,984.40497,2020-10
28.6,77.1,983.88727,2020-10
28.6,77.2,983.8869,2020-10
28.6,77.3,984.1556,2020-10
28.6,77.5,984.0786,2020-10
28.5,76.7,982.8072,2020-10
28.5,76.8,983.4133,2020-10
28.5,76.8,984.5982,2020-10
28.5,76.9,984.75555,2020-10
28.5,77.0,983.38214,2020-10
28.5,77.1,982.3087,2020-10
28.5,77.2,983.3671,2020-10
28.5,77.3,984.7408,2020-10
28.5,77.5,984.3449,2020-10
28.4,76.7,982.98083,2020-10
28.4,76.8,984.0621,2020-10
28.4,76.8,984.6889,2020-10
28.4,76.9,983.54315,2020-10
28.4,77.0,981.06604,2020-10
28.4,77.1,980.27783,2020-10
28.4,77.2,982.61523,2020-10
28.4,77.3,985.01715,2020-10
28.4,77.5,984.83856,2020-10
28.3,76.7,982.627,2020-10
28.3,76.8,982.95825,2020-10
28.3,76.8,982.44824,2020-10
28.3,76.9,981.41205,2020-10
28.3,77.0,980.64905,2020-10
28.3,77.1,981.2058,2020-10
28.3,77.2,983.30774,2020-10
28.3,77.3,985.3794,2020-10
28.3,77.5,985.6435,2020-10
28.3,76.7,982.08374,2020-10
28.3,76.8,980.948,2020-10
28.3,76.8,979.58453,2020-10
28.3,76.9,980.3818,2020-10
28.3,77.0,982.55176,2020-10
28.3,77.1,983.9735,2020-10
28.3,77.2,984.6544,2020-10
28.3,77.3,985.21716,2020-10
28.3,77.5,985.32697,2020-10
29.0,76.7,990.1748,2020-11
29.0,76.8,990.423,2020-11
29.0,76.8,990.4437,2020-11
29.0,76.9,991.04376,2020-11
29.0,77.0,991.8947,2020-11
29.0,77.1,990.97766,2020-11
29.0,77.2,989.9184,2020-11
29.0,77.3,990.08044,2020-11
29.0,77.5,990.2701,2020-11
28.9,76.7,990.66174,2020-11
28.9,76.8,990.9556,2020-11
28.9,76.8,990.7578,2020-11
28.9,76.9,991.1488,2020-11
28.9,77.0,991.85345,2020-11
28.9,77.1,991.7554,2020-11
28.9,77.2,991.14746,2020-11
28.9,77.3,990.80945,2020-11
28.9,77.5,990.51917,2020-11
28.8,76.7,990.4768,2020-11
28.8,76.8,990.71704,2020-11
28.8,76.8,990.8297,2020-11
28.8,76.9,991.17615,2020-11
28.8,77.0,991.60175,2020-11
28.8,77.1,991.52246,2020-11
28.8,77.2,991.2062,2020-11
28.8,77.3,990.9794,2020-11
28.8,77.5,990.7928,2020-11
28.6,76.7,990.0672,2020-11
28.6,76.8,990.1556,2020-11
28.6,76.8,991.0468,2020-11
28.6,76.9,991.9217,2020-11
28.6,77.0,991.8785,2020-11
28.6,77.1,991.33386,2020-11
28.6,77.2,991.3213,2020-11
28.6,77.3,991.58923,2020-11
28.6,77.5,991.49994,2020-11
28.5,76.7,990.2685,2020-11
28.5,76.8,990.8884,2020-11
28.5,76.8,992.1047,2020-11
28.5,76.9,992.2519,2020-11
28.5,77.0,990.8177,2020-11
28.5,77.1,989.69775,2020-11
28.5,77.2,990.7806,2020-11
28.5,77.3,992.1889,2020-11
28.5,77.5,991.7701,2020-11
28.4,76.7,990.4488,2020-11
28.4,76.8,991.5599,2020-11
28.4,76.8,992.1986,2020-11
28.4,76.9,990.9998,2020-11
28.4,77.0,988.4254,2020-11
28.4,77.1,987.6007,2020-11
28.4,77.2,990.0029,2020-11
28.4,77.3,992.4735,2020-11
28.4,77.5,992.27985,2020-11
28.3,76.7,990.0882,2020-11
28.3,76.8,990.4244,2020-11
28.3,76.8,989.88696,2020-11
28.3,76.9,988.8033,2020-11
28.3,77.0,988.0037,2020-11
28.3,77.1,988.5703,2020-11
28.3,77.2,990.72925,2020-11
28.3,77.3,992.8579,2020-11
28.3,77.5,993.1211,2020-11
28.3,76.7,989.5238,2020-11
28.3,76.8,988.34955,2020-11
28.3,76.8,986.9328,2020-11
28.3,76.9,987.7477,2020-11
28.3,77.0,989.9797,2020-11
28.3,77.1,991.4418,2020-11
28.3,77.2,992.13184,2020-11
28.3,77.3,992.7013,2020-11
28.3,77.5,992.8041,2020-11
29.0,76.7,990.26324,2020-12
29.0,76.8,990.51044,2020-12
29.0,76.8,990.5275,2020-12
29.0,76.9,991.12775,2020-12
29.0,77.0,991.9824,2020-12
29.0,77.1,991.0477,2020-12
29.0,77.2,989.96893,2020-12
29.0,77.3,990.1286,2020-12
29.0,77.5,990.3168,2020-12
28.9,76.7,990.76074,2020-12
28.9,76.8,991.0563,2020-12
28.9,76.8,990.84906,2020-12
28.9,76.9,991.24036,2020-12
28.9,77.0,991.95197,2020-12
28.9,77.1,991.8491,2020-12
28.9,77.2,991.2262,2020-12
28.9,77.3,990.8775,2020-12
28.9,77.5,990.57837,2020-12
28.8,76.7,990.5772,2020-12
28.8,76.8,990.819,2020-12
28.8,76.8,990.92865,2020-12
28.8,76.9,991.2761,2020-12
28.8,77.0,991.70483,2020-12
28.8,77.1,991.62195,2020-12
28.8,77.2,991.2948,2020-12
28.8,77.3,991.0591,2020-12
28.8,77.5,990.8655,2020-12
28.6,76.7,990.17126,2020-12
28.6,76.8,990.2583,2020-12
28.6,76.8,991.15674,2020-12
28.6,76.9,992.0395,2020-12
28.6,77.0,991.992,2020-12
28.6,77.1,991.4355,2020-12
28.6,77.2,991.4174,2020-12
28.6,77.3,991.683,2020-12
28.6,77.5,991.587,2020-12
28.5,76.7,990.3848,2020-12
28.5,76.8,991.00934,2020-12
28.5,76.8,992.23816,2020-12
28.5,76.9,992.3817,2020-12
28.5,77.0,990.92126,2020-12
28.5,77.1,989.77966,2020-12
28.5,77.2,990.8728,2020-12
28.5,77.3,992.2971,2020-12
28.5,77.5,991.86755,2020-12
28.4,76.7,990.577,2020-12
28.4,76.8,991.69885,2020-12
28.4,76.8,992.34204,2020-12
28.4,76.9,991.1186,2020-12
28.4,77.0,988.5026,2020-12
28.4,77.1,987.65936,2020-12
28.4,77.2,990.09283,2020-12
28.4,77.3,992.593,2020-12
28.4,77.5,992.39166,2020-12
28.3,76.7,990.221,2020-12
28.3,76.8,990.5589,2020-12
28.3,76.8,990.0079,2020-12
28.3,76.9,988.9015,2020-12
28.3,77.0,988.086,2020-12
28.3,77.1,988.65466,2020-12
28.3,77.2,990.8393,2020-12
28.3,77.3,992.9949,2020-12
28.3,77.5,993.2568,2020-12
28.3,76.7,989.6601,2020-12
28.3,76.8,988.46466,2020-12
28.3,76.8,987.0216,2020-12
28.3,76.9,987.84326,2020-12
28.3,77.0,990.1027,2020-12
28.3,77.1,991.57996,2020-12
28.3,77.2,992.2757,2020-12
28.3,77.3,992.8491,2020-12
28.3,77.5,992.9476,2020-12
29.0,76.7,989.409,2021-01
29.0,76.8,989.66565,2021-01
29.0,76.8,989.6895,2021-01
29.0,76.9,990.2962,2021-01
29.0,77.0,991.15625,2021-01
29.0,77.1,990.2254,2021-01
29.0,77.2,989.1475,2021-01
29.0,77.3,989.3112,2021-01
29.0,77.5,989.50244,2021-01
28.9,76.7,989.9032,2021-01
28.9,76.8,990.20624,2021-01
28.9,76.8,990.0064,2021-01
28.9,76.9,990.40295,2021-01
28.9,77.0,991.1214,2021-01
28.9,77.1,991.02203,2021-01
28.9,77.2,990.40155,2021-01
28.9,77.3,990.058,2021-01
28.9,77.5,989.7622,2021-01
28.8,76.7,989.71436,2021-01
28.8,76.8,989.96356,2021-01
28.8,76.8,990.0794,2021-01
28.8,76.9,990.4349,2021-01
28.8,77.0,990.87054,2021-01
28.8,77.1,990.7909,2021-01
28.8,77.2,990.46674,2021-01
28.8,77.3,990.2354,2021-01
28.8,77.5,990.04504,2021-01
28.6,76.7,989.3003,2021-01
28.6,76.8,989.3958,2021-01
28.6,76.8,990.30695,2021-01
28.6,76.9,991.20184,2021-01
28.6,77.0,991.1596,2021-01
28.6,77.1,990.6049,2021-01
28.6,77.2,990.5922,2021-01
28.6,77.3,990.8614,2021-01
28.6,77.5,990.76697,2021-01
28.5,76.7,989.5096,2021-01
28.5,76.8,990.1471,2021-01
28.5,76.8,991.392,2021-01
28.5,76.9,991.5438,2021-01
28.5,77.0,990.08545,2021-01
28.5,77.1,988.9449,2021-01
28.5,77.2,990.046,2021-01
28.5,77.3,991.4758,2021-01
28.5,77.5,991.04626,2021-01
28.4,76.7,989.7001,2021-01
28.4,76.8,990.83844,2021-01
28.4,76.8,991.49506,2021-01
28.4,76.9,990.2739,2021-01
28.4,77.0,987.6549,2021-01
28.4,77.1,986.8163,2021-01
28.4,77.2,989.26044,2021-01
28.4,77.3,991.77094,2021-01
28.4,77.5,991.57104,2021-01
28.3,76.7,989.33734,2021-01
28.3,76.8,989.68823,2021-01
28.3,76.8,989.14594,2021-01
28.3,76.9,988.04175,2021-01
28.3,77.0,987.2323,2021-01
28.3,77.1,987.81134,2021-01
28.3,77.2,990.00964,2021-01
28.3,77.3,992.1746,2021-01
28.3,77.5,992.43933,2021-01
28.3,76.7,988.7674,2021-01
28.3,76.8,987.57983,2021-01
28.3,76.8,986.14105,2021-01
28.3,76.9,986.9752,2021-01
28.3,77.0,989.2545,2021-01
28.3,77.1,990.74524,2021-01
28.3,77.2,991.44806,2021-01
28.3,77.3,992.0262,2021-01
28.3,77.5,992.12805,2021-01
29.0,76.7,988.48364,2021-02
29.0,76.8,988.7365,2021-02
29.0,76.8,988.76105,2021-02
29.0,76.9,989.36096,2021-02
29.0,77.0,990.21075,2021-02
29.0,77.1,989.2972,2021-02
29.0,77.2,988.23505,2021-02
29.0,77.3,988.3956,2021-02
29.0,77.5,988.58386,2021-02
28.9,76.7,988.96497,2021-02
28.9,76.8,989.2647,2021-02
28.9,76.8,989.06995,2021-02
28.9,76.9,989.46326,2021-02
28.9,77.0,990.1699,2021-02
28.9,77.1,990.073,2021-02
28.9,77.2,989.4632,2021-02
28.9,77.3,989.1224,2021-02
28.9,77.5,988.83093,2021-02
28.8,76.7,988.7726,2021-02
28.8,76.8,989.021,2021-02
28.8,76.8,989.1394,2021-02
28.8,76.9,989.48883,2021-02
28.8,77.0,989.91724,2021-02
28.8,77.1,989.8389,2021-02
28.8,77.2,989.52094,2021-02
28.8,77.3,989.2923,2021-02
28.8,77.5,989.1056,2021-02
28.6,76.7,988.359,2021-02
28.6,76.8,988.4548,2021-02
28.6,76.8,989.3523,2021-02
28.6,76.9,990.2337,2021-02
28.6,77.0,990.19586,2021-02
28.6,77.1,989.65186,2021-02
28.6,77.2,989.6378,2021-02
28.6,77.3,989.90533,2021-02
28.6,77.5,989.8179,2021-02
28.5,76.7,988.5575,2021-02
28.5,76.8,989.1809,2021-02
28.5,76.8,990.4025,2021-02
28.5,76.9,990.56006,2021-02
28.5,77.0,989.133,2021-02
28.5,77.1,988.01575,2021-02
28.5,77.2,989.09973,2021-02
28.5,77.3,990.5126,2021-02
28.5,77.5,990.09753,2021-02
28.4,76.7,988.73334,2021-02
28.4,76.8,989.8498,2021-02
28.4,76.8,990.4929,2021-02
28.4,76.9,989.30365,2021-02
28.4,77.0,986.73883,2021-02
28.4,77.1,985.9214,2021-02
28.4,77.2,988.32935,2021-02
28.4,77.3,990.80457,2021-02
28.4,77.5,990.6143,2021-02
28.3,76.7,988.37555,2021-02
28.3,76.8,988.71716,2021-02
28.3,76.8,988.1864,2021-02
28.3,76.9,987.1106,2021-02
28.3,77.0,986.3191,2021-02
28.3,77.1,986.8911,2021-02
28.3,77.2,989.05963,2021-02
28.3,77.3,991.19543,2021-02
28.3,77.5,991.462,2021-02
28.3,76.7,987.8114,2021-02
28.3,76.8,986.6447,2021-02
28.3,76.8,985.23486,2021-02
28.3,76.9,986.0561,2021-02
28.3,77.0,988.296,2021-02
28.3,77.1,989.76514,2021-02
28.3,77.2,990.4656,2021-02
28.3,77.3,991.0446,2021-02
28.3,77.5,991.15265,2021-02
29.0,76.7,984.77673,2021-03
29.0,76.8,985.0189,2021-03
29.0,76.8,985.03925,2021-03
29.0,76.9,985.6256,2021-03
29.0,77.0,986.4545,2021-03
29.0,77.1,985.5627,2021-03
29.0,77.2,984.5246,2021-03
29.0,77.3,984.677,2021-03
29.0,77.5,984.85645,2021-03
28.9,76.7,985.2422,2021-03
28.9,76.8,985.53595,2021-03
28.9,76.8,985.3418,2021-03
28.9,76.9,985.725,2021-03
28.9,77.0,986.4176,2021-03
28.9,77.1,986.3237,2021-03
28.9,77.2,985.72766,2021-03
28.9,77.3,985.39355,2021-03
28.9,77.5,985.10535,2021-03
28.8,76.7,985.04816,2021-03
28.8,76.8,985.29266,2021-03
28.8,76.8,985.4086,2021-03
28.8,76.9,985.7516,2021-03
28.8,77.0,986.17163,2021-03
28.8,77.1,986.0962,2021-03
28.8,77.2,985.7848,2021-03
28.8,77.3,985.5612,2021-03
28.8,77.5,985.37683,2021-03
28.6,76.7,984.6433,2021-03
28.6,76.8,984.7377,2021-03
28.6,76.8,985.6147,2021-03
28.6,76.9,986.4774,2021-03
28.6,77.0,986.4407,2021-03
28.6,77.1,985.9098,2021-03
28.6,77.2,985.89636,2021-03
28.6,77.3,986.1582,2021-03
28.6,77.5,986.0756,2021-03
28.5,76.7,984.8356,2021-03
28.5,76.8,985.44464,2021-03
28.5,76.8,986.6389,2021-03
28.5,76.9,986.792,2021-03
28.5,77.0,985.3991,2021-03
28.5,77.1,984.30756,2021-03
28.5,77.2,985.3674,2021-03
28.5,77.3,986.7521,2021-03
28.5,77.5,986.3507,2021-03
28.4,76.7,985.0047,2021-03
28.4,76.8,986.0957,2021-03
28.4,76.8,986.7237,2021-03
28.4,76.9,985.5616,2021-03
28.4,77.0,983.0572,2021-03
28.4,77.1,982.25824,2021-03
28.4,77.2,984.61633,2021-03
28.4,77.3,987.0394,2021-03
28.4,77.5,986.85736,2021-03
28.3,76.7,984.65607,2021-03
28.3,76.8,984.9924,2021-03
28.3,76.8,984.4725,2021-03
28.3,76.9,983.4219,2021-03
28.3,77.0,982.64996,2021-03
28.3,77.1,983.21045,2021-03
28.3,77.2,985.33276,2021-03
28.3,77.3,987.4243,2021-03
28.3,77.5,987.6892,2021-03
28.3,76.7,984.106,2021-03
28.3,76.8,982.9694,2021-03
28.3,76.8,981.59204,2021-03
28.3,76.9,982.3964,2021-03
28.3,77.0,984.5853,2021-03
28.3,77.1,986.02185,2021-03
28.3,77.2,986.7094,2021-03
28.3,77.3,987.2782,2021-03
28.3,77.5,987.3868,2021-03
29.0,76.7,982.61755,2021-04
29.0,76.8,982.8428,2021-04
29.0,76.8,982.85345,2021-04
29.0,76.9,983.42413,2021-04
29.0,77.0,984.2358,2021-04
29.0,77.1,983.3454,2021-04
29.0,77.2,982.3146,2021-04
29.0,77.3,982.4606,2021-04
29.0,77.5,982.63324,2021-04
28.9,76.7,983.07605,2021-04
28.9,76.8,983.3507,2021-04
28.9,76.8,983.1493,2021-04
28.9,76.9,983.5197,2021-04
28.9,77.0,984.18994,2021-04
28.9,77.1,984.086,2021-04
28.9,77.2,983.49036,2021-04
28.9,77.3,983.15485,2021-04
28.9,77.5,982.86615,2021-04
28.8,76.7,982.88446,2021-04
28.8,76.8,983.112,2021-04
28.8,76.8,983.21204,2021-04
28.8,76.9,983.538,2021-04
28.8,77.0,983.93787,2021-04
28.8,77.1,983.85315,2021-04
28.8,77.2,983.53796,2021-04
28.8,77.3,983.3098,2021-04
28.8,77.5,983.1213,2021-04
28.6,76.7,982.487,2021-04
28.6,76.8,982.56433,2021-04
28.6,76.8,983.40906,2021-04
28.6,76.9,984.24115,2021-04
28.6,77.0,984.1902,2021-04
28.6,77.1,983.6571,2021-04
28.6,77.2,983.63464,2021-04
28.6,77.3,983.885,2021-04
28.6,77.5,983.7955,2021-04
28.5,76.7,982.6745,2021-04
28.5,76.8,983.2574,2021-04
28.5,76.8,984.414,2021-04
28.5,76.9,984.5454,2021-04
28.5,77.0,983.15515,2021-04
28.5,77.1,982.0668,2021-04
28.5,77.2,983.10175,2021-04
28.5,77.3,984.45575,2021-04
28.5,77.5,984.05096,2021-04
28.4,76.7,982.8395,2021-04
28.4,76.8,983.8945,2021-04
28.4,76.8,984.49567,2021-04
28.4,76.9,983.33,2021-04
28.4,77.0,980.84174,2021-04
28.4,77.1,980.038,2021-04
28.4,77.2,982.3499,2021-04
28.4,77.3,984.7257,2021-04
28.4,77.5,984.53705,2021-04
28.3,76.7,982.49225,2021-04
28.3,76.8,982.8016,2021-04
28.3,76.8,982.2717,2021-04
28.3,76.9,981.2159,2021-04
28.3,77.0,980.43427,2021-04
28.3,77.1,980.9691,2021-04
28.3,77.2,983.04816,2021-04
28.3,77.3,985.097,2021-04
28.3,77.5,985.35046,2021-04
28.3,76.7,981.9499,2021-04
28.3,76.8,980.80426,2021-04
28.3,76.8,979.4254,2021-04
28.3,76.9,980.1981,2021-04
28.3,77.0,982.3347,2021-04
28.3,77.1,983.73267,2021-04
28.3,77.2,984.397,2021-04
28.3,77.3,984.9469,2021-04
28.3,77.5,985.0459,2021-04
29.0,76.7,978.42834,2021-05
29.0,76.8,978.7065,2021-05
29.0,76.8,978.7723,2021-05
29.0,76.9,979.3944,2021-05
29.0,77.0,980.252,2021-05
29.0,77.1,979.42664,2021-05
29.0,77.2,978.46405,2021-05
29.0,77.3,978.6612,2021-05
29.0,77.5,978.88354,2021-05
28.9,76.7,978.8754,2021-05
28.9,76.8,979.1926,2021-05
28.9,76.8,979.0509,2021-05
28.9,76.9,979.4737,2021-05
28.9,77.0,980.18726,2021-05
28.9,77.1,980.14014,2021-05
28.9,77.2,979.60736,2021-05
28.9,77.3,979.32983,2021-05
28.9,77.5,979.09827,2021-05
28.8,76.7,978.6857,2021-05
28.8,76.8,978.9523,2021-05
28.8,76.8,979.10223,2021-05
28.8,76.9,979.4754,2021-05
28.8,77.0,979.9239,2021-05
28.8,77.1,979.89435,2021-05
28.8,77.2,979.6393,2021-05
28.8,77.3,979.46857,2021-05
28.8,77.5,979.3364,2021-05
28.6,76.7,978.2779,2021-05
28.6,76.8,978.4013,2021-05
28.6,76.8,979.29126,2021-05
28.6,76.9,980.17346,2021-05
28.6,77.0,980.1804,2021-05
28.6,77.1,979.7078,2021-05
28.6,77.2,979.7417,2021-05
28.6,77.3,980.042,2021-05
28.6,77.5,980.0033,2021-05
28.5,76.7,978.4516,2021-05
28.5,76.8,979.0788,2021-05
28.5,76.8,980.2766,2021-05
28.5,76.9,980.4726,2021-05
28.5,77.0,979.16223,2021-05
28.5,77.1,978.1439,2021-05
28.5,77.2,979.2217,2021-05
28.5,77.3,980.6107,2021-05
28.5,77.5,980.2599,2021-05
28.4,76.7,978.6055,2021-05
28.4,76.8,979.70087,2021-05
28.4,76.8,980.3505,2021-05
28.4,76.9,979.26587,2021-05
28.4,77.0,976.87256,2021-05
28.4,77.1,976.1386,2021-05
28.4,77.2,978.47546,2021-05
28.4,77.3,980.87634,2021-05
28.4,77.5,980.7395,2021-05
28.3,76.7,978.2489,2021-05
28.3,76.8,978.6078,2021-05
28.3,76.8,978.14136,2021-05
28.3,76.9,977.1628,2021-05
28.3,77.0,976.4556,2021-05
28.3,77.1,977.0448,2021-05
28.3,77.2,979.1488,2021-05
28.3,77.3,981.2263,2021-05
28.3,77.5,981.52386,2021-05
28.3,76.7,977.6982,2021-05
28.3,76.8,976.6212,2021-05
28.3,76.8,975.3178,2021-05
28.3,76.9,976.14417,2021-05
28.3,77.0,978.32074,2021-05
28.3,77.1,979.7622,2021-05
28.3,77.2,980.4696,2021-05
28.3,77.3,981.0611,2021-05
28.3,77.5,981.20386,2021-05
29.0,76.7,974.5547,2021-06
29.0,76.8,974.83264,2021-06
29.0,76.8,974.9034,2021-06
29.0,76.9,975.52124,2021-06
29.0,77.0,976.3728,2021-06
29.0,77.1,975.5564,2021-06
29.0,77.2,974.60876,2021-06
29.0,77.3,974.8071,2021-06
29.0,77.5,975.03235,2021-06
28.9,76.7,975.0033,2021-06
28.9,76.8,975.3177,2021-06
28.9,76.8,975.1809,2021-06
28.9,76.9,975.60077,2021-06
28.9,77.0,976.30505,2021-06
28.9,77.1,976.25635,2021-06
28.9,77.2,975.73236,2021-06
28.9,77.3,975.46265,2021-06
28.9,77.5,975.2356,2021-06
28.8,76.7,974.82806,2021-06
28.8,76.8,975.0884,2021-06
28.8,76.8,975.23395,2021-06
28.8,76.9,975.6015,2021-06
28.8,77.0,976.0429,2021-06
28.8,77.1,976.0131,2021-06
28.8,77.2,975.7619,2021-06
28.8,77.3,975.59534,2021-06
28.8,77.5,975.46674,2021-06
28.6,76.7,974.44104,2021-06
28.6,76.8,974.56,2021-06
28.6,76.8,975.4329,2021-06
28.6,76.9,976.2968,2021-06
28.6,77.0,976.30145,2021-06
28.6,77.1,975.83496,2021-06
28.6,77.2,975.8695,2021-06
28.6,77.3,976.16534,2021-06
28.6,77.5,976.1262,2021-06
28.5,76.7,974.6271,2021-06
28.5,76.8,975.24097,2021-06
28.5,76.8,976.419,2021-06
28.5,76.9,976.60504,2021-06
28.5,77.0,975.3071,2021-06
28.5,77.1,974.29877,2021-06
28.5,77.2,975.362,2021-06
28.5,77.3,976.72815,2021-06
28.5,77.5,976.37885,2021-06
28.4,76.7,974.7907,2021-06
28.4,76.8,975.8659,2021-06
28.4,76.8,976.50226,2021-06
28.4,76.9,975.42596,2021-06
28.4,77.0,973.0592,2021-06
28.4,77.1,972.329,2021-06
28.4,77.2,974.6299,2021-06
28.4,77.3,976.993,2021-06
28.4,77.5,976.8536,2021-06
28.3,76.7,974.4466,2021-06
28.3,76.8,974.79486,2021-06
28.3,76.8,974.33,2021-06
28.3,76.9,973.35956,2021-06
28.3,77.0,972.65375,2021-06
28.3,77.1,973.22656,2021-06
28.3,77.2,975.2997,2021-06
28.3,77.3,977.3444,2021-06
28.3,77.5,977.6361,2021-06
28.3,76.7,973.92065,2021-06
28.3,76.8,972.84515,2021-06
28.3,76.8,971.5512,2021-06
28.3,76.9,972.3588,2021-06
28.3,77.0,974.4945,2021-06
28.3,77.1,975.91016,2021-06
28.3,77.2,976.6051,2021-06
28.3,77.3,977.1862,2021-06
28.3,77.5,977.32935,2021-06
29.0,76.7,973.45154,2021-07
29.0,76.8,973.7326,2021-07
29.0,76.8,973.8062,2021-07
29.0,76.9,974.42395,2021-07
29.0,77.0,975.2755,2021-07
29.0,77.1,974.45764,2021-07
29.0,77.2,973.5071,2021-07
29.0,77.3,973.70715,2021-07
29.0,77.5,973.9335,2021-07
28.9,76.7,973.90607,2021-07
28.9,76.8,974.21936,2021-07
28.9,76.8,974.0832,2021-07
28.9,76.9,974.5033,2021-07
28.9,77.0,975.20465,2021-07
28.9,77.1,975.1532,2021-07
28.9,77.2,974.6264,2021-07
28.9,77.3,974.35364,2021-07
28.9,77.5,974.1292,2021-07
28.8,76.7,973.7355,2021-07
28.8,76.8,973.99225,2021-07
28.8,76.8,974.1377,2021-07
28.8,76.9,974.50116,2021-07
28.8,77.0,974.9409,2021-07
28.8,77.1,974.9086,2021-07
28.8,77.2,974.6539,2021-07
28.8,77.3,974.48444,2021-07
28.8,77.5,974.3556,2021-07
28.6,76.7,973.34753,2021-07
28.6,76.8,973.46564,2021-07
28.6,76.8,974.343,2021-07
28.6,76.9,975.20764,2021-07
28.6,77.0,975.2112,2021-07
28.6,77.1,974.73926,2021-07
28.6,77.2,974.7726,2021-07
28.6,77.3,975.0656,2021-07
28.6,77.5,975.0194,2021-07
28.5,76.7,973.5346,2021-07
28.5,76.8,974.15454,2021-07
28.5,76.8,975.33777,2021-07
28.5,76.9,975.5257,2021-07
28.5,77.0,974.22504,2021-07
28.5,77.1,973.2163,2021-07
28.5,77.2,974.2763,2021-07
28.5,77.3,975.6376,2021-07
28.5,77.5,975.28284,2021-07
28.4,76.7,973.70575,2021-07
28.4,76.8,974.7882,2021-07
28.4,76.8,975.4288,2021-07
28.4,76.9,974.3533,2021-07
28.4,77.0,971.98395,2021-07
28.4,77.1,971.2526,2021-07
28.4,77.2,973.5503,2021-07
28.4,77.3,975.90985,2021-07
28.4,77.5,975.76556,2021-07
28.3,76.7,973.3639,2021-07
28.3,76.8,973.71936,2021-07
28.3,76.8,973.2569,2021-07
28.3,76.9,972.286,2021-07
28.3,77.0,971.5805,2021-07
28.3,77.1,972.15564,2021-07
28.3,77.2,974.22473,2021-07
28.3,77.3,976.26434,2021-07
28.3,77.5,976.5506,2021-07
28.3,76.7,972.8399,2021-07
28.3,76.8,971.7701,2021-07
28.3,76.8,970.4788,2021-07
28.3,76.9,971.2889,2021-07
28.3,77.0,973.43207,2021-07
28.3,77.1,974.84753,2021-07
28.3,77.2,975.53723,2021-07
28.3,77.3,976.11145,2021-07
28.3,77.5,976.2468,2021-07
29.0,76.7,975.9622,2021-08
29.0,76.8,976.2353,2021-08
29.0,76.8,976.2969,2021-08
29.0,76.9,976.9045,2021-08
29.0,77.0,977.7464,2021-08
29.0,77.1,976.912,2021-08
29.0,77.2,975.946,2021-08
29.0,77.3,976.1335,2021-08
29.0,77.5,976.3482,2021-08
28.9,76.7,976.4253,2021-08
28.9,76.8,976.7339,2021-08
28.9,76.8,976.58466,2021-08
28.9,76.9,976.9938,2021-08
28.9,77.0,977.6895,2021-08
28.9,77.1,977.6264,2021-08
28.9,77.2,977.0852,2021-08
28.9,77.3,976.8004,2021-08
28.9,77.5,976.5616,2021-08
28.8,76.7,976.26025,2021-08
28.8,76.8,976.5126,2021-08
28.8,76.8,976.6484,2021-08
28.8,76.9,977.00696,2021-08
28.8,77.0,977.43726,2021-08
28.8,77.1,977.39355,2021-08
28.8,77.2,977.1286,2021-08
28.8,77.3,976.9473,2021-08
28.8,77.5,976.80426,2021-08
28.6,76.7,975.8767,2021-08
28.6,76.8,975.99133,2021-08
28.6,76.8,976.86804,2021-08
28.6,76.9,977.73065,2021-08
28.6,77.0,977.7228,2021-08
28.6,77.1,977.23834,2021-08
28.6,77.2,977.2602,2021-08
28.6,77.3,977.5436,2021-08
28.6,77.5,977.4864,2021-08
28.5,76.7,976.0767,2021-08
28.5,76.8,976.698,2021-08
28.5,76.8,977.8852,2021-08
28.5,76.9,978.0642,2021-08
28.5,77.0,976.7435,2021-08
28.5,77.1,975.7168,2021-08
28.5,77.2,976.7717,2021-08
28.5,77.3,978.1308,2021-08
28.5,77.5,977.761,2021-08
28.4,76.7,976.25854,2021-08
28.4,76.8,977.34686,2021-08
28.4,76.8,977.989,2021-08
28.4,76.9,976.8938,2021-08
28.4,77.0,974.49646,2021-08
28.4,77.1,973.74915,2021-08
28.4,77.2,976.053,2021-08
28.4,77.3,978.4174,2021-08
28.4,77.5,978.25934,2021-08
28.3,76.7,975.9223,2021-08
28.3,76.8,976.27686,2021-08
28.3,76.8,975.80597,2021-08
28.3,76.9,974.81824,2021-08
28.3,77.0,974.0992,2021-08
28.3,77.1,974.6691,2021-08
28.3,77.2,976.74524,2021-08
28.3,77.3,978.789,2021-08
28.3,77.5,979.0663,2021-08
28.3,76.7,975.4005,2021-08
28.3,76.8,974.3188,2021-08
28.3,76.8,973.0119,2021-08
28.3,76.9,973.82104,2021-08
28.3,77.0,975.97437,2021-08
28.3,77.1,977.39325,2021-08
28.3,77.2,978.0797,2021-08
28.3,77.3,978.6485,2021-08
28.3,77.5,978.7745,2021-08
29.0,76.7,979.3277,2021-09
29.0,76.8,979.60236,2021-09
29.0,76.8,979.66235,2021-09
29.0,76.9,980.27655,2021-09
29.0,77.0,981.12787,2021-09
29.0,77.1,980.28845,2021-09
29.0,77.2,979.3123,2021-09
29.0,77.3,979.5028,2021-09
29.0,77.5,979.7204,2021-09
28.9,76.7,979.7574,2021-09
28.9,76.8,980.07025,2021-09
28.9,76.8,979.9196,2021-09
28.9,76.9,980.33307,2021-09
28.9,77.0,981.03766,2021-09
28.9,77.1,980.9771,2021-09
28.9,77.2,980.42926,2021-09
28.9,77.3,980.1417,2021-09
28.9,77.5,979.9023,2021-09
28.8,76.7,979.5495,2021-09
28.8,76.8,979.80695,2021-09
28.8,76.8,979.9474,2021-09
28.8,76.9,980.3108,2021-09
28.8,77.0,980.749,2021-09
28.8,77.1,980.7066,2021-09
28.8,77.2,980.4373,2021-09
28.8,77.3,980.25616,2021-09
28.8,77.5,980.1139,2021-09
28.6,76.7,979.11273,2021-09
28.6,76.8,979.23334,2021-09
28.6,76.8,980.12396,2021-09
28.6,76.9,980.999,2021-09
28.6,77.0,980.9948,2021-09
28.6,77.1,980.50696,2021-09
28.6,77.2,980.52954,2021-09
28.6,77.3,980.81726,2021-09
28.6,77.5,980.7617,2021-09
28.5,76.7,979.2667,2021-09
28.5,76.8,979.8982,2021-09
28.5,76.8,981.10297,2021-09
28.5,76.9,981.289,2021-09
28.5,77.0,979.9609,2021-09
28.5,77.1,978.9281,2021-09
28.5,77.2,979.9949,2021-09
28.5,77.3,981.3704,2021-09
28.5,77.5,981.0004,2021-09
28.4,76.7,979.4038,2021-09
28.4,76.8,980.5066,2021-09
28.4,76.8,981.1597,2021-09
28.4,76.9,980.06,2021-09
28.4,77.0,977.64636,2021-09
28.4,77.1,976.8987,2021-09
28.4,77.2,979.228,2021-09
28.4,77.3,981.6165,2021-09
28.4,77.5,981.46234,2021-09
28.3,76.7,979.0152,2021-09
28.3,76.8,979.3789,2021-09
28.3,76.8,978.9098,2021-09
28.3,76.9,977.9176,2021-09
28.3,77.0,977.1982,2021-09
28.3,77.1,977.78046,2021-09
28.3,77.2,979.87897,2021-09
28.3,77.3,981.9443,2021-09
28.3,77.5,982.2259,2021-09
28.3,76.7,978.4347,2021-09
28.3,76.8,977.35406,2021-09
28.3,76.8,976.042,2021-09
28.3,76.9,976.8651,2021-09
28.3,77.0,979.046,2021-09
28.3,77.1,980.484,2021-09
28.3,77.2,981.17847,2021-09
28.3,77.3,981.75555,2021-09
28.3,77.5,981.88446,2021-09
29.0,76.7,983.4301,2021-10
29.0,76.8,983.67694,2021-10
29.0,76.8,983.7049,2021-10
29.0,76.9,984.2924,2021-10
29.0,77.0,985.12103,2021-10
29.0,77.1,984.2404,2021-10
29.0,77.2,983.21936,2021-10
29.0,77.3,983.3844,2021-10
29.0,77.5,983.5767,2021-10
28.9,76.7,983.90137,2021-10
28.9,76.8,984.194,2021-10
28.9,76.8,984.0074,2021-10
28.9,76.9,984.39374,2021-10
28.9,77.0,985.0832,2021-10
28.9,77.1,984.99554,2021-10
28.9,77.2,984.41156,2021-10
28.9,77.3,984.08966,2021-10
28.9,77.5,983.8159,2021-10
28.8,76.7,983.72205,2021-10
28.8,76.8,983.96204,2021-10
28.8,76.8,984.0801,2021-10
28.8,76.9,984.4252,2021-10
28.8,77.0,984.8433,2021-10
28.8,77.1,984.77386,2021-10
28.8,77.2,984.4715,2021-10
28.8,77.3,984.25867,2021-10
28.8,77.5,984.08325,2021-10
28.6,76.7,983.32837,2021-10
28.6,76.8,983.428,2021-10
28.6,76.8,984.3047,2021-10
28.6,76.9,985.1659,2021-10
28.6,77.0,985.1334,2021-10
28.6,77.1,984.613,2021-10
28.6,77.2,984.60474,2021-10
28.6,77.3,984.8692,2021-10
28.6,77.5,984.785,2021-10
28.5,76.7,983.53253,2021-10
28.5,76.8,984.1492,2021-10
28.5,76.8,985.34467,2021-10
28.5,76.9,985.5029,2021-10
28.5,77.0,984.12695,2021-10
28.5,77.1,983.0486,2021-10
28.5,77.2,984.10315,2021-10
28.5,77.3,985.4719,2021-10
28.5,77.5,985.0678,2021-10
28.4,76.7,983.7187,2021-10
28.4,76.8,984.8114,2021-10
28.4,76.8,985.44824,2021-10
28.4,76.9,984.3007,2021-10
28.4,77.0,981.8178,2021-10
28.4,77.1,981.0299,2021-10
28.4,77.2,983.36694,2021-10
28.4,77.3,985.7668,2021-10
28.4,77.5,985.5799,2021-10
28.3,76.7,983.3732,2021-10
28.3,76.8,983.7174,2021-10
28.3,76.8,983.2136,2021-10
28.3,76.9,982.17633,2021-10
28.3,77.0,981.41547,2021-10
28.3,77.1,981.97766,2021-10
28.3,77.2,984.0837,2021-10
28.3,77.3,986.15454,2021-10
28.3,77.5,986.41266,2021-10
28.3,76.7,982.8341,2021-10
28.3,76.8,981.7117,2021-10
28.3,76.8,980.352,2021-10
28.3,76.9,981.1586,2021-10
28.3,77.0,983.34033,2021-10
28.3,77.1,984.7734,2021-10
28.3,77.2,985.45447,2021-10
28.3,77.3,986.0158,2021-10
28.3,77.5,986.1206,2021-10
29.0,76.7,987.794,2021-11
29.0,76.8,988.04846,2021-11
29.0,76.8,988.0775,2021-11
29.0,76.9,988.67993,2021-11
29.0,77.0,989.53186,2021-11
29.0,77.1,988.6339,2021-11
29.0,77.2,987.5888,2021-11
29.0,77.3,987.7591,2021-11
29.0,77.5,987.95935,2021-11
28.9,76.7,988.27515,2021-11
28.9,76.8,988.577,2021-11
28.9,76.8,988.3886,2021-11
28.9,76.9,988.7866,2021-11
28.9,77.0,989.5007,2021-11
28.9,77.1,989.41547,2021-11
28.9,77.2,988.81866,2021-11
28.9,77.3,988.4911,2021-11
28.9,77.5,988.21375,2021-11
28.8,76.7,988.0855,2021-11
28.8,76.8,988.33765,2021-11
28.8,76.8,988.4615,2021-11
28.8,76.9,988.821,2021-11
28.8,77.0,989.2582,2021-11
28.8,77.1,989.1927,2021-11
28.8,77.2,988.8856,2021-11
28.8,77.3,988.6686,2021-11
28.8,77.5,988.49274,2021-11
28.6,76.7,987.67316,2021-11
28.6,76.8,987.7761,2021-11
28.6,76.8,988.6791,2021-11
28.6,76.9,989.5679,2021-11
28.6,77.0,989.5408,2021-11
28.6,77.1,989.0105,2021-11
28.6,77.2,989.0076,2021-11
28.6,77.3,989.2816,2021-11
28.6,77.5,989.20215,2021-11
28.5,76.7,987.8704,2021-11
28.5,76.8,988.50354,2021-11
28.5,76.8,989.7311,2021-11
28.5,76.9,989.8988,2021-11
28.5,77.0,988.4895,2021-11
28.5,77.1,987.38873,2021-11
28.5,77.2,988.4759,2021-11
28.5,77.3,989.8865,2021-11
28.5,77.5,989.4778,2021-11
28.4,76.7,988.0507,2021-11
28.4,76.8,989.1725,2021-11
28.4,76.8,989.8258,2021-11
28.4,76.9,988.6533,2021-11
28.4,77.0,986.1124,2021-11
28.4,77.1,985.3084,2021-11
28.4,77.2,987.7106,2021-11
28.4,77.3,990.17847,2021-11
28.4,77.5,989.99384,2021-11
28.3,76.7,987.6999,2021-11
28.3,76.8,988.0519,2021-11
28.3,76.8,987.5366,2021-11
28.3,76.9,986.4776,2021-11
28.3,77.0,985.70294,2021-11
28.3,77.1,986.28204,2021-11
28.3,77.2,988.4459,2021-11
28.3,77.3,990.5758,2021-11
28.3,77.5,990.8476,2021-11
28.3,76.7,987.1439,2021-11
28.3,76.8,985.9972,2021-11
28.3,76.8,984.60657,2021-11
28.3,76.9,985.4371,2021-11
28.3,77.0,987.6801,2021-11
28.3,77.1,989.1524,2021-11
28.3,77.2,989.85504,2021-11
28.3,77.3,990.4354,2021-11
28.3,77.5,990.54755,2021-11
29.0,76.7,991.9286,2021-12
29.0,76.8,992.17596,2021-12
29.0,76.8,992.1955,2021-12
29.0,76.9,992.80066,2021-12
29.0,77.0,993.66064,2021-12
29.0,77.1,992.72943,2021-12
29.0,77.2,991.6484,2021-12
29.0,77.3,991.8131,2021-12
29.0,77.5,992.006,2021-12
28.9,76.7,992.4195,2021-12
28.9,76.8,992.72095,2021-12
28.9,76.8,992.51697,2021-12
28.9,76.9,992.9118,2021-12
28.9,77.0,993.6275,2021-12
28.9,77.1,993.5281,2021-12
28.9,77.2,992.90405,2021-12
28.9,77.3,992.5571,2021-12
28.9,77.5,992.26294,2021-12
28.8,76.7,992.225,2021-12
28.8,76.8,992.4754,2021-12
28.8,76.8,992.5933,2021-12
28.8,76.9,992.9462,2021-12
28.8,77.0,993.3787,2021-12
28.8,77.1,993.2965,2021-12
28.8,77.2,992.9716,2021-12
28.8,77.3,992.73615,2021-12
28.8,77.5,992.5418,2021-12
28.6,76.7,991.8004,2021-12
28.6,76.8,991.8986,2021-12
28.6,76.8,992.8111,2021-12
28.6,76.9,993.70416,2021-12
28.6,77.0,993.66205,2021-12
28.6,77.1,993.10754,2021-12
28.6,77.2,993.09,2021-12
28.6,77.3,993.3571,2021-12
28.6,77.5,993.2607,2021-12
28.5,76.7,991.9989,2021-12
28.5,76.8,992.6369,2021-12
28.5,76.8,993.88086,2021-12
28.5,76.9,994.03735,2021-12
28.5,77.0,992.5809,2021-12
28.5,77.1,991.44446,2021-12
28.5,77.2,992.54,2021-12
28.5,77.3,993.9672,2021-12
28.5,77.5,993.5388,2021-12
28.4,76.7,992.17883,2021-12
28.4,76.8,993.31757,2021-12
28.4,76.8,993.9754,2021-12
28.4,76.9,992.76166,2021-12
28.4,77.0,990.1486,2021-12
28.4,77.1,989.31274,2021-12
28.4,77.2,991.7542,2021-12
28.4,77.3,994.261,2021-12
28.4,77.5,994.05963,2021-12
28.3,76.7,991.81726,2021-12
28.3,76.8,992.1695,2021-12
28.3,76.8,991.6308,2021-12
28.3,76.9,990.53284,2021-12
28.3,77.0,989.7255,2021-12
28.3,77.1,990.3049,2021-12
28.3,77.2,992.50134,2021-12
28.3,77.3,994.6633,2021-12
28.3,77.5,994.92633,2021-12
28.3,76.7,991.24756,2021-12
28.3,76.8,990.064,2021-12
28.3,76.8,988.6317,2021-12
28.3,76.9,989.4663,2021-12
28.3,77.0,991.74335,2021-12
28.3,77.1,993.23254,2021-12
28.3,77.2,993.9361,2021-12
28.3,77.3,994.5141,2021-12
28.3,77.5,994.6152,2021-12
29.0,76.7,989.7456,2022-01
29.0,76.8,990.00775,2022-01
29.0,76.8,990.0388,2022-01
29.0,76.9,990.658,2022-01
29.0,77.0,991.53186,2022-01
29.0,77.1,990.60565,2022-01
29.0,77.2,989.53455,2022-01
29.0,77.3,989.7122,2022-01
29.0,77.5,989.918,2022-01
28.9,76.7,990.24615,2022-01
28.9,76.8,990.5567,2022-01
28.9,76.8,990.3639,2022-01
28.9,76.9,990.77106,2022-01
28.9,77.0,991.4979,2022-01
28.9,77.1,991.40576,2022-01
28.9,77.2,990.79285,2022-01
28.9,77.3,990.45685,2022-01
28.9,77.5,990.17224,2022-01
28.8,76.7,990.0584,2022-01
28.8,76.8,990.3172,2022-01
28.8,76.8,990.44257,2022-01
28.8,76.9,990.8056,2022-01
28.8,77.0,991.2474,2022-01
28.8,77.1,991.1757,2022-01
28.8,77.2,990.8593,2022-01
28.8,77.3,990.6352,2022-01
28.8,77.5,990.4544,2022-01
28.6,76.7,989.64264,2022-01
28.6,76.8,989.7467,2022-01
28.6,76.8,990.671,2022-01
28.6,76.9,991.5764,2022-01
28.6,77.0,991.5426,2022-01
28.6,77.1,990.9951,2022-01
28.6,77.2,990.99,2022-01
28.6,77.3,991.2695,2022-01
28.6,77.5,991.187,2022-01
28.5,76.7,989.85004,2022-01
28.5,76.8,990.4996,2022-01
28.5,76.8,991.7574,2022-01
28.5,76.9,991.9218,2022-01
28.5,77.0,990.4699,2022-01
28.5,77.1,989.337,2022-01
28.5,77.2,990.4502,2022-01
28.5,77.3,991.89734,2022-01
28.5,77.5,991.47833,2022-01
28.4,76.7,990.0413,2022-01
28.4,76.8,991.1928,2022-01
28.4,76.8,991.86176,2022-01
28.4,76.9,990.6507,2022-01
28.4,77.0,988.03394,2022-01
28.4,77.1,987.2052,2022-01
28.4,77.2,989.67053,2022-01
28.4,77.3,992.20404,2022-01
28.4,77.5,992.01404,2022-01
28.3,76.7,989.68304,2022-01
28.3,76.8,990.0451,2022-01
28.3,76.8,989.51166,2022-01
28.3,76.9,988.4168,2022-01
28.3,77.0,987.6149,2022-01
28.3,77.1,988.2082,2022-01
28.3,77.2,990.4273,2022-01
28.3,77.3,992.61255,2022-01
28.3,77.5,992.89044,2022-01
28.3,76.7,989.11523,2022-01
28.3,76.8,987.93414,2022-01
28.3,76.8,986.50134,2022-01
28.3,76.9,987.3509,2022-01
28.3,77.0,989.6505,2022-01
28.3,77.1,991.1591,2022-01
28.3,77.2,991.8776,2022-01
28.3,77.3,992.4698,2022-01
28.3,77.5,992.5832,2022-01
29.0,76.7,987.1048,2022-02
29.0,76.8,987.3707,2022-02
29.0,76.8,987.4094,2022-02
29.0,76.9,988.0319,2022-02
29.0,77.0,988.9057,2022-02
29.0,77.1,988.0009,2022-02
29.0,77.2,986.9503,2022-02
29.0,77.3,987.13336,2022-02
29.0,77.5,987.3444,2022-02
28.9,76.7,987.58435,2022-02
28.9,76.8,987.9006,2022-02
28.9,76.8,987.718,2022-02
28.9,76.9,988.1325,2022-02
28.9,77.0,988.8589,2022-02
28.9,77.1,988.778,2022-02
28.9,77.2,988.18115,2022-02
28.9,77.3,987.8574,2022-02
28.9,77.5,987.584,2022-02
28.8,76.7,987.3825,2022-02
28.8,76.8,987.64935,2022-02
28.8,76.8,987.78516,2022-02
28.8,76.9,988.1541,2022-02
28.8,77.0,988.5991,2022-02
28.8,77.1,988.5371,2022-02
28.8,77.2,988.23505,2022-02
28.8,77.3,988.0231,2022-02
28.8,77.5,987.85205,2022-02
28.6,76.7,986.9561,2022-02
28.6,76.8,987.073,2022-02
28.6,76.8,987.99896,2022-02
28.6,76.9,988.90607,2022-02
28.6,77.0,988.8832,2022-02
28.6,77.1,988.3512,2022-02
28.6,77.2,988.355,2022-02
28.6,77.3,988.641,2022-02
28.6,77.5,988.5689,2022-02
28.5,76.7,987.1488,2022-02
28.5,76.8,987.8024,2022-02
28.5,76.8,989.0577,2022-02
28.5,76.9,989.2345,2022-02
28.5,77.0,987.8162,2022-02
28.5,77.1,986.7075,2022-02
28.5,77.2,987.8166,2022-02
28.5,77.3,989.2543,2022-02
28.5,77.5,988.8508,2022-02
28.4,76.7,987.32336,2022-02
28.4,76.8,988.4736,2022-02
28.4,76.8,989.14667,2022-02
28.4,76.9,987.96625,2022-02
28.4,77.0,985.40247,2022-02
28.4,77.1,984.59515,2022-02
28.4,77.2,987.03937,2022-02
28.4,77.3,989.54865,2022-02
28.4,77.5,989.37256,2022-02
28.3,76.7,986.95825,2022-02
28.3,76.8,987.3274,2022-02
28.3,76.8,986.8164,2022-02
28.3,76.9,985.75183,2022-02
28.3,77.0,984.9749,2022-02
28.3,77.1,985.571,2022-02
28.3,77.2,987.7725,2022-02
28.3,77.3,989.93976,2022-02
28.3,77.5,990.2237,2022-02
28.3,76.7,986.38794,2022-02
28.3,76.8,985.2363,2022-02
28.3,76.8,983.8374,2022-02
28.3,76.9,984.6877,2022-02
28.3,77.0,986.9673,2022-02
28.3,77.1,988.4661,2022-02
28.3,77.2,989.18787,2022-02
28.3,77.3,989.78406,2022-02
28.3,77.5,989.9057,2022-02
29.0,76.7,983.86334,2022-03
29.0,76.8,984.09735,2022-03
29.0,76.8,984.1125,2022-03
29.0,76.9,984.69336,2022-03
29.0,77.0,985.51624,2022-03
29.0,77.1,984.6219,2022-03
29.0,77.2,983.58435,2022-03
29.0,77.3,983.7366,2022-03
29.0,77.5,983.9176,2022-03
28.9,76.7,984.339,2022-03
28.9,76.8,984.6254,2022-03
28.9,76.8,984.42706,2022-03
28.9,76.9,984.8064,2022-03
28.9,77.0,985.4904,2022-03
28.9,77.1,985.3917,2022-03
28.9,77.2,984.79156,2022-03
28.9,77.3,984.4562,2022-03
28.9,77.5,984.1688,2022-03
28.8,76.7,984.157,2022-03
28.8,76.8,984.3969,2022-03
28.8,76.8,984.50775,2022-03
28.8,76.9,984.8449,2022-03
28.8,77.0,985.2572,2022-03
28.8,77.1,985.17694,2022-03
28.8,77.2,984.8621,2022-03
28.8,77.3,984.63324,2022-03
28.8,77.5,984.446,2022-03
28.6,76.7,983.75653,2022-03
28.6,76.8,983.84894,2022-03
28.6,76.8,984.7234,2022-03
28.6,76.9,985.5821,2022-03
28.6,77.0,985.5417,2022-03
28.6,77.1,985.00775,2022-03
28.6,77.2,984.98773,2022-03
28.6,77.3,985.24347,2022-03
28.6,77.5,985.1542,2022-03
28.5,76.7,983.9529,2022-03
28.5,76.8,984.5618,2022-03
28.5,76.8,985.75305,2022-03
28.5,76.9,985.9074,2022-03
28.5,77.0,984.5183,2022-03
28.5,77.1,983.42725,2022-03
28.5,77.2,984.47815,2022-03
28.5,77.3,985.8503,2022-03
28.5,77.5,985.4409,2022-03
28.4,76.7,984.1277,2022-03
28.4,76.8,985.2176,2022-03
28.4,76.8,985.8462,2022-03
28.4,76.9,984.6889,2022-03
28.4,77.0,982.19055,2022-03
28.4,77.1,981.39404,2022-03
28.4,77.2,983.73846,2022-03
28.4,77.3,986.1467,2022-03
28.4,77.5,985.9571,2022-03
28.3,76.7,983.77924,2022-03
28.3,76.8,984.11316,2022-03
28.3,76.8,983.5964,2022-03
28.3,76.9,982.55133,2022-03
28.3,77.0,981.7809,2022-03
28.3,77.1,982.33936,2022-03
28.3,77.2,984.4522,2022-03
28.3,77.3,986.53064,2022-03
28.3,77.5,986.78723,2022-03
28.3,76.7,983.2351,2022-03
28.3,76.8,982.0958,2022-03
28.3,76.8,980.72363,2022-03
28.3,76.9,981.5246,2022-03
28.3,77.0,983.7069,2022-03
28.3,77.1,985.13837,2022-03
28.3,77.2,985.8216,2022-03
28.3,77.3,986.38635,2022-03
28.3,77.5,986.4889,2022-03
29.0,76.7,979.559,2022-04
29.0,76.8,979.80286,2022-04
29.0,76.8,979.8347,2022-04
29.0,76.9,980.4224,2022-04
29.0,77.0,981.24713,2022-04
29.0,77.1,980.3875,2022-04
29.0,77.2,979.3865,2022-04
29.0,77.3,979.55054,2022-04
29.0,77.5,979.74097,2022-04
28.9,76.7,980.02454,2022-04
28.9,76.8,980.3151,2022-04
28.9,76.8,980.1376,2022-04
28.9,76.9,980.5277,2022-04
28.9,77.0,981.2087,2022-04
28.9,77.1,981.1258,2022-04
28.9,77.2,980.55554,2022-04
28.9,77.3,980.24164,2022-04
28.9,77.5,979.9751,2022-04
28.8,76.7,979.852,2022-04
28.8,76.8,980.0932,2022-04
28.8,76.8,980.2119,2022-04
28.8,76.9,980.5528,2022-04
28.8,77.0,980.9697,2022-04
28.8,77.1,980.90424,2022-04
28.8,77.2,980.6114,2022-04
28.8,77.3,980.404,2022-04
28.8,77.5,980.2349,2022-04
28.6,76.7,979.47284,2022-04
28.6,76.8,979.5684,2022-04
28.6,76.8,980.425,2022-04
28.6,76.9,981.269,2022-04
28.6,77.0,981.24054,2022-04
28.6,77.1,980.7321,2022-04
28.6,77.2,980.72845,2022-04
28.6,77.3,980.9911,2022-04
28.6,77.5,980.91486,2022-04
28.5,76.7,979.6733,2022-04
28.5,76.8,980.26953,2022-04
28.5,76.8,981.4359,2022-04
28.5,76.9,981.58966,2022-04
28.5,77.0,980.2389,2022-04
28.5,77.1,979.1842,2022-04
28.5,77.2,980.22406,2022-04
28.5,77.3,981.5738,2022-04
28.5,77.5,981.1852,2022-04
28.4,76.7,979.85114,2022-04
28.4,76.8,980.9151,2022-04
28.4,76.8,981.53204,2022-04
28.4,76.9,980.40466,2022-04
28.4,77.0,977.972,2022-04
28.4,77.1,977.19696,2022-04
28.4,77.2,979.4945,2022-04
28.4,77.3,981.8551,2022-04
28.4,77.5,981.68024,2022-04
28.3,76.7,979.5157,2022-04
28.3,76.8,979.84314,2022-04
28.3,76.8,979.34296,2022-04
28.3,76.9,978.32526,2022-04
28.3,77.0,977.5751,2022-04
28.3,77.1,978.1225,2022-04
28.3,77.2,980.19244,2022-04
28.3,77.3,982.23114,2022-04
28.3,77.5,982.4932,2022-04
28.3,76.7,978.993,2022-04
28.3,76.8,977.88116,2022-04
28.3,76.8,976.5409,2022-04
28.3,76.9,977.3256,2022-04
28.3,77.0,979.4577,2022-04
28.3,77.1,980.8581,2022-04
28.3,77.2,981.53143,2022-04
28.3,77.3,982.0911,2022-04
28.3,77.5,982.20123,2022-04
29.0,76.7,975.0014,2022-05
29.0,76.8,975.3053,2022-05
29.0,76.8,975.3981,2022-05
29.0,76.9,976.03766,2022-05
29.0,77.0,976.91113,2022-05
29.0,77.1,976.1174,2022-05
29.0,77.2,975.1842,2022-05
29.0,77.3,975.4008,2022-05
29.0,77.5,975.6447,2022-05
28.9,76.7,975.4311,2022-05
28.9,76.8,975.7717,2022-05
28.9,76.8,975.65625,2022-05
28.9,76.9,976.1005,2022-05
28.9,77.0,976.82983,2022-05
28.9,77.1,976.80536,2022-05
28.9,77.2,976.2967,2022-05
28.9,77.3,976.04346,2022-05
28.9,77.5,975.8339,2022-05
28.8,76.7,975.23444,2022-05
28.8,76.8,975.52234,2022-05
28.8,76.8,975.69293,2022-05
28.8,76.9,976.0846,2022-05
28.8,77.0,976.55225,2022-05
28.8,77.1,976.54614,2022-05
28.8,77.2,976.3116,2022-05
28.8,77.3,976.16254,2022-05
28.8,77.5,976.05194,2022-05
28.6,76.7,974.8271,2022-05
28.6,76.8,974.96924,2022-05
28.6,76.8,975.8679,2022-05
28.6,76.9,976.76166,2022-05
28.6,77.0,976.79175,2022-05
28.6,77.1,976.3466,2022-05
28.6,77.2,976.39954,2022-05
28.6,77.3,976.7169,2022-05
28.6,77.5,976.70026,2022-05
28.5,76.7,974.99115,2022-05
28.5,76.8,975.6271,2022-05
28.5,76.8,976.8283,2022-05
28.5,76.9,977.0453,2022-05
28.5,77.0,975.77325,2022-05
28.5,77.1,974.78973,2022-05
28.5,77.2,975.8735,2022-05
28.5,77.3,977.267,2022-05
28.5,77.5,976.9433,2022-05
28.4,76.7,975.13324,2022-05
28.4,76.8,976.23065,2022-05
28.4,76.8,976.89044,2022-05
28.4,76.9,975.8438,2022-05
28.4,77.0,973.5024,2022-05
28.4,77.1,972.8007,2022-05
28.4,77.2,975.1293,2022-05
28.4,77.3,977.5215,2022-05
28.4,77.5,977.40784,2022-05
28.3,76.7,974.7808,2022-05
28.3,76.8,975.14996,2022-05
28.3,76.8,974.7099,2022-05
28.3,76.9,973.7668,2022-05
28.3,77.0,973.09045,2022-05
28.3,77.1,973.6919,2022-05
28.3,77.2,975.79553,2022-05
28.3,77.3,977.8685,2022-05
28.3,77.5,978.1857,2022-05
28.3,76.7,974.2417,2022-05
28.3,76.8,973.1915,2022-05
28.3,76.8,971.92346,2022-05
28.3,76.9,972.7584,2022-05
28.3,77.0,974.92816,2022-05
28.3,77.1,976.37396,2022-05
28.3,77.2,977.09753,2022-05
28.3,77.3,977.70624,2022-05
28.3,77.5,977.87225,2022-05
29.0,76.7,973.7948,2022-06
29.0,76.8,974.05206,2022-06
29.0,76.8,974.0993,2022-06
29.0,76.9,974.69495,2022-06
29.0,77.0,975.5232,2022-06
29.0,77.1,974.68933,2022-06
29.0,77.2,973.7218,2022-06
29.0,77.3,973.8987,2022-06
29.0,77.5,974.1034,2022-06
28.9,76.7,974.2597,2022-06
28.9,76.8,974.55286,2022-06
28.9,76.8,974.3958,2022-06
28.9,76.9,974.7936,2022-06
28.9,77.0,975.47455,2022-06
28.9,77.1,975.40686,2022-06
28.9,77.2,974.8606,2022-06
28.9,77.3,974.56824,2022-06
28.9,77.5,974.3219,2022-06
28.8,76.7,974.1007,2022-06
28.8,76.8,974.34064,2022-06
28.8,76.8,974.46594,2022-06
28.8,76.9,974.8115,2022-06
28.8,77.0,975.23175,2022-06
28.8,77.1,975.18176,2022-06
28.8,77.2,974.9087,2022-06
28.8,77.3,974.71875,2022-06
28.8,77.5,974.5692,2022-06
28.6,76.7,973.73267,2022-06
28.6,76.8,973.8323,2022-06
28.6,76.8,974.6821,2022-06
28.6,76.9,975.5211,2022-06
28.6,77.0,975.5047,2022-06
28.6,77.1,975.01794,2022-06
28.6,77.2,975.0294,2022-06
28.6,77.3,975.304,2022-06
28.6,77.5,975.2421,2022-06
28.5,76.7,973.9386,2022-06
28.5,76.8,974.5317,2022-06
28.5,76.8,975.68585,2022-06
28.5,76.9,975.84656,2022-06
28.5,77.0,974.53015,2022-06
28.5,77.1,973.5039,2022-06
28.5,77.2,974.5388,2022-06
28.5,77.3,975.8783,2022-06
28.5,77.5,975.5099,2022-06
28.4,76.7,974.1191,2022-06
28.4,76.8,975.1741,2022-06
28.4,76.8,975.7881,2022-06
28.4,76.9,974.6898,2022-06
28.4,77.0,972.30634,2022-06
28.4,77.1,971.5561,2022-06
28.4,77.2,973.8273,2022-06
28.4,77.3,976.1596,2022-06
28.4,77.5,976.00055,2022-06
28.3,76.7,973.79315,2022-06
28.3,76.8,974.1233,2022-06
28.3,76.8,973.6384,2022-06
28.3,76.9,972.64703,2022-06
28.3,77.0,971.92065,2022-06
28.3,77.1,972.4706,2022-06
28.3,77.2,974.51465,2022-06
28.3,77.3,976.52966,2022-06
28.3,77.5,976.7992,2022-06
28.3,76.7,973.279,2022-06
28.3,76.8,972.1943,2022-06
28.3,76.8,970.8868,2022-06
28.3,76.9,971.6684,2022-06
28.3,77.0,973.77545,2022-06
28.3,77.1,975.1635,2022-06
28.3,77.2,975.8342,2022-06
28.3,77.3,976.3941,2022-06
28.3,77.5,976.51483,2022-06
29.0,76.7,975.2862,2022-07
29.0,76.8,975.5703,2022-07
29.0,76.8,975.6424,2022-07
29.0,76.9,976.26355,2022-07
29.0,77.0,977.1174,2022-07
29.0,77.1,976.2915,2022-07
29.0,77.2,975.3364,2022-07
29.0,77.3,975.53564,2022-07
29.0,77.5,975.76227,2022-07
28.9,76.7,975.72766,2022-07
28.9,76.8,976.0408,2022-07
28.9,76.8,975.9038,2022-07
28.9,76.9,976.32526,2022-07
28.9,77.0,977.0274,2022-07
28.9,77.1,976.9726,2022-07
28.9,77.2,976.44147,2022-07
28.9,77.3,976.1659,2022-07
28.9,77.5,975.9399,2022-07
28.8,76.7,975.53906,2022-07
28.8,76.8,975.796,2022-07
28.8,76.8,975.9396,2022-07
28.8,76.9,976.3045,2022-07
28.8,77.0,976.7426,2022-07
28.8,77.1,976.70715,2022-07
28.8,77.2,976.4505,2022-07
28.8,77.3,976.2797,2022-07
28.8,77.5,976.1469,2022-07
28.6,76.7,975.121,2022-07
28.6,76.8,975.2416,2022-07
28.6,76.8,976.12476,2022-07
28.6,76.9,976.9946,2022-07
28.6,77.0,976.99457,2022-07
28.6,77.1,976.51984,2022-07
28.6,77.2,976.5499,2022-07
28.6,77.3,976.8426,2022-07
28.6,77.5,976.79486,2022-07
28.5,76.7,975.2859,2022-07
28.5,76.8,975.9141,2022-07
28.5,76.8,977.1076,2022-07
28.5,76.9,977.2936,2022-07
28.5,77.0,975.9857,2022-07
28.5,77.1,974.96814,2022-07
28.5,77.2,976.0312,2022-07
28.5,77.3,977.39606,2022-07
28.5,77.5,977.03723,2022-07
28.4,76.7,975.4357,2022-07
28.4,76.8,976.52795,2022-07
28.4,76.8,977.1757,2022-07
28.4,76.9,976.0913,2022-07
28.4,77.0,973.70825,2022-07
28.4,77.1,972.97235,2022-07
28.4,77.2,975.27997,2022-07
28.4,77.3,977.64716,2022-07
28.4,77.5,977.4989,2022-07
28.3,76.7,975.0674,2022-07
28.3,76.8,975.42786,2022-07
28.3,76.8,974.96564,2022-07
28.3,76.9,973.98816,2022-07
28.3,77.0,973.2781,2022-07
28.3,77.1,973.856,2022-07
28.3,77.2,975.9348,2022-07
28.3,77.3,977.9808,2022-07
28.3,77.5,978.2652,2022-07
28.3,76.7,974.51166,2022-07
28.3,76.8,973.43945,2022-07
28.3,76.8,972.14215,2022-07
28.3,76.9,972.9596,2022-07
28.3,77.0,975.1152,2022-07
28.3,77.1,976.5389,2022-07
28.3,77.2,977.2296,2022-07
28.3,77.3,977.80365,2022-07
28.3,77.5,977.9366,2022-07
29.0,76.7,976.04913,2022-08
29.0,76.8,976.31744,2022-08
29.0,76.8,976.3721,2022-08
29.0,76.9,976.9742,2022-08
29.0,77.0,977.8129,2022-08
29.0,77.1,976.96924,2022-08
29.0,77.2,975.99445,2022-08
29.0,77.3,976.17896,2022-08
29.0,77.5,976.3884,2022-08
28.9,76.7,976.50226,2022-08
28.9,76.8,976.8042,2022-08
28.9,76.8,976.6487,2022-08
28.9,76.9,977.0527,2022-08
28.9,77.0,977.7418,2022-08
28.9,77.1,977.673,2022-08
28.9,77.2,977.12384,2022-08
28.9,77.3,976.83264,2022-08
28.9,77.5,976.58777,2022-08
28.8,76.7,976.32214,2022-08
28.8,76.8,976.5679,2022-08
28.8,76.8,976.69885,2022-08
28.8,76.9,977.0509,2022-08
28.8,77.0,977.47614,2022-08
28.8,77.1,977.4264,2022-08
28.8,77.2,977.1522,2022-08
28.8,77.3,976.9649,2022-08
28.8,77.5,976.8166,2022-08
28.6,76.7,975.917,2022-08
28.6,76.8,976.02637,2022-08
28.6,76.8,976.8987,2022-08
28.6,76.9,977.7573,2022-08
28.6,77.0,977.74335,2022-08
28.6,77.1,977.25104,2022-08
28.6,77.2,977.26544,2022-08
28.6,77.3,977.5444,2022-08
28.6,77.5,977.4832,2022-08
28.5,76.7,976.09686,2022-08
28.5,76.8,976.7121,2022-08
28.5,76.8,977.8965,2022-08
28.5,76.9,978.0708,2022-08
28.5,77.0,976.74133,2022-08
28.5,77.1,975.706,2022-08
28.5,77.2,976.7579,2022-08
28.5,77.3,978.11536,2022-08
28.5,77.5,977.7424,2022-08
28.4,76.7,976.25916,2022-08
28.4,76.8,977.34247,2022-08
28.4,76.8,977.9797,2022-08
28.4,76.9,976.8756,2022-08
28.4,77.0,974.4683,2022-08
28.4,77.1,973.71674,2022-08
28.4,77.2,976.02026,2022-08
28.4,77.3,978.3855,2022-08
28.4,77.5,978.22296,2022-08
28.3,76.7,975.9012,2022-08
28.3,76.8,976.25073,2022-08
28.3,76.8,975.77185,2022-08
28.3,76.9,974.7762,2022-08
28.3,77.0,974.0516,2022-08
28.3,77.1,974.6196,2022-08
28.3,77.2,976.6949,2022-08
28.3,77.3,978.7378,2022-08
28.3,77.5,979.0107,2022-08
28.3,76.7,975.3531,2022-08
28.3,76.8,974.26605,2022-08
28.3,76.8,972.9506,2022-08
28.3,76.9,973.7574,2022-08
28.3,77.0,975.91205,2022-08
28.3,77.1,977.3297,2022-08
28.3,77.2,978.0118,2022-08
28.3,77.3,978.5766,2022-08
28.3,77.5,978.6987,2022-08
29.0,76.7,978.9861,2022-09
29.0,76.8,979.1927,2022-09
29.0,76.8,979.27466,2022-09
29.0,76.9,979.74915,2022-09
29.0,77.0,980.59705,2022-09
29.0,77.1,979.81995,2022-09
29.0,77.2,979.0052,2022-09
29.0,77.3,979.0569,2022-09
29.0,77.5,979.2483,2022-09
28.9,76.7,979.47284,2022-09
28.9,76.8,979.69965,2022-09
28.9,76.8,979.56976,2022-09
28.9,76.9,979.9073,2022-09
28.9,77.0,980.5687,2022-09
28.9,77.1,980.5251,2022-09
28.9,77.2,980.01074,2022-09
28.9,77.3,979.6854,2022-09
28.9,77.5,979.4696,2022-09
28.8,76.7,979.3586,2022-09
28.8,76.8,979.5615,2022-09
28.8,76.8,979.6777,2022-09
28.8,76.9,980.0179,2022-09
28.8,77.0,980.352,2022-09
28.8,77.1,980.2702,2022-09
28.8,77.2,980.0107,2022-09
28.8,77.3,979.8104,2022-09
28.8,77.5,979.67535,2022-09
28.6,76.7,978.92914,2022-09
28.6,76.8,979.0833,2022-09
28.6,76.8,979.8986,2022-09
28.6,76.9,980.66736,2022-09
28.6,77.0,980.639,2022-09
28.6,77.1,980.15607,2022-09
28.6,77.2,980.20154,2022-09
28.6,77.3,980.36743,2022-09
28.6,77.5,980.31903,2022-09
28.5,76.7,979.2134,2022-09
28.5,76.8,979.68463,2022-09
28.5,76.8,980.72675,2022-09
28.5,76.9,980.8082,2022-09
28.5,77.0,979.60504,2022-09
28.5,77.1,978.6743,2022-09
28.5,77.2,979.5921,2022-09
28.5,77.3,980.9408,2022-09
28.5,77.5,980.5948,2022-09
28.4,76.7,979.32855,2022-09
28.4,76.8,980.1749,2022-09
28.4,76.8,980.68463,2022-09
28.4,76.9,979.495,2022-09
28.4,77.0,977.34174,2022-09
28.4,77.1,976.51416,2022-09
28.4,77.2,978.6925,2022-09
28.4,77.3,981.36487,2022-09
28.4,77.5,981.0751,2022-09
28.3,76.7,978.9021,2022-09
28.3,76.8,979.0031,2022-09
28.3,76.8,978.51227,2022-09
28.3,76.9,977.4741,2022-09
28.3,77.0,976.6096,2022-09
28.3,77.1,977.36597,2022-09
28.3,77.2,979.5187,2022-09
28.3,77.3,981.56555,2022-09
28.3,77.5,981.8701,2022-09
28.3,76.7,978.17523,2022-09
28.3,76.8,977.13513,2022-09
28.3,76.8,975.7823,2022-09
28.3,76.9,976.47925,2022-09
28.3,77.0,978.5794,2022-09
28.3,77.1,980.07715,2022-09
28.3,77.2,980.81476,2022-09
28.3,77.3,981.4089,2022-09
28.3,77.5,981.6228,2022-09
29.0,76.7,985.30475,2022-10
29.0,76.8,985.4966,2022-10
29.0,76.8,985.5619,2022-10
29.0,76.9,986.0323,2022-10
29.0,77.0,986.8834,2022-10
29.0,77.1,986.0799,2022-10
29.0,77.2,985.2342,2022-10
29.0,77.3,985.2839,2022-10
29.0,77.5,985.471,2022-10
28.9,76.7,985.811,2022-10
28.9,76.8,986.0346,2022-10
28.9,76.8,985.88684,2022-10
28.9,76.9,986.21497,2022-10
28.9,77.0,986.88434,2022-10
28.9,77.1,986.82916,2022-10
28.9,77.2,986.29224,2022-10
28.9,77.3,985.94934,2022-10
28.9,77.5,985.72186,2022-10
28.8,76.7,985.6985,2022-10
28.8,76.8,985.90356,2022-10
28.8,76.8,986.0158,2022-10
28.8,76.9,986.3554,2022-10
28.8,77.0,986.6879,2022-10
28.8,77.1,986.5955,2022-10
28.8,77.2,986.3188,2022-10
28.8,77.3,986.10333,2022-10
28.8,77.5,985.9565,2022-10
28.6,76.7,985.2704,2022-10
28.6,76.8,985.42456,2022-10
28.6,76.8,986.25476,2022-10
28.6,76.9,987.0355,2022-10
28.6,77.0,986.9971,2022-10
28.6,77.1,986.49426,2022-10
28.6,77.2,986.5301,2022-10
28.6,77.3,986.6901,2022-10
28.6,77.5,986.6323,2022-10
28.5,76.7,985.5745,2022-10
28.5,76.8,986.05176,2022-10
28.5,76.8,987.1129,2022-10
28.5,76.9,987.1906,2022-10
28.5,77.0,985.9522,2022-10
28.5,77.1,984.9932,2022-10
28.5,77.2,985.9228,2022-10
28.5,77.3,987.2945,2022-10
28.5,77.5,986.9344,2022-10
28.4,76.7,985.7049,2022-10
28.4,76.8,986.56525,2022-10
28.4,76.8,987.08124,2022-10
28.4,76.9,985.85944,2022-10
28.4,77.0,983.6502,2022-10
28.4,77.1,982.7968,2022-10
28.4,77.2,985.0199,2022-10
28.4,77.3,987.748,2022-10
28.4,77.5,987.4453,2022-10
28.3,76.7,985.2851,2022-10
28.3,76.8,985.3851,2022-10
28.3,76.8,984.8768,2022-10
28.3,76.9,983.80975,2022-10
28.3,77.0,982.92004,2022-10
28.3,77.1,983.68744,2022-10
28.3,77.2,985.8832,2022-10
28.3,77.3,987.96985,2022-10
28.3,77.5,988.2758,2022-10
28.3,76.7,984.5529,2022-10
28.3,76.8,983.48956,2022-10
28.3,76.8,982.10486,2022-10
28.3,76.9,982.8094,2022-10
28.3,77.0,984.9553,2022-10
28.3,77.1,986.48065,2022-10
28.3,77.2,987.2275,2022-10
28.3,77.3,987.82916,2022-10
28.3,77.5,988.0397,2022-10
29.0,76.7,988.44714,2022-11
29.0,76.8,988.63214,2022-11
29.0,76.8,988.6883,2022-11
29.0,76.9,989.1497,2022-11
29.0,77.0,990.00085,2022-11
29.0,77.1,989.17316,2022-11
29.0,77.2,988.2993,2022-11
29.0,77.3,988.33044,2022-11
29.0,77.5,988.50433,2022-11
28.9,76.7,988.97345,2022-11
28.9,76.8,989.19073,2022-11
28.9,76.8,989.029,2022-11
28.9,76.9,989.3495,2022-11
28.9,77.0,990.0211,2022-11
28.9,77.1,989.9572,2022-11
28.9,77.2,989.39575,2022-11
28.9,77.3,989.0325,2022-11
28.9,77.5,988.7827,2022-11
28.8,76.7,988.8683,2022-11
28.8,76.8,989.0677,2022-11
28.8,76.8,989.1735,2022-11
28.8,76.9,989.5092,2022-11
28.8,77.0,989.83966,2022-11
28.8,77.1,989.7349,2022-11
28.8,77.2,989.44104,2022-11
28.8,77.3,989.2077,2022-11
28.8,77.5,989.0423,2022-11
28.6,76.7,988.4427,2022-11
28.6,76.8,988.5927,2022-11
28.6,76.8,989.42633,2022-11
28.6,76.9,990.21094,2022-11
28.6,77.0,990.163,2022-11
28.6,77.1,989.6396,2022-11
28.6,77.2,989.6637,2022-11
28.6,77.3,989.81213,2022-11
28.6,77.5,989.7394,2022-11
28.5,76.7,988.76556,2022-11
28.5,76.8,989.24274,2022-11
28.5,76.8,990.31165,2022-11
28.5,76.9,990.3779,2022-11
28.5,77.0,989.1052,2022-11
28.5,77.1,988.11664,2022-11
28.5,77.2,989.0504,2022-11
28.5,77.3,990.4359,2022-11
28.5,77.5,990.0545,2022-11
28.4,76.7,988.9095,2022-11
28.4,76.8,989.77515,2022-11
28.4,76.8,990.2908,2022-11
28.4,76.9,989.0348,2022-11
28.4,77.0,986.7708,2022-11
28.4,77.1,985.88855,2022-11
28.4,77.2,988.13855,2022-11
28.4,77.3,990.90356,2022-11
28.4,77.5,990.582,2022-11
28.3,76.7,988.495,2022-11
28.3,76.8,988.5868,2022-11
28.3,76.8,988.0588,2022-11
28.3,76.9,986.9599,2022-11
28.3,77.0,986.0399,2022-11
28.3,77.1,986.8075,2022-11
28.3,77.2,989.03345,2022-11
28.3,77.3,991.1447,2022-11
28.3,77.5,991.44116,2022-11
28.3,76.7,987.76166,2022-11
28.3,76.8,986.66986,2022-11
28.3,76.8,985.2479,2022-11
28.3,76.9,985.9547,2022-11
28.3,77.0,988.1263,2022-11
28.3,77.1,989.6671,2022-11
28.3,77.2,990.41473,2022-11
28.3,77.3,991.0125,2022-11
28.3,77.5,991.2143,2022-11
29.0,76.7,989.43164,2022-12
29.0,76.8,989.60095,2022-12
29.0,76.8,989.6386,2022-12
29.0,76.9,990.08685,2022-12
29.0,77.0,990.93396,2022-12
29.0,77.1,990.0696,2022-12
29.0,77.2,989.1596,2022-12
29.0,77.3,989.17194,2022-12
29.0,77.5,989.33075,2022-12
28.9,76.7,989.9788,2022-12
28.9,76.8,990.1815,2022-12
28.9,76.8,989.99524,2022-12
28.9,76.9,990.30133,2022-12
28.9,77.0,990.96875,2022-12
28.9,77.1,990.8839,2022-12
28.9,77.2,990.29395,2022-12
28.9,77.3,989.9031,2022-12
28.9,77.5,989.6306,2022-12
28.8,76.7,989.88104,2022-12
28.8,76.8,990.0658,2022-12
28.8,76.8,990.15375,2022-12
28.8,76.9,990.4776,2022-12
28.8,77.0,990.7962,2022-12
28.8,77.1,990.67096,2022-12
28.8,77.2,990.35175,2022-12
28.8,77.3,990.0949,2022-12
28.8,77.5,989.9093,2022-12
28.6,76.7,989.461,2022-12
28.6,76.8,989.59265,2022-12
28.6,76.8,990.4215,2022-12
28.6,76.9,991.1977,2022-12
28.6,77.0,991.1282,2022-12
28.6,77.1,990.57745,2022-12
28.6,77.2,990.5833,2022-12
28.6,77.3,990.717,2022-12
28.6,77.5,990.6257,2022-12
28.5,76.7,989.8014,2022-12
28.5,76.8,990.2649,2022-12
28.5,76.8,991.3333,2022-12
28.5,76.9,991.37805,2022-12
28.5,77.0,990.0542,2022-12
28.5,77.1,989.02484,2022-12
28.5,77.2,989.9603,2022-12
28.5,77.3,991.35443,2022-12
28.5,77.5,990.9487,2022-12
28.4,76.7,989.9572,2022-12
28.4,76.8,990.819,2022-12
28.4,76.8,991.3217,2022-12
28.4,76.9,990.0143,2022-12
28.4,77.0,987.681,2022-12
28.4,77.1,986.75824,2022-12
28.4,77.2,989.0351,2022-12
28.4,77.3,991.838,2022-12
28.4,77.5,991.4915,2022-12
28.3,76.7,989.54156,2022-12
28.3,76.8,989.61334,2022-12
28.3,76.8,989.05,2022-12
28.3,76.9,987.90375,2022-12
28.3,77.0,986.9426,2022-12
28.3,77.1,987.70514,2022-12
28.3,77.2,989.95306,2022-12
28.3,77.3,992.0893,2022-12
28.3,77.5,992.3745,2022-12
28.3,76.7,988.8,2022-12
28.3,76.8,987.6632,2022-12
28.3,76.8,986.1893,2022-12
28.3,76.9,986.8871,2022-12
28.3,77.0,989.07764,2022-12
28.3,77.1,990.6282,2022-12
28.3,77.2,991.3705,2022-12
28.3,77.3,991.9614,2022-12
28.3,77.5,992.1496,2022-12
29.0,76.7,991.49084,2023-01
29.0,76.8,991.6745,2023-01
29.0,76.8,991.72345,2023-01
29.0,76.9,992.18933,2023-01
29.0,77.0,993.05664,2023-01
29.0,77.1,992.1964,2023-01
29.0,77.2,991.2873,2023-01
29.0,77.3,991.3091,2023-01
29.0,77.5,991.4801,2023-01
28.9,76.7,992.02295,2023-01
28.9,76.8,992.2421,2023-01
28.9,76.8,992.06366,2023-01
28.9,76.9,992.38635,2023-01
28.9,77.0,993.073,2023-01
28.9,77.1,992.9976,2023-01
28.9,77.2,992.41406,2023-01
28.9,77.3,992.03107,2023-01
28.9,77.5,991.76654,2023-01
28.8,76.7,991.90405,2023-01
28.8,76.8,992.10333,2023-01
28.8,76.8,992.20416,2023-01
28.8,76.9,992.5444,2023-01
28.8,77.0,992.8784,2023-01
28.8,77.1,992.76227,2023-01
28.8,77.2,992.45306,2023-01
28.8,77.3,992.20575,2023-01
28.8,77.5,992.02985,2023-01
28.6,76.7,991.46045,2023-01
28.6,76.8,991.6061,2023-01
28.6,76.8,992.4578,2023-01
28.6,76.9,993.2582,2023-01
28.6,77.0,993.19995,2023-01
28.6,77.1,992.6527,2023-01
28.6,77.2,992.67096,2023-01
28.6,77.3,992.81824,2023-01
28.6,77.5,992.7397,2023-01
28.5,76.7,991.78534,2023-01
28.5,76.8,992.27,2023-01
28.5,76.8,993.3659,2023-01
28.5,76.9,993.42365,2023-01
28.5,77.0,992.0985,2023-01
28.5,77.1,991.07007,2023-01
28.5,77.2,992.0275,2023-01
28.5,77.3,993.45026,2023-01
28.5,77.5,993.0531,2023-01
28.4,76.7,991.92694,2023-01
28.4,76.8,992.8127,2023-01
28.4,76.8,993.33527,2023-01
28.4,76.9,992.02655,2023-01
28.4,77.0,989.6797,2023-01
28.4,77.1,988.76294,2023-01
28.4,77.2,991.0792,2023-01
28.4,77.3,993.9263,2023-01
28.4,77.5,993.5893,2023-01
28.3,76.7,991.48474,2023-01
28.3,76.8,991.57214,2023-01
28.3,76.8,991.01825,2023-01
28.3,76.9,989.87213,2023-01
28.3,77.0,988.9172,2023-01
28.3,77.1,989.70825,2023-01
28.3,77.2,991.9969,2023-01
28.3,77.3,994.17035,2023-01
28.3,77.5,994.4715,2023-01
28.3,76.7,990.71045,2023-01
28.3,76.8,989.5793,2023-01
28.3,76.8,988.1033,2023-01
28.3,76.9,988.82764,2023-01
28.3,77.0,991.06647,2023-01
28.3,77.1,992.6535,2023-01
28.3,77.2,993.4194,2023-01
28.3,77.3,994.03125,2023-01
28.3,77.5,994.2342,2023-01
29.0,76.7,988.06006,2023-02
29.0,76.8,988.238,2023-02
29.0,76.8,988.2837,2023-02
29.0,76.9,988.7354,2023-02
29.0,77.0,989.57886,2023-02
29.0,77.1,988.73474,2023-02
29.0,77.2,987.84326,2023-02
29.0,77.3,987.8587,2023-02
29.0,77.5,988.0187,2023-02
28.9,76.7,988.58716,2023-02
28.9,76.8,988.80133,2023-02
28.9,76.8,988.6284,2023-02
28.9,76.9,988.93854,2023-02
28.9,77.0,989.60406,2023-02
28.9,77.1,989.5266,2023-02
28.9,77.2,988.95135,2023-02
28.9,77.3,988.5714,2023-02
28.9,77.5,988.3071,2023-02
28.8,76.7,988.47687,2023-02
28.8,76.8,988.67596,2023-02
28.8,76.8,988.77606,2023-02
28.8,76.9,989.105,2023-02
28.8,77.0,989.4272,2023-02
28.8,77.1,989.30945,2023-02
28.8,77.2,989.0012,2023-02
28.8,77.3,988.75354,2023-02
28.8,77.5,988.57666,2023-02
28.6,76.7,988.0531,2023-02
28.6,76.8,988.19745,2023-02
28.6,76.8,989.03143,2023-02
28.6,76.9,989.8132,2023-02
28.6,77.0,989.7538,2023-02
28.6,77.1,989.2175,2023-02
28.6,77.2,989.22815,2023-02
28.6,77.3,989.36914,2023-02
28.6,77.5,989.2898,2023-02
28.5,76.7,988.3751,2023-02
28.5,76.8,988.85034,2023-02
28.5,76.8,989.9199,2023-02
28.5,76.9,989.98016,2023-02
28.5,77.0,988.6929,2023-02
28.5,77.1,987.6888,2023-02
28.5,77.2,988.619,2023-02
28.5,77.3,990.0067,2023-02
28.5,77.5,989.6206,2023-02
28.4,76.7,988.51776,2023-02
28.4,76.8,989.38293,2023-02
28.4,76.8,989.8949,2023-02
28.4,76.9,988.6264,2023-02
28.4,77.0,986.3452,2023-02
28.4,77.1,985.4537,2023-02
28.4,77.2,987.7124,2023-02
28.4,77.3,990.48914,2023-02
28.4,77.5,990.16144,2023-02
28.3,76.7,988.0994,2023-02
28.3,76.8,988.18713,2023-02
28.3,76.8,987.65,2023-02
28.3,76.9,986.5399,2023-02
28.3,77.0,985.609,2023-02
28.3,77.1,986.378,2023-02
28.3,77.2,988.6104,2023-02
28.3,77.3,990.73315,2023-02
28.3,77.5,991.02686,2023-02
28.3,76.7,987.36163,2023-02
28.3,76.8,986.25867,2023-02
28.3,76.8,984.82477,2023-02
28.3,76.9,985.5295,2023-02
28.3,77.0,987.703,2023-02
28.3,77.1,989.2484,2023-02
28.3,77.2,989.9984,2023-02
28.3,77.3,990.5995,2023-02
28.3,77.5,990.8004,2023-02
29.0,76.7,986.65515,2023-03
29.0,76.8,986.8445,2023-03
29.0,76.8,986.9058,2023-03
29.0,76.9,987.3729,2023-03
29.0,77.0,988.2259,2023-03
29.0,77.1,987.40894,2023-03
29.0,77.2,986.5469,2023-03
29.0,77.3,986.57947,2023-03
29.0,77.5,986.7556,2023-03
28.9,76.7,987.16364,2023-03
28.9,76.8,987.39,2023-03
28.9,76.8,987.2348,2023-03
28.9,76.9,987.56146,2023-03
28.9,77.0,988.23175,2023-03
28.9,77.1,988.17096,2023-03
28.9,77.2,987.62164,2023-03
28.9,77.3,987.2652,2023-03
28.9,77.5,987.02106,2023-03
28.8,76.7,987.0442,2023-03
28.8,76.8,987.25336,2023-03
28.8,76.8,987.36536,2023-03
28.8,76.9,987.706,2023-03
28.8,77.0,988.0373,2023-03
28.8,77.1,987.938,2023-03
28.8,77.2,987.65173,2023-03
28.8,77.3,987.4254,2023-03
28.8,77.5,987.26807,2023-03
28.6,76.7,986.60284,2023-03
28.6,76.8,986.75977,2023-03
28.6,76.8,987.59814,2023-03
28.6,76.9,988.3832,2023-03
28.6,77.0,988.3418,2023-03
28.6,77.1,987.8282,2023-03
28.6,77.2,987.85767,2023-03
28.6,77.3,988.0132,2023-03
28.6,77.5,987.9507,2023-03
28.5,76.7,986.8998,2023-03
28.5,76.8,987.3811,2023-03
28.5,76.8,988.4505,2023-03
28.5,76.9,988.52783,2023-03
28.5,77.0,987.27673,2023-03
28.5,77.1,986.30334,2023-03
28.5,77.2,987.2369,2023-03
28.5,77.3,988.62024,2023-03
28.5,77.5,988.2547,2023-03
28.4,76.7,987.01935,2023-03
28.4,76.8,987.8862,2023-03
28.4,76.8,988.40533,2023-03
28.4,76.9,987.1712,2023-03
28.4,77.0,984.9408,2023-03
28.4,77.1,984.0794,2023-03
28.4,77.2,986.323,2023-03
28.4,77.3,989.0759,2023-03
28.4,77.5,988.7684,2023-03
28.3,76.7,986.587,2023-03
28.3,76.8,986.6862,2023-03
28.3,76.8,986.1717,2023-03
28.3,76.9,985.0941,2023-03
28.3,77.0,984.1957,2023-03
28.3,77.1,984.9732,2023-03
28.3,77.2,987.1936,2023-03
28.3,77.3,989.30194,2023-03
28.3,77.5,989.60693,2023-03
28.3,76.7,985.8382,2023-03
28.3,76.8,984.76495,2023-03
28.3,76.8,983.3658,2023-03
28.3,76.9,984.07837,2023-03
28.3,77.0,986.2437,2023-03
28.3,77.1,987.7868,2023-03
28.3,77.2,988.54443,2023-03
28.3,77.3,989.1551,2023-03
28.3,77.5,989.36804,2023-03
29.0,76.7,982.94867,2023-04
29.0,76.8,983.1365,2023-04
29.0,76.8,983.19763,2023-04
29.0,76.9,983.6608,2023-04
29.0,77.0,984.5,2023-04
29.0,77.1,983.6968,2023-04
29.0,77.2,982.84924,2023-04
29.0,77.3,982.88226,2023-04
29.0,77.5,983.05365,2023-04
28.9,76.7,983.44916,2023-04
28.9,76.8,983.67224,2023-04
28.9,76.8,983.52203,2023-04
28.9,76.9,983.8443,2023-04
28.9,77.0,984.50385,2023-04
28.9,77.1,984.4453,2023-04
28.9,77.2,983.9036,2023-04
28.9,77.3,983.5525,2023-04
28.9,77.5,983.3146,2023-04
28.8,76.7,983.33093,2023-04
28.8,76.8,983.539,2023-04
28.8,76.8,983.6519,2023-04
28.8,76.9,983.98456,2023-04
28.8,77.0,984.31165,2023-04
28.8,77.1,984.21387,2023-04
28.8,77.2,983.9323,2023-04
28.8,77.3,983.71094,2023-04
28.8,77.5,983.5557,2023-04
28.6,76.7,982.9068,2023-04
28.6,76.8,983.0613,2023-04
28.6,76.8,983.8817,2023-04
28.6,76.9,984.6521,2023-04
28.6,77.0,984.6116,2023-04
28.6,77.1,984.10736,2023-04
28.6,77.2,984.13525,2023-04
28.6,77.3,984.28687,2023-04
28.6,77.5,984.2249,2023-04
28.5,76.7,983.20514,2023-04
28.5,76.8,983.67523,2023-04
28.5,76.8,984.72394,2023-04
28.5,76.9,984.7977,2023-04
28.5,77.0,983.56665,2023-04
28.5,77.1,982.60974,2023-04
28.5,77.2,983.5261,2023-04
28.5,77.3,984.8838,2023-04
28.5,77.5,984.52344,2023-04
28.4,76.7,983.3285,2023-04
28.4,76.8,984.177,2023-04
28.4,76.8,984.6862,2023-04
28.4,76.9,983.4708,2023-04
28.4,77.0,981.27545,2023-04
28.4,77.1,980.426,2023-04
28.4,77.2,982.6296,2023-04
28.4,77.3,985.3324,2023-04
28.4,77.5,985.0288,2023-04
28.3,76.7,982.911,2023-04
28.3,76.8,983.007,2023-04
28.3,76.8,982.5002,2023-04
28.3,76.9,981.43805,2023-04
28.3,77.0,980.55084,2023-04
28.3,77.1,981.3103,2023-04
28.3,77.2,983.48865,2023-04
28.3,77.3,985.5579,2023-04
28.3,77.5,985.85754,2023-04
28.3,76.7,982.1856,2023-04
28.3,76.8,981.1271,2023-04
28.3,76.8,979.7493,2023-04
28.3,76.9,980.44574,2023-04
28.3,77.0,982.5691,2023-04
28.3,77.1,984.08057,2023-04
28.3,77.2,984.82214,2023-04
28.3,77.3,985.419,2023-04
28.3,77.5,985.6278,2023-04
29.0,76.7,980.0819,2023-05
29.0,76.8,980.2738,2023-05
29.0,76.8,980.3446,2023-05
29.0,76.9,980.8119,2023-05
29.0,77.0,981.65314,2023-05
29.0,77.1,980.8706,2023-05
29.0,77.2,980.0482,2023-05
29.0,77.3,980.09644,2023-05
29.0,77.5,980.2826,2023-05
28.9,76.7,980.5759,2023-05
28.9,76.8,980.7978,2023-05
28.9,76.8,980.6586,2023-05
28.9,76.9,980.98816,2023-05
28.9,77.0,981.64825,2023-05
28.9,77.1,981.6,2023-05
28.9,77.2,981.0801,2023-05
28.9,77.3,980.7484,2023-05
28.9,77.5,980.52783,2023-05
28.8,76.7,980.465,2023-05
28.8,76.8,980.66925,2023-05
28.8,76.8,980.783,2023-05
28.8,76.9,981.1209,2023-05
28.8,77.0,981.4516,2023-05
28.8,77.1,981.36475,2023-05
28.8,77.2,981.10266,2023-05
28.8,77.3,980.89624,2023-05
28.8,77.5,980.7567,2023-05
28.6,76.7,980.0542,2023-05
28.6,76.8,980.2064,2023-05
28.6,76.8,981.0194,2023-05
28.6,76.9,981.78503,2023-05
28.6,77.0,981.752,2023-05
28.6,77.1,981.2649,2023-05
28.6,77.2,981.3065,2023-05
28.6,77.3,981.4681,2023-05
28.6,77.5,981.4143,2023-05
28.5,76.7,980.3571,2023-05
28.5,76.8,980.8244,2023-05
28.5,76.8,981.8613,2023-05
28.5,76.9,981.9382,2023-05
28.5,77.0,980.7272,2023-05
28.5,77.1,979.7921,2023-05
28.5,77.2,980.7069,2023-05
28.5,77.3,982.0551,2023-05
28.5,77.5,981.70496,2023-05
28.4,76.7,980.488,2023-05
28.4,76.8,981.3293,2023-05
28.4,76.8,981.835,2023-05
28.4,76.9,980.6376,2023-05
28.4,77.0,978.4748,2023-05
28.4,77.1,977.64026,2023-05
28.4,77.2,979.81915,2023-05
28.4,77.3,982.4958,2023-05
28.4,77.5,982.2024,2023-05
28.3,76.7,980.08276,2023-05
28.3,76.8,980.1792,2023-05
28.3,76.8,979.6806,2023-05
28.3,76.9,978.63556,2023-05
28.3,77.0,977.76245,2023-05
28.3,77.1,978.5139,2023-05
28.3,77.2,980.6703,2023-05
28.3,77.3,982.7188,2023-05
28.3,77.5,983.02,2023-05
28.3,76.7,979.3717,2023-05
28.3,76.8,978.3273,2023-05
28.3,76.8,976.9688,2023-05
28.3,76.9,977.6598,2023-05
28.3,77.0,979.7571,2023-05
28.3,77.1,981.2517,2023-05
28.3,77.2,981.9888,2023-05
28.3,77.3,982.584,2023-05
28.3,77.5,982.79486,2023-05
29.0,76.7,975.4493,2023-06
29.0,76.8,975.6381,2023-06
29.0,76.8,975.705,2023-06
29.0,76.9,976.16296,2023-06
29.0,77.0,976.9889,2023-06
29.0,77.1,976.2104,2023-06
29.0,77.2,975.39026,2023-06
29.0,77.3,975.4243,2023-06
29.0,77.5,975.59454,2023-06
28.9,76.7,975.9579,2023-06
28.9,76.8,976.17255,2023-06
28.9,76.8,976.0316,2023-06
28.9,76.9,976.3524,2023-06
28.9,77.0,976.99756,2023-06
28.9,77.1,976.94244,2023-06
28.9,77.2,976.4196,2023-06
28.9,77.3,976.0816,2023-06
28.9,77.5,975.85114,2023-06
28.8,76.7,975.8724,2023-06
28.8,76.8,976.0656,2023-06
28.8,76.8,976.1712,2023-06
28.8,76.9,976.4961,2023-06
28.8,77.0,976.81665,2023-06
28.8,77.1,976.7243,2023-06
28.8,77.2,976.4541,2023-06
28.8,77.3,976.23975,2023-06
28.8,77.5,976.0909,2023-06
28.6,76.7,975.48474,2023-06
28.6,76.8,975.62683,2023-06
28.6,76.8,976.41986,2023-06
28.6,76.9,977.1667,2023-06
28.6,77.0,977.1271,2023-06
28.6,77.1,976.6395,2023-06
28.6,77.2,976.66943,2023-06
28.6,77.3,976.8175,2023-06
28.6,77.5,976.7545,2023-06
28.5,76.7,975.8028,2023-06
28.5,76.8,976.25574,2023-06
28.5,76.8,977.26953,2023-06
28.5,76.9,977.33704,2023-06
28.5,77.0,976.1317,2023-06
28.5,77.1,975.2005,2023-06
28.5,77.2,976.09375,2023-06
28.5,77.3,977.4128,2023-06
28.5,77.5,977.0558,2023-06
28.4,76.7,975.9486,2023-06
28.4,76.8,976.77057,2023-06
28.4,76.8,977.2605,2023-06
28.4,76.9,976.07007,2023-06
28.4,77.0,973.9251,2023-06
28.4,77.1,973.09106,2023-06
28.4,77.2,975.23114,2023-06
28.4,77.3,977.8598,2023-06
28.4,77.5,977.559,2023-06
28.3,76.7,975.56,2023-06
28.3,76.8,975.6458,2023-06
28.3,76.8,975.1455,2023-06
28.3,76.9,974.104,2023-06
28.3,77.0,973.2327,2023-06
28.3,77.1,973.96344,2023-06
28.3,77.2,976.0781,2023-06
28.3,77.3,978.0874,2023-06
28.3,77.5,978.3748,2023-06
28.3,76.7,974.87415,2023-06
28.3,76.8,973.83185,2023-06
28.3,76.8,972.47815,2023-06
28.3,76.9,973.1507,2023-06
28.3,77.0,975.2104,2023-06
28.3,77.1,976.6748,2023-06
28.3,77.2,977.38934,2023-06
28.3,77.3,977.96265,2023-06
28.3,77.5,978.15796,2023-06
29.0,76.7,975.145,2023-07
29.0,76.8,975.37115,2023-07
29.0,76.8,975.4763,2023-07
29.0,76.9,975.97485,2023-07
29.0,77.0,976.8408,2023-07
29.0,77.1,976.0935,2023-07
29.0,77.2,975.30774,2023-07
29.0,77.3,975.3859,2023-07
29.0,77.5,975.5984,2023-07
28.9,76.7,975.63464,2023-07
28.9,76.8,975.8781,2023-07
28.9,76.8,975.773,2023-07
28.9,76.9,976.1317,2023-07
28.9,77.0,976.8107,2023-07
28.9,77.1,976.78925,2023-07
28.9,77.2,976.3015,2023-07
28.9,77.3,976.00244,2023-07
28.9,77.5,975.8119,2023-07
28.8,76.7,975.52783,2023-07
28.8,76.8,975.7459,2023-07
28.8,76.8,975.8834,2023-07
28.8,76.9,976.2404,2023-07
28.8,77.0,976.5941,2023-07
28.8,77.1,976.5355,2023-07
28.8,77.2,976.3009,2023-07
28.8,77.3,976.12524,2023-07
28.8,77.5,976.0143,2023-07
28.6,76.7,975.1049,2023-07
28.6,76.8,975.2768,2023-07
28.6,76.8,976.108,2023-07
28.6,76.9,976.8942,2023-07
28.6,77.0,976.8882,2023-07
28.6,77.1,976.4319,2023-07
28.6,77.2,976.5002,2023-07
28.6,77.3,976.68616,2023-07
28.6,77.5,976.65875,2023-07
28.5,76.7,975.3919,2023-07
28.5,76.8,975.8808,2023-07
28.5,76.8,976.93555,2023-07
28.5,76.9,977.041,2023-07
28.5,77.0,975.87146,2023-07
28.5,77.1,974.97235,2023-07
28.5,77.2,975.90485,2023-07
28.5,77.3,977.26447,2023-07
28.5,77.5,976.9433,2023-07
28.4,76.7,975.5134,2023-07
28.4,76.8,976.3735,2023-07
28.4,76.8,976.9009,2023-07
28.4,76.9,975.74603,2023-07
28.4,77.0,973.63385,2023-07
28.4,77.1,972.8353,2023-07
28.4,77.2,975.01904,2023-07
28.4,77.3,977.69244,2023-07
28.4,77.5,977.4263,2023-07
28.3,76.7,975.09576,2023-07
28.3,76.8,975.21704,2023-07
28.3,76.8,974.7517,2023-07
28.3,76.9,973.74603,2023-07
28.3,77.0,972.91205,2023-07
28.3,77.1,973.6839,2023-07
28.3,77.2,975.84235,2023-07
28.3,77.3,977.896,2023-07
28.3,77.5,978.21875,2023-07
28.3,76.7,974.3812,2023-07
28.3,76.8,973.36957,2023-07
28.3,76.8,972.04913,2023-07
28.3,76.9,972.7632,2023-07
28.3,77.0,974.8706,2023-07
28.3,77.1,976.37946,2023-07
28.3,77.2,977.13086,2023-07
28.3,77.3,977.7429,2023-07
28.3,77.5,977.97595,2023-07
29.0,76.7,975.5674,2023-08
29.0,76.8,975.7674,2023-08
29.0,76.8,975.8453,2023-08
29.0,76.9,976.3141,2023-08
29.0,77.0,977.1508,2023-08
29.0,77.1,976.37854,2023-08
29.0,77.2,975.5698,2023-08
29.0,77.3,975.62146,2023-08
29.0,77.5,975.81006,2023-08
28.9,76.7,976.1008,2023-08
28.9,76.8,976.3199,2023-08
28.9,76.8,976.18854,2023-08
28.9,76.9,976.51935,2023-08
28.9,77.0,977.17004,2023-08
28.9,77.1,977.12366,2023-08
28.9,77.2,976.61426,2023-08
28.9,77.3,976.2902,2023-08
28.9,77.5,976.07635,2023-08
28.8,76.7,976.04175,2023-08
28.8,76.8,976.2348,2023-08
28.8,76.8,976.3465,2023-08
28.8,76.9,976.6791,2023-08
28.8,77.0,977.0061,2023-08
28.8,77.1,976.92236,2023-08
28.8,77.2,976.6643,2023-08
28.8,77.3,976.4643,2023-08
28.8,77.5,976.3304,2023-08
28.6,76.7,975.6739,2023-08
28.6,76.8,975.82306,2023-08
28.6,76.8,976.6261,2023-08
28.6,76.9,977.384,2023-08
28.6,77.0,977.3514,2023-08
28.6,77.1,976.87213,2023-08
28.6,77.2,976.91534,2023-08
28.6,77.3,977.0779,2023-08
28.6,77.5,977.02747,2023-08
28.5,76.7,976.01697,2023-08
28.5,76.8,976.48285,2023-08
28.5,76.8,977.5101,2023-08
28.5,76.9,977.58746,2023-08
28.5,77.0,976.3913,2023-08
28.5,77.1,975.46704,2023-08
28.5,77.2,976.3748,2023-08
28.5,77.3,977.70984,2023-08
28.5,77.5,977.36536,2023-08
28.4,76.7,976.1937,2023-08
28.4,76.8,977.0277,2023-08
28.4,76.8,977.5306,2023-08
28.4,76.9,976.3482,2023-08
28.4,77.0,974.20953,2023-08
28.4,77.1,973.3861,2023-08
28.4,77.2,975.5445,2023-08
28.4,77.3,978.194,2023-08
28.4,77.5,977.90424,2023-08
28.3,76.7,975.82574,2023-08
28.3,76.8,975.92346,2023-08
28.3,76.8,975.43146,2023-08
28.3,76.9,974.39935,2023-08
28.3,77.0,973.5382,2023-08
28.3,77.1,974.28534,2023-08
28.3,77.2,976.4223,2023-08
28.3,77.3,978.4523,2023-08
28.3,77.5,978.7524,2023-08
28.3,76.7,975.16235,2023-08
28.3,76.8,974.1248,2023-08
28.3,76.8,972.7795,2023-08
28.3,76.9,973.4664,2023-08
28.3,77.0,975.54663,2023-08
28.3,77.1,977.0309,2023-08
28.3,77.2,977.7627,2023-08
28.3,77.3,978.35486,2023-08
28.3,77.5,978.56635,2023-08
29.0,76.7,978.7044,2023-09
29.0,76.8,978.9046,2023-09
29.0,76.8,978.9817,2023-09
29.0,76.9,979.4505,2023-09
29.0,77.0,980.2921,2023-09
29.0,77.1,979.5198,2023-09
29.0,77.2,978.708,2023-09
29.0,77.3,978.76166,2023-09
29.0,77.5,978.9515,2023-09
28.9,76.7,979.18805,2023-09
28.9,76.8,979.41174,2023-09
28.9,76.8,979.279,2023-09
28.9,76.9,979.60956,2023-09
28.9,77.0,980.27075,2023-09
28.9,77.1,980.228,2023-09
28.9,77.2,979.7184,2023-09
28.9,77.3,979.39496,2023-09
28.9,77.5,979.1805,2023-09
28.8,76.7,979.0722,2023-09
28.8,76.8,979.2732,2023-09
28.8,76.8,979.38995,2023-09
28.8,76.9,979.72766,2023-09
28.8,77.0,980.06024,2023-09
28.8,77.1,979.98114,2023-09
28.8,77.2,979.7247,2023-09
28.8,77.3,979.527,2023-09
28.8,77.5,979.39636,2023-09
28.6,76.7,978.6495,2023-09
28.6,76.8,978.8032,2023-09
28.6,76.8,979.61847,2023-09
28.6,76.9,980.3883,2023-09
28.6,77.0,980.3608,2023-09
28.6,77.1,979.8811,2023-09
28.6,77.2,979.92804,2023-09
28.6,77.3,980.0972,2023-09
28.6,77.5,980.05304,2023-09
28.5,76.7,978.9404,2023-09
28.5,76.8,979.41077,2023-09
28.5,76.8,980.4517,2023-09
28.5,76.9,980.54004,2023-09
28.5,77.0,979.3429,2023-09
28.5,77.1,978.41693,2023-09
28.5,77.2,979.3365,2023-09
28.5,77.3,980.6858,2023-09
28.5,77.5,980.34576,2023-09
28.4,76.7,979.06354,2023-09
28.4,76.8,979.9073,2023-09
28.4,76.8,980.4172,2023-09
28.4,76.9,979.23785,2023-09
28.4,77.0,977.0952,2023-09
28.4,77.1,976.2737,2023-09
28.4,77.2,978.4526,2023-09
28.4,77.3,981.12445,2023-09
28.4,77.5,980.84094,2023-09
28.3,76.7,978.6439,2023-09
28.3,76.8,978.74695,2023-09
28.3,76.8,978.258,2023-09
28.3,76.9,977.2283,2023-09
28.3,77.0,976.37024,2023-09
28.3,77.1,977.1304,2023-09
28.3,77.2,979.2839,2023-09
28.3,77.3,981.3316,2023-09
28.3,77.5,981.6415,2023-09
28.3,76.7,977.9221,2023-09
28.3,76.8,976.88873,2023-09
28.3,76.8,975.5428,2023-09
28.3,76.9,976.24164,2023-09
28.3,77.0,978.3446,2023-09
28.3,77.1,979.8438,2023-09
28.3,77.2,980.5842,2023-09
28.3,77.3,981.18353,2023-09
28.3,77.5,981.40094,2023-09
29.0,76.7,985.65015,2023-10
29.0,76.8,985.82996,2023-10
29.0,76.8,985.8852,2023-10
29.0,76.9,986.34436,2023-10
29.0,77.0,987.1843,2023-10
29.0,77.1,986.3745,2023-10
29.0,77.2,985.52673,2023-10
29.0,77.3,985.56384,2023-10
29.0,77.5,985.7404,2023-10
28.9,76.7,986.15875,2023-10
28.9,76.8,986.3672,2023-10
28.9,76.8,986.2092,2023-10
28.9,76.9,986.5277,2023-10
28.9,77.0,987.18195,2023-10
28.9,77.1,987.12024,2023-10
28.9,77.2,986.5805,2023-10
28.9,77.3,986.2324,2023-10
28.9,77.5,985.99664,2023-10
28.8,76.7,986.0514,2023-10
28.8,76.8,986.2398,2023-10
28.8,76.8,986.33997,2023-10
28.8,76.9,986.6663,2023-10
28.8,77.0,986.98724,2023-10
28.8,77.1,986.8859,2023-10
28.8,77.2,986.6061,2023-10
28.8,77.3,986.3875,2023-10
28.8,77.5,986.2354,2023-10
28.6,76.7,985.62964,2023-10
28.6,76.8,985.7705,2023-10
28.6,76.8,986.586,2023-10
28.6,76.9,987.3519,2023-10
28.6,77.0,987.30444,2023-10
28.6,77.1,986.7944,2023-10
28.6,77.2,986.8255,2023-10
28.6,77.3,986.98083,2023-10
28.6,77.5,986.919,2023-10
28.5,76.7,985.94055,2023-10
28.5,76.8,986.4055,2023-10
28.5,76.8,987.4502,2023-10
28.5,76.9,987.51825,2023-10
28.5,77.0,986.2735,2023-10
28.5,77.1,985.3073,2023-10
28.5,77.2,986.2301,2023-10
28.5,77.3,987.5926,2023-10
28.5,77.5,987.229,2023-10
28.4,76.7,986.079,2023-10
28.4,76.8,986.92474,2023-10
28.4,76.8,987.42896,2023-10
28.4,76.9,986.20087,2023-10
28.4,77.0,983.9893,2023-10
28.4,77.1,983.1306,2023-10
28.4,77.2,985.3407,2023-10
28.4,77.3,988.05493,2023-10
28.4,77.5,987.74915,2023-10
28.3,76.7,985.6695,2023-10
28.3,76.8,985.7582,2023-10
28.3,76.8,985.2409,2023-10
28.3,76.9,984.1674,2023-10
28.3,77.0,983.2699,2023-10
28.3,77.1,984.0275,2023-10
28.3,77.2,986.21423,2023-10
28.3,77.3,988.2917,2023-10
28.3,77.5,988.59204,2023-10
28.3,76.7,984.9477,2023-10
28.3,76.8,983.8783,2023-10
28.3,76.8,982.4871,2023-10
28.3,76.9,983.18085,2023-10
28.3,77.0,985.30743,2023-10
28.3,77.1,986.82214,2023-10
28.3,77.2,987.56354,2023-10
28.3,77.3,988.1623,2023-10
28.3,77.5,988.36957,2023-10
29.0,76.7,989.725,2023-11
29.0,76.8,989.91156,2023-11
29.0,76.8,989.97003,2023-11
29.0,76.9,990.44196,2023-11
29.0,77.0,991.3004,2023-11
29.0,77.1,990.47797,2023-11
29.0,77.2,989.6153,2023-11
29.0,77.3,989.6569,2023-11
29.0,77.5,989.83984,2023-11
28.9,76.7,990.2411,2023-11
28.9,76.8,990.4589,2023-11
28.9,76.8,990.29974,2023-11
28.9,76.9,990.62866,2023-11
28.9,77.0,991.30206,2023-11
28.9,77.1,991.2424,2023-11
28.9,77.2,990.69403,2023-11
28.9,77.3,990.3409,2023-11
28.9,77.5,990.10236,2023-11
28.8,76.7,990.1236,2023-11
28.8,76.8,990.32385,2023-11
28.8,76.8,990.4316,2023-11
28.8,76.9,990.77155,2023-11
28.8,77.0,991.1034,2023-11
28.8,77.1,991.0047,2023-11
28.8,77.2,990.7206,2023-11
28.8,77.3,990.4992,2023-11
28.8,77.5,990.3454,2023-11
28.6,76.7,989.68134,2023-11
28.6,76.8,989.8321,2023-11
28.6,76.8,990.6697,2023-11
28.6,76.9,991.45764,2023-11
28.6,77.0,991.4124,2023-11
28.6,77.1,990.8968,2023-11
28.6,77.2,990.93036,2023-11
28.6,77.3,991.0904,2023-11
28.6,77.5,991.0298,2023-11
28.5,76.7,989.98517,2023-11
28.5,76.8,990.465,2023-11
28.5,76.8,991.53613,2023-11
28.5,76.9,991.6096,2023-11
28.5,77.0,990.3448,2023-11
28.5,77.1,989.3626,2023-11
28.5,77.2,990.30524,2023-11
28.5,77.3,991.69794,2023-11
28.5,77.5,991.3303,2023-11
28.4,76.7,990.11414,2023-11
28.4,76.8,990.9827,2023-11
28.4,76.8,991.50104,2023-11
28.4,76.9,990.2513,2023-11
28.4,77.0,987.99915,2023-11
28.4,77.1,987.12585,2023-11
28.4,77.2,989.38446,2023-11
28.4,77.3,992.15643,2023-11
28.4,77.5,991.84625,2023-11
28.3,76.7,989.68976,2023-11
28.3,76.8,989.7847,2023-11
28.3,76.8,989.2611,2023-11
28.3,76.9,988.1698,2023-11
28.3,77.0,987.2586,2023-11
28.3,77.1,988.0358,2023-11
28.3,77.2,990.2698,2023-11
28.3,77.3,992.3908,2023-11
28.3,77.5,992.6982,2023-11
28.3,76.7,988.9476,2023-11
28.3,76.8,987.858,2023-11
28.3,76.8,986.4421,2023-11
28.3,76.9,987.1556,2023-11
28.3,77.0,989.3342,2023-11
28.3,77.1,990.8828,2023-11
28.3,77.2,991.64,2023-11
28.3,77.3,992.2507,2023-11
28.3,77.5,992.4646,2023-11
29.0,76.7,991.2739,2023-12
29.0,76.8,991.45966,2023-12
29.0,76.8,991.51184,2023-12
29.0,76.9,991.9763,2023-12
29.0,77.0,992.84064,2023-12
29.0,77.1,991.98926,2023-12
29.0,77.2,991.0955,2023-12
29.0,77.3,991.1223,2023-12
29.0,77.5,991.29395,2023-12
28.9,76.7,991.8065,2023-12
28.9,76.8,992.0207,2023-12
28.9,76.8,991.8495,2023-12
28.9,76.9,992.17206,2023-12
28.9,77.0,992.8505,2023-12
28.9,77.1,992.7775,2023-12
28.9,77.2,992.2052,2023-12
28.9,77.3,991.8297,2023-12
28.9,77.5,991.5726,2023-12
28.8,76.7,991.69635,2023-12
28.8,76.8,991.89014,2023-12
28.8,76.8,991.9881,2023-12
28.8,76.9,992.3237,2023-12
28.8,77.0,992.6545,2023-12
28.8,77.1,992.5429,2023-12
28.8,77.2,992.23883,2023-12
28.8,77.3,991.9998,2023-12
28.8,77.5,991.8303,2023-12
28.6,76.7,991.259,2023-12
28.6,76.8,991.4004,2023-12
28.6,76.8,992.2416,2023-12
28.6,76.9,993.03253,2023-12
28.6,77.0,992.97516,2023-12
28.6,77.1,992.43774,2023-12
28.6,77.2,992.45935,2023-12
28.6,77.3,992.60834,2023-12
28.6,77.5,992.53345,2023-12
28.5,76.7,991.5801,2023-12
28.5,76.8,992.05865,2023-12
28.5,76.8,993.13995,2023-12
28.5,76.9,993.1989,2023-12
28.5,77.0,991.89233,2023-12
28.5,77.1,990.87695,2023-12
28.5,77.2,991.8267,2023-12
28.5,77.3,993.23444,2023-12
28.5,77.5,992.84424,2023-12
28.4,76.7,991.72394,2023-12
28.4,76.8,992.5985,2023-12
28.4,76.8,993.1147,2023-12
28.4,76.9,991.82275,2023-12
28.4,77.0,989.5068,2023-12
28.4,77.1,988.6023,2023-12
28.4,77.2,990.8918,2023-12
28.4,77.3,993.7072,2023-12
28.4,77.5,993.3767,2023-12
28.3,76.7,991.29614,2023-12
28.3,76.8,991.38153,2023-12
28.3,76.8,990.8329,2023-12
28.3,76.9,989.7036,2023-12
28.3,77.0,988.75806,2023-12
28.3,77.1,989.53687,2023-12
28.3,77.2,991.8009,2023-12
28.3,77.3,993.95026,2023-12
28.3,77.5,994.2507,2023-12
28.3,76.7,990.54425,2023-12
28.3,76.8,989.42114,2023-12
28.3,76.8,987.9625,2023-12
28.3,76.9,988.67523,2023-12
28.3,77.0,990.88153,2023-12
28.3,77.1,992.448,2023-12
28.3,77.2,993.20685,2023-12
28.3,77.3,993.81494,2023-12
28.3,77.5,994.0187,2023-12
