,latitude,longitude,d2m_C,month
0,29.0,76.7,8.59,2020-01
1,29.0,76.8,8.69,2020-01
2,29.0,76.8,8.77,2020-01
3,29.0,76.9,8.86,2020-01
4,29.0,77.0,8.96,2020-01
5,29.0,77.1,9.02,2020-01
6,29.0,77.2,9.01,2020-01
7,29.0,77.3,9.04,2020-01
8,29.0,77.5,9.07,2020-01
9,28.9,76.7,8.53,2020-01
10,28.9,76.8,8.65,2020-01
11,28.9,76.8,8.73,2020-01
12,28.9,76.9,8.81,2020-01
13,28.9,77.0,8.93,2020-01
14,28.9,77.1,9.0,2020-01
15,28.9,77.2,9.03,2020-01
16,28.9,77.3,9.04,2020-01
17,28.9,77.5,9.07,2020-01
18,28.8,76.7,8.45,2020-01
19,28.8,76.8,8.58,2020-01
20,28.8,76.8,8.68,2020-01
21,28.8,76.9,8.78,2020-01
22,28.8,77.0,8.89,2020-01
23,28.8,77.1,8.96,2020-01
24,28.8,77.2,8.99,2020-01
25,28.8,77.3,9.02,2020-01
26,28.8,77.5,9.06,2020-01
27,28.7,76.7,8.42,2020-01
28,28.7,76.8,8.54,2020-01
29,28.7,76.8,8.67,2020-01
30,28.7,76.9,8.79,2020-01
31,28.7,77.0,8.94,2020-01
32,28.7,77.1,9.03,2020-01
33,28.7,77.2,8.97,2020-01
34,28.7,77.3,9.03,2020-01
35,28.7,77.5,9.09,2020-01
36,28.5,76.7,8.43,2020-01
37,28.5,76.8,8.56,2020-01
38,28.5,76.8,8.71,2020-01
39,28.5,76.9,8.79,2020-01
40,28.5,77.0,8.84,2020-01
41,28.5,77.1,8.87,2020-01
42,28.5,77.2,8.94,2020-01
43,28.5,77.3,9.05,2020-01
44,28.5,77.5,9.12,2020-01
45,28.4,76.7,8.42,2020-01
46,28.4,76.8,8.58,2020-01
47,28.4,76.8,8.71,2020-01
48,28.4,76.9,8.74,2020-01
49,28.4,77.0,8.7,2020-01
50,28.4,77.1,8.75,2020-01
51,28.4,77.2,8.92,2020-01
52,28.4,77.3,9.09,2020-01
53,28.4,77.5,9.16,2020-01
54,28.3,76.7,8.41,2020-01
55,28.3,76.8,8.54,2020-01
56,28.3,76.8,8.62,2020-01
57,28.3,76.9,8.65,2020-01
58,28.3,77.0,8.69,2020-01
59,28.3,77.1,8.8,2020-01
60,28.3,77.2,8.97,2020-01
61,28.3,77.3,9.14,2020-01
62,28.3,77.5,9.22,2020-01
63,28.3,76.7,8.41,2020-01
64,28.3,76.8,8.46,2020-01
65,28.3,76.8,8.49,2020-01
66,28.3,76.9,8.61,2020-01
67,28.3,77.0,8.78,2020-01
68,28.3,77.1,8.92,2020-01
69,28.3,77.2,9.05,2020-01
70,28.3,77.3,9.16,2020-01
71,28.3,77.5,9.24,2020-01
72,29.0,76.7,9.81,2020-02
73,29.0,76.8,9.92,2020-02
74,29.0,76.8,10.0,2020-02
75,29.0,76.9,10.1,2020-02
76,29.0,77.0,10.2,2020-02
77,29.0,77.1,10.29,2020-02
78,29.0,77.2,10.28,2020-02
79,29.0,77.3,10.29,2020-02
80,29.0,77.5,10.3,2020-02
81,28.9,76.7,9.62,2020-02
82,28.9,76.8,9.8,2020-02
83,28.9,76.8,9.89,2020-02
84,28.9,76.9,9.99,2020-02
85,28.9,77.0,10.14,2020-02
86,28.9,77.1,10.24,2020-02
87,28.9,77.2,10.28,2020-02
88,28.9,77.3,10.3,2020-02
89,28.9,77.5,10.31,2020-02
90,28.8,76.7,9.39,2020-02
91,28.8,76.8,9.6,2020-02
92,28.8,76.8,9.76,2020-02
93,28.8,76.9,9.91,2020-02
94,28.8,77.0,10.05,2020-02
95,28.8,77.1,10.15,2020-02
96,28.8,77.2,10.2,2020-02
97,28.8,77.3,10.24,2020-02
98,28.8,77.5,10.29,2020-02
99,28.7,76.7,9.22,2020-02
100,28.7,76.8,9.41,2020-02
101,28.7,76.8,9.61,2020-02
102,28.7,76.9,9.79,2020-02
103,28.7,77.0,9.97,2020-02
104,28.7,77.1,10.09,2020-02
105,28.7,77.2,10.08,2020-02
106,28.7,77.3,10.16,2020-02
107,28.7,77.5,10.25,2020-02
108,28.5,76.7,9.07,2020-02
109,28.5,76.8,9.28,2020-02
110,28.5,76.8,9.49,2020-02
111,28.5,76.9,9.64,2020-02
112,28.5,77.0,9.74,2020-02
113,28.5,77.1,9.82,2020-02
114,28.5,77.2,9.95,2020-02
115,28.5,77.3,10.1,2020-02
116,28.5,77.5,10.21,2020-02
117,28.4,76.7,8.91,2020-02
118,28.4,76.8,9.14,2020-02
119,28.4,76.8,9.34,2020-02
120,28.4,76.9,9.44,2020-02
121,28.4,77.0,9.46,2020-02
122,28.4,77.1,9.58,2020-02
123,28.4,77.2,9.83,2020-02
124,28.4,77.3,10.05,2020-02
125,28.4,77.5,10.17,2020-02
126,28.3,76.7,8.76,2020-02
127,28.3,76.8,8.97,2020-02
128,28.3,76.8,9.12,2020-02
129,28.3,76.9,9.22,2020-02
130,28.3,77.0,9.35,2020-02
131,28.3,77.1,9.55,2020-02
132,28.3,77.2,9.79,2020-02
133,28.3,77.3,10.01,2020-02
134,28.3,77.5,10.14,2020-02
135,28.3,76.7,8.62,2020-02
136,28.3,76.8,8.76,2020-02
137,28.3,76.8,8.88,2020-02
138,28.3,76.9,9.08,2020-02
139,28.3,77.0,9.35,2020-02
140,28.3,77.1,9.58,2020-02
141,28.3,77.2,9.77,2020-02
142,28.3,77.3,9.93,2020-02
143,28.3,77.5,10.05,2020-02
144,29.0,76.7,13.86,2020-03
145,29.0,76.8,13.95,2020-03
146,29.0,76.8,14.0,2020-03
147,29.0,76.9,14.03,2020-03
148,29.0,77.0,14.08,2020-03
149,29.0,77.1,14.09,2020-03
150,29.0,77.2,14.02,2020-03
151,29.0,77.3,13.98,2020-03
152,29.0,77.5,13.93,2020-03
153,28.9,76.7,13.77,2020-03
154,28.9,76.8,13.91,2020-03
155,28.9,76.8,13.95,2020-03
156,28.9,76.9,14.0,2020-03
157,28.9,77.0,14.11,2020-03
158,28.9,77.1,14.17,2020-03
159,28.9,77.2,14.13,2020-03
160,28.9,77.3,14.1,2020-03
161,28.9,77.5,14.05,2020-03
162,28.8,76.7,13.61,2020-03
163,28.8,76.8,13.79,2020-03
164,28.8,76.8,13.9,2020-03
165,28.8,76.9,14.01,2020-03
166,28.8,77.0,14.11,2020-03
167,28.8,77.1,14.17,2020-03
168,28.8,77.2,14.17,2020-03
169,28.8,77.3,14.16,2020-03
170,28.8,77.5,14.14,2020-03
171,28.7,76.7,13.53,2020-03
172,28.7,76.8,13.66,2020-03
173,28.7,76.8,13.82,2020-03
174,28.7,76.9,13.97,2020-03
175,28.7,77.0,14.16,2020-03
176,28.7,77.1,14.25,2020-03
177,28.7,77.2,14.12,2020-03
178,28.7,77.3,14.15,2020-03
179,28.7,77.5,14.18,2020-03
180,28.5,76.7,13.46,2020-03
181,28.5,76.8,13.59,2020-03
182,28.5,76.8,13.76,2020-03
183,28.5,76.9,13.88,2020-03
184,28.5,77.0,13.97,2020-03
185,28.5,77.1,13.98,2020-03
186,28.5,77.2,14.04,2020-03
187,28.5,77.3,14.14,2020-03
188,28.5,77.5,14.17,2020-03
189,28.4,76.7,13.34,2020-03
190,28.4,76.8,13.5,2020-03
191,28.4,76.8,13.64,2020-03
192,28.4,76.9,13.71,2020-03
193,28.4,77.0,13.7,2020-03
194,28.4,77.1,13.77,2020-03
195,28.4,77.2,13.95,2020-03
196,28.4,77.3,14.13,2020-03
197,28.4,77.5,14.16,2020-03
198,28.3,76.7,13.19,2020-03
199,28.3,76.8,13.32,2020-03
200,28.3,76.8,13.41,2020-03
201,28.3,76.9,13.48,2020-03
202,28.3,77.0,13.56,2020-03
203,28.3,77.1,13.7,2020-03
204,28.3,77.2,13.92,2020-03
205,28.3,77.3,14.1,2020-03
206,28.3,77.5,14.17,2020-03
207,28.3,76.7,13.02,2020-03
208,28.3,76.8,13.08,2020-03
209,28.3,76.8,13.13,2020-03
210,28.3,76.9,13.3,2020-03
211,28.3,77.0,13.54,2020-03
212,28.3,77.1,13.74,2020-03
213,28.3,77.2,13.89,2020-03
214,28.3,77.3,14.03,2020-03
215,28.3,77.5,14.11,2020-03
216,29.0,76.7,13.41,2020-04
217,29.0,76.8,13.66,2020-04
218,29.0,76.8,13.83,2020-04
219,29.0,76.9,13.83,2020-04
220,29.0,77.0,13.86,2020-04
221,29.0,77.1,13.9,2020-04
222,29.0,77.2,13.8,2020-04
223,29.0,77.3,13.68,2020-04
224,29.0,77.5,13.54,2020-04
225,28.9,76.7,13.2,2020-04
226,28.9,76.8,13.55,2020-04
227,28.9,76.8,13.7,2020-04
228,28.9,76.9,13.76,2020-04
229,28.9,77.0,13.94,2020-04
230,28.9,77.1,14.06,2020-04
231,28.9,77.2,13.99,2020-04
232,28.9,77.3,13.91,2020-04
233,28.9,77.5,13.8,2020-04
234,28.8,76.7,12.96,2020-04
235,28.8,76.8,13.34,2020-04
236,28.8,76.8,13.6,2020-04
237,28.8,76.9,13.8,2020-04
238,28.8,77.0,13.97,2020-04
239,28.8,77.1,14.08,2020-04
240,28.8,77.2,14.08,2020-04
241,28.8,77.3,14.04,2020-04
242,28.8,77.5,13.97,2020-04
243,28.7,76.7,12.86,2020-04
244,28.7,76.8,13.17,2020-04
245,28.7,76.8,13.46,2020-04
246,28.7,76.9,13.72,2020-04
247,28.7,77.0,13.91,2020-04
248,28.7,77.1,14.0,2020-04
249,28.7,77.2,13.98,2020-04
250,28.7,77.3,13.98,2020-04
251,28.7,77.5,13.99,2020-04
252,28.5,76.7,12.74,2020-04
253,28.5,76.8,13.03,2020-04
254,28.5,76.8,13.33,2020-04
255,28.5,76.9,13.55,2020-04
256,28.5,77.0,13.67,2020-04
257,28.5,77.1,13.73,2020-04
258,28.5,77.2,13.84,2020-04
259,28.5,77.3,13.92,2020-04
260,28.5,77.5,13.91,2020-04
261,28.4,76.7,12.5,2020-04
262,28.4,76.8,12.82,2020-04
263,28.4,76.8,13.1,2020-04
264,28.4,76.9,13.26,2020-04
265,28.4,77.0,13.31,2020-04
266,28.4,77.1,13.43,2020-04
267,28.4,77.2,13.65,2020-04
268,28.4,77.3,13.85,2020-04
269,28.4,77.5,13.84,2020-04
270,28.3,76.7,12.24,2020-04
271,28.3,76.8,12.52,2020-04
272,28.3,76.8,12.74,2020-04
273,28.3,76.9,12.91,2020-04
274,28.3,77.0,13.07,2020-04
275,28.3,77.1,13.28,2020-04
276,28.3,77.2,13.55,2020-04
277,28.3,77.3,13.76,2020-04
278,28.3,77.5,13.79,2020-04
279,28.3,76.7,11.99,2020-04
280,28.3,76.8,12.15,2020-04
281,28.3,76.8,12.32,2020-04
282,28.3,76.9,12.58,2020-04
283,28.3,77.0,12.92,2020-04
284,28.3,77.1,13.2,2020-04
285,28.3,77.2,13.4,2020-04
286,28.3,77.3,13.58,2020-04
287,28.3,77.5,13.66,2020-04
288,29.0,76.7,14.51,2020-05
289,29.0,76.8,14.8,2020-05
290,29.0,76.8,15.05,2020-05
291,29.0,76.9,15.24,2020-05
292,29.0,77.0,15.45,2020-05
293,29.0,77.1,15.65,2020-05
294,29.0,77.2,15.7,2020-05
295,29.0,77.3,15.68,2020-05
296,29.0,77.5,15.65,2020-05
297,28.9,76.7,14.32,2020-05
298,28.9,76.8,14.68,2020-05
299,28.9,76.8,14.93,2020-05
300,28.9,76.9,15.15,2020-05
301,28.9,77.0,15.49,2020-05
302,28.9,77.1,15.76,2020-05
303,28.9,77.2,15.88,2020-05
304,28.9,77.3,15.92,2020-05
305,28.9,77.5,15.94,2020-05
306,28.8,76.7,14.1,2020-05
307,28.8,76.8,14.5,2020-05
308,28.8,76.8,14.84,2020-05
309,28.8,76.9,15.18,2020-05
310,28.8,77.0,15.5,2020-05
311,28.8,77.1,15.76,2020-05
312,28.8,77.2,15.92,2020-05
313,28.8,77.3,16.05,2020-05
314,28.8,77.5,16.13,2020-05
315,28.7,76.7,13.97,2020-05
316,28.7,76.8,14.31,2020-05
317,28.7,76.8,14.68,2020-05
318,28.7,76.9,15.07,2020-05
319,28.7,77.0,15.41,2020-05
320,28.7,77.1,15.67,2020-05
321,28.7,77.2,15.82,2020-05
322,28.7,77.3,15.99,2020-05
323,28.7,77.5,16.13,2020-05
324,28.5,76.7,13.82,2020-05
325,28.5,76.8,14.15,2020-05
326,28.5,76.8,14.53,2020-05
327,28.5,76.9,14.92,2020-05
328,28.5,77.0,15.17,2020-05
329,28.5,77.1,15.4,2020-05
330,28.5,77.2,15.67,2020-05
331,28.5,77.3,15.92,2020-05
332,28.5,77.5,16.06,2020-05
333,28.4,76.7,13.56,2020-05
334,28.4,76.8,13.93,2020-05
335,28.4,76.8,14.28,2020-05
336,28.4,76.9,14.61,2020-05
337,28.4,77.0,14.82,2020-05
338,28.4,77.1,15.1,2020-05
339,28.4,77.2,15.49,2020-05
340,28.4,77.3,15.84,2020-05
341,28.4,77.5,15.99,2020-05
342,28.3,76.7,13.29,2020-05
343,28.3,76.8,13.6,2020-05
344,28.3,76.8,13.91,2020-05
345,28.3,76.9,14.24,2020-05
346,28.3,77.0,14.62,2020-05
347,28.3,77.1,15.04,2020-05
348,28.3,77.2,15.44,2020-05
349,28.3,77.3,15.77,2020-05
350,28.3,77.5,15.95,2020-05
351,28.3,76.7,13.07,2020-05
352,28.3,76.8,13.22,2020-05
353,28.3,76.8,13.47,2020-05
354,28.3,76.9,13.97,2020-05
355,28.3,77.0,14.57,2020-05
356,28.3,77.1,15.06,2020-05
357,28.3,77.2,15.38,2020-05
358,28.3,77.3,15.65,2020-05
359,28.3,77.5,15.83,2020-05
360,29.0,76.7,22.34,2020-06
361,29.0,76.8,22.48,2020-06
362,29.0,76.8,22.59,2020-06
363,29.0,76.9,22.67,2020-06
364,29.0,77.0,22.77,2020-06
365,29.0,77.1,22.82,2020-06
366,29.0,77.2,22.81,2020-06
367,29.0,77.3,22.83,2020-06
368,29.0,77.5,22.85,2020-06
369,28.9,76.7,22.09,2020-06
370,28.9,76.8,22.34,2020-06
371,28.9,76.8,22.45,2020-06
372,28.9,76.9,22.54,2020-06
373,28.9,77.0,22.69,2020-06
374,28.9,77.1,22.78,2020-06
375,28.9,77.2,22.81,2020-06
376,28.9,77.3,22.82,2020-06
377,28.9,77.5,22.83,2020-06
378,28.8,76.7,21.78,2020-06
379,28.8,76.8,22.09,2020-06
380,28.8,76.8,22.29,2020-06
381,28.8,76.9,22.44,2020-06
382,28.8,77.0,22.58,2020-06
383,28.8,77.1,22.67,2020-06
384,28.8,77.2,22.72,2020-06
385,28.8,77.3,22.76,2020-06
386,28.8,77.5,22.8,2020-06
387,28.7,76.7,21.66,2020-06
388,28.7,76.8,21.88,2020-06
389,28.7,76.8,22.1,2020-06
390,28.7,76.9,22.3,2020-06
391,28.7,77.0,22.49,2020-06
392,28.7,77.1,22.59,2020-06
393,28.7,77.2,22.57,2020-06
394,28.7,77.3,22.65,2020-06
395,28.7,77.5,22.72,2020-06
396,28.5,76.7,21.5,2020-06
397,28.5,76.8,21.68,2020-06
398,28.5,76.8,21.9,2020-06
399,28.5,76.9,22.09,2020-06
400,28.5,77.0,22.2,2020-06
401,28.5,77.1,22.26,2020-06
402,28.5,77.2,22.38,2020-06
403,28.5,77.3,22.55,2020-06
404,28.5,77.5,22.62,2020-06
405,28.4,76.7,21.26,2020-06
406,28.4,76.8,21.47,2020-06
407,28.4,76.8,21.66,2020-06
408,28.4,76.9,21.79,2020-06
409,28.4,77.0,21.82,2020-06
410,28.4,77.1,21.93,2020-06
411,28.4,77.2,22.18,2020-06
412,28.4,77.3,22.43,2020-06
413,28.4,77.5,22.51,2020-06
414,28.3,76.7,21.08,2020-06
415,28.3,76.8,21.24,2020-06
416,28.3,76.8,21.38,2020-06
417,28.3,76.9,21.5,2020-06
418,28.3,77.0,21.63,2020-06
419,28.3,77.1,21.83,2020-06
420,28.3,77.2,22.09,2020-06
421,28.3,77.3,22.34,2020-06
422,28.3,77.5,22.44,2020-06
423,28.3,76.7,20.88,2020-06
424,28.3,76.8,20.95,2020-06
425,28.3,76.8,21.03,2020-06
426,28.3,76.9,21.26,2020-06
427,28.3,77.0,21.56,2020-06
428,28.3,77.1,21.82,2020-06
429,28.3,77.2,22.01,2020-06
430,28.3,77.3,22.18,2020-06
431,28.3,77.5,22.3,2020-06
432,29.0,76.7,24.8,2020-07
433,29.0,76.8,24.89,2020-07
434,29.0,76.8,24.96,2020-07
435,29.0,76.9,25.02,2020-07
436,29.0,77.0,25.09,2020-07
437,29.0,77.1,25.09,2020-07
438,29.0,77.2,25.08,2020-07
439,29.0,77.3,25.1,2020-07
440,29.0,77.5,25.1,2020-07
441,28.9,76.7,24.68,2020-07
442,28.9,76.8,24.79,2020-07
443,28.9,76.8,24.85,2020-07
444,28.9,76.9,24.91,2020-07
445,28.9,77.0,25.0,2020-07
446,28.9,77.1,25.06,2020-07
447,28.9,77.2,25.07,2020-07
448,28.9,77.3,25.09,2020-07
449,28.9,77.5,25.08,2020-07
450,28.8,76.7,24.53,2020-07
451,28.8,76.8,24.65,2020-07
452,28.8,76.8,24.73,2020-07
453,28.8,76.9,24.81,2020-07
454,28.8,77.0,24.89,2020-07
455,28.8,77.1,24.95,2020-07
456,28.8,77.2,24.99,2020-07
457,28.8,77.3,25.03,2020-07
458,28.8,77.5,25.05,2020-07
459,28.7,76.7,24.47,2020-07
460,28.7,76.8,24.55,2020-07
461,28.7,76.8,24.65,2020-07
462,28.7,76.9,24.76,2020-07
463,28.7,77.0,24.9,2020-07
464,28.7,77.1,24.98,2020-07
465,28.7,77.2,24.91,2020-07
466,28.7,77.3,24.98,2020-07
467,28.7,77.5,25.04,2020-07
468,28.5,76.7,24.41,2020-07
469,28.5,76.8,24.49,2020-07
470,28.5,76.8,24.6,2020-07
471,28.5,76.9,24.68,2020-07
472,28.5,77.0,24.72,2020-07
473,28.5,77.1,24.72,2020-07
474,28.5,77.2,24.81,2020-07
475,28.5,77.3,24.95,2020-07
476,28.5,77.5,25.0,2020-07
477,28.4,76.7,24.33,2020-07
478,28.4,76.8,24.44,2020-07
479,28.4,76.8,24.53,2020-07
480,28.4,76.9,24.54,2020-07
481,28.4,77.0,24.48,2020-07
482,28.4,77.1,24.5,2020-07
483,28.4,77.2,24.7,2020-07
484,28.4,77.3,24.91,2020-07
485,28.4,77.5,24.97,2020-07
486,28.3,76.7,24.29,2020-07
487,28.3,76.8,24.35,2020-07
488,28.3,76.8,24.37,2020-07
489,28.3,76.9,24.39,2020-07
490,28.3,77.0,24.41,2020-07
491,28.3,77.1,24.49,2020-07
492,28.3,77.2,24.66,2020-07
493,28.3,77.3,24.84,2020-07
494,28.3,77.5,24.92,2020-07
495,28.3,76.7,24.24,2020-07
496,28.3,76.8,24.21,2020-07
497,28.3,76.8,24.19,2020-07
498,28.3,76.9,24.29,2020-07
499,28.3,77.0,24.46,2020-07
500,28.3,77.1,24.58,2020-07
501,28.3,77.2,24.67,2020-07
502,28.3,77.3,24.75,2020-07
503,28.3,77.5,24.81,2020-07
504,29.0,76.7,25.28,2020-08
505,29.0,76.8,25.31,2020-08
506,29.0,76.8,25.32,2020-08
507,29.0,76.9,25.36,2020-08
508,29.0,77.0,25.4,2020-08
509,29.0,77.1,25.37,2020-08
510,29.0,77.2,25.34,2020-08
511,29.0,77.3,25.35,2020-08
512,29.0,77.5,25.36,2020-08
513,28.9,76.7,25.2,2020-08
514,28.9,76.8,25.26,2020-08
515,28.9,76.8,25.28,2020-08
516,28.9,76.9,25.31,2020-08
517,28.9,77.0,25.35,2020-08
518,28.9,77.1,25.37,2020-08
519,28.9,77.2,25.35,2020-08
520,28.9,77.3,25.35,2020-08
521,28.9,77.5,25.35,2020-08
522,28.8,76.7,25.06,2020-08
523,28.8,76.8,25.15,2020-08
524,28.8,76.8,25.21,2020-08
525,28.8,76.9,25.26,2020-08
526,28.8,77.0,25.29,2020-08
527,28.8,77.1,25.31,2020-08
528,28.8,77.2,25.32,2020-08
529,28.8,77.3,25.33,2020-08
530,28.8,77.5,25.33,2020-08
531,28.7,76.7,25.01,2020-08
532,28.7,76.8,25.07,2020-08
533,28.7,76.8,25.16,2020-08
534,28.7,76.9,25.25,2020-08
535,28.7,77.0,25.34,2020-08
536,28.7,77.1,25.37,2020-08
537,28.7,77.2,25.3,2020-08
538,28.7,77.3,25.34,2020-08
539,28.7,77.5,25.35,2020-08
540,28.5,76.7,24.97,2020-08
541,28.5,76.8,25.03,2020-08
542,28.5,76.8,25.13,2020-08
543,28.5,76.9,25.2,2020-08
544,28.5,77.0,25.23,2020-08
545,28.5,77.1,25.2,2020-08
546,28.5,77.2,25.26,2020-08
547,28.5,77.3,25.35,2020-08
548,28.5,77.5,25.35,2020-08
549,28.4,76.7,24.92,2020-08
550,28.4,76.8,25.0,2020-08
551,28.4,76.8,25.07,2020-08
552,28.4,76.9,25.09,2020-08
553,28.4,77.0,25.04,2020-08
554,28.4,77.1,25.06,2020-08
555,28.4,77.2,25.2,2020-08
556,28.4,77.3,25.34,2020-08
557,28.4,77.5,25.35,2020-08
558,28.3,76.7,24.89,2020-08
559,28.3,76.8,24.95,2020-08
560,28.3,76.8,24.97,2020-08
561,28.3,76.9,24.99,2020-08
562,28.3,77.0,25.02,2020-08
563,28.3,77.1,25.09,2020-08
564,28.3,77.2,25.21,2020-08
565,28.3,77.3,25.33,2020-08
566,28.3,77.5,25.37,2020-08
567,28.3,76.7,24.85,2020-08
568,28.3,76.8,24.84,2020-08
569,28.3,76.8,24.82,2020-08
570,28.3,76.9,24.93,2020-08
571,28.3,77.0,25.1,2020-08
572,28.3,77.1,25.21,2020-08
573,28.3,77.2,25.26,2020-08
574,28.3,77.3,25.3,2020-08
575,28.3,77.5,25.32,2020-08
576,29.0,76.7,22.21,2020-09
577,29.0,76.8,22.49,2020-09
578,29.0,76.8,22.71,2020-09
579,29.0,76.9,22.86,2020-09
580,29.0,77.0,23.04,2020-09
581,29.0,77.1,23.16,2020-09
582,29.0,77.2,23.24,2020-09
583,29.0,77.3,23.38,2020-09
584,29.0,77.5,23.48,2020-09
585,28.9,76.7,21.88,2020-09
586,28.9,76.8,22.24,2020-09
587,28.9,76.8,22.46,2020-09
588,28.9,76.9,22.63,2020-09
589,28.9,77.0,22.87,2020-09
590,28.9,77.1,23.08,2020-09
591,28.9,77.2,23.19,2020-09
592,28.9,77.3,23.31,2020-09
593,28.9,77.5,23.4,2020-09
594,28.8,76.7,21.51,2020-09
595,28.8,76.8,21.94,2020-09
596,28.8,76.8,22.24,2020-09
597,28.8,76.9,22.48,2020-09
598,28.8,77.0,22.71,2020-09
599,28.8,77.1,22.92,2020-09
600,28.8,77.2,23.09,2020-09
601,28.8,77.3,23.24,2020-09
602,28.8,77.5,23.34,2020-09
603,28.7,76.7,21.53,2020-09
604,28.7,76.8,21.84,2020-09
605,28.7,76.8,22.14,2020-09
606,28.7,76.9,22.45,2020-09
607,28.7,77.0,22.75,2020-09
608,28.7,77.1,22.96,2020-09
609,28.7,77.2,23.05,2020-09
610,28.7,77.3,23.24,2020-09
611,28.7,77.5,23.39,2020-09
612,28.5,76.7,21.52,2020-09
613,28.5,76.8,21.76,2020-09
614,28.5,76.8,22.06,2020-09
615,28.5,76.9,22.36,2020-09
616,28.5,77.0,22.59,2020-09
617,28.5,77.1,22.74,2020-09
618,28.5,77.2,23.0,2020-09
619,28.5,77.3,23.26,2020-09
620,28.5,77.5,23.4,2020-09
621,28.4,76.7,21.37,2020-09
622,28.4,76.8,21.65,2020-09
623,28.4,76.8,21.92,2020-09
624,28.4,76.9,22.16,2020-09
625,28.4,77.0,22.32,2020-09
626,28.4,77.1,22.52,2020-09
627,28.4,77.2,22.88,2020-09
628,28.4,77.3,23.23,2020-09
629,28.4,77.5,23.39,2020-09
630,28.3,76.7,21.2,2020-09
631,28.3,76.8,21.44,2020-09
632,28.3,76.8,21.66,2020-09
633,28.3,76.9,21.91,2020-09
634,28.3,77.0,22.14,2020-09
635,28.3,77.1,22.41,2020-09
636,28.3,77.2,22.74,2020-09
637,28.3,77.3,23.07,2020-09
638,28.3,77.5,23.26,2020-09
639,28.3,76.7,21.13,2020-09
640,28.3,76.8,21.19,2020-09
641,28.3,76.8,21.32,2020-09
642,28.3,76.9,21.66,2020-09
643,28.3,77.0,22.07,2020-09
644,28.3,77.1,22.4,2020-09
645,28.3,77.2,22.64,2020-09
646,28.3,77.3,22.86,2020-09
647,28.3,77.5,23.03,2020-09
648,29.0,76.7,12.92,2020-10
649,29.0,76.8,13.46,2020-10
650,29.0,76.8,13.89,2020-10
651,29.0,76.9,14.16,2020-10
652,29.0,77.0,14.46,2020-10
653,29.0,77.1,14.72,2020-10
654,29.0,77.2,14.85,2020-10
655,29.0,77.3,14.99,2020-10
656,29.0,77.5,15.08,2020-10
657,28.9,76.7,12.41,2020-10
658,28.9,76.8,13.05,2020-10
659,28.9,76.8,13.48,2020-10
660,28.9,76.9,13.79,2020-10
661,28.9,77.0,14.2,2020-10
662,28.9,77.1,14.54,2020-10
663,28.9,77.2,14.73,2020-10
664,28.9,77.3,14.89,2020-10
665,28.9,77.5,14.98,2020-10
666,28.8,76.7,11.9,2020-10
667,28.8,76.8,12.6,2020-10
668,28.8,76.8,13.09,2020-10
669,28.8,76.9,13.5,2020-10
670,28.8,77.0,13.89,2020-10
671,28.8,77.1,14.22,2020-10
672,28.8,77.2,14.47,2020-10
673,28.8,77.3,14.69,2020-10
674,28.8,77.5,14.87,2020-10
675,28.7,76.7,11.77,2020-10
676,28.7,76.8,12.19,2020-10
677,28.7,76.8,12.56,2020-10
678,28.7,76.9,13.02,2020-10
679,28.7,77.0,13.45,2020-10
680,28.7,77.1,13.77,2020-10
681,28.7,77.2,14.01,2020-10
682,28.7,77.3,14.38,2020-10
683,28.7,77.5,14.78,2020-10
684,28.5,76.7,11.41,2020-10
685,28.5,76.8,11.63,2020-10
686,28.5,76.8,11.95,2020-10
687,28.5,76.9,12.45,2020-10
688,28.5,77.0,12.8,2020-10
689,28.5,77.1,13.11,2020-10
690,28.5,77.2,13.6,2020-10
691,28.5,77.3,14.19,2020-10
692,28.5,77.5,14.66,2020-10
693,28.4,76.7,10.77,2020-10
694,28.4,76.8,11.05,2020-10
695,28.4,76.8,11.35,2020-10
696,28.4,76.9,11.78,2020-10
697,28.4,77.0,12.07,2020-10
698,28.4,77.1,12.43,2020-10
699,28.4,77.2,13.2,2020-10
700,28.4,77.3,13.93,2020-10
701,28.4,77.5,14.42,2020-10
702,28.3,76.7,10.45,2020-10
703,28.3,76.8,10.62,2020-10
704,28.3,76.8,10.88,2020-10
705,28.3,76.9,11.28,2020-10
706,28.3,77.0,11.63,2020-10
707,28.3,77.1,11.98,2020-10
708,28.3,77.2,12.62,2020-10
709,28.3,77.3,13.32,2020-10
710,28.3,77.5,13.84,2020-10
711,28.3,76.7,10.31,2020-10
712,28.3,76.8,10.19,2020-10
713,28.3,76.8,10.33,2020-10
714,28.3,76.9,10.72,2020-10
715,28.3,77.0,11.15,2020-10
716,28.3,77.1,11.61,2020-10
717,28.3,77.2,12.13,2020-10
718,28.3,77.3,12.68,2020-10
719,28.3,77.5,13.16,2020-10
720,29.0,76.7,9.8,2020-11
721,29.0,76.8,9.92,2020-11
722,29.0,76.8,10.03,2020-11
723,29.0,76.9,10.22,2020-11
724,29.0,77.0,10.41,2020-11
725,29.0,77.1,10.47,2020-11
726,29.0,77.2,10.51,2020-11
727,29.0,77.3,10.6,2020-11
728,29.0,77.5,10.67,2020-11
729,28.9,76.7,9.73,2020-11
730,28.9,76.8,9.88,2020-11
731,28.9,76.8,9.99,2020-11
732,28.9,76.9,10.16,2020-11
733,28.9,77.0,10.31,2020-11
734,28.9,77.1,10.43,2020-11
735,28.9,77.2,10.49,2020-11
736,28.9,77.3,10.56,2020-11
737,28.9,77.5,10.61,2020-11
738,28.8,76.7,9.63,2020-11
739,28.8,76.8,9.79,2020-11
740,28.8,76.8,9.9,2020-11
741,28.8,76.9,10.02,2020-11
742,28.8,77.0,10.16,2020-11
743,28.8,77.1,10.28,2020-11
744,28.8,77.2,10.37,2020-11
745,28.8,77.3,10.46,2020-11
746,28.8,77.5,10.54,2020-11
747,28.7,76.7,9.57,2020-11
748,28.7,76.8,9.57,2020-11
749,28.7,76.8,9.58,2020-11
750,28.7,76.9,9.71,2020-11
751,28.7,77.0,9.92,2020-11
752,28.7,77.1,10.07,2020-11
753,28.7,77.2,10.04,2020-11
754,28.7,77.3,10.2,2020-11
755,28.7,77.5,10.4,2020-11
756,28.5,76.7,9.37,2020-11
757,28.5,76.8,9.27,2020-11
758,28.5,76.8,9.25,2020-11
759,28.5,76.9,9.37,2020-11
760,28.5,77.0,9.44,2020-11
761,28.5,77.1,9.49,2020-11
762,28.5,77.2,9.69,2020-11
763,28.5,77.3,9.99,2020-11
764,28.5,77.5,10.21,2020-11
765,28.4,76.7,9.07,2020-11
766,28.4,76.8,8.99,2020-11
767,28.4,76.8,8.94,2020-11
768,28.4,76.9,8.99,2020-11
769,28.4,77.0,8.95,2020-11
770,28.4,77.1,8.98,2020-11
771,28.4,77.2,9.37,2020-11
772,28.4,77.3,9.76,2020-11
773,28.4,77.5,9.99,2020-11
774,28.3,76.7,8.98,2020-11
775,28.3,76.8,8.84,2020-11
776,28.3,76.8,8.75,2020-11
777,28.3,76.9,8.78,2020-11
778,28.3,77.0,8.78,2020-11
779,28.3,77.1,8.83,2020-11
780,28.3,77.2,9.1,2020-11
781,28.3,77.3,9.45,2020-11
782,28.3,77.5,9.71,2020-11
783,28.3,76.7,8.92,2020-11
784,28.3,76.8,8.66,2020-11
785,28.3,76.8,8.51,2020-11
786,28.3,76.9,8.55,2020-11
787,28.3,77.0,8.64,2020-11
788,28.3,77.1,8.75,2020-11
789,28.3,77.2,8.92,2020-11
790,28.3,77.3,9.12,2020-11
791,28.3,77.5,9.34,2020-11
792,29.0,76.7,8.06,2020-12
793,29.0,76.8,8.18,2020-12
794,29.0,76.8,8.28,2020-12
795,29.0,76.9,8.39,2020-12
796,29.0,77.0,8.5,2020-12
797,29.0,77.1,8.59,2020-12
798,29.0,77.2,8.6,2020-12
799,29.0,77.3,8.63,2020-12
800,29.0,77.5,8.65,2020-12
801,28.9,76.7,7.97,2020-12
802,28.9,76.8,8.11,2020-12
803,28.9,76.8,8.21,2020-12
804,28.9,76.9,8.31,2020-12
805,28.9,77.0,8.43,2020-12
806,28.9,77.1,8.51,2020-12
807,28.9,77.2,8.56,2020-12
808,28.9,77.3,8.59,2020-12
809,28.9,77.5,8.61,2020-12
810,28.8,76.7,7.86,2020-12
811,28.8,76.8,8.01,2020-12
812,28.8,76.8,8.11,2020-12
813,28.8,76.9,8.21,2020-12
814,28.8,77.0,8.31,2020-12
815,28.8,77.1,8.39,2020-12
816,28.8,77.2,8.45,2020-12
817,28.8,77.3,8.49,2020-12
818,28.8,77.5,8.55,2020-12
819,28.7,76.7,7.8,2020-12
820,28.7,76.8,7.84,2020-12
821,28.7,76.8,7.86,2020-12
822,28.7,76.9,7.93,2020-12
823,28.7,77.0,8.04,2020-12
824,28.7,77.1,8.12,2020-12
825,28.7,77.2,8.14,2020-12
826,28.7,77.3,8.25,2020-12
827,28.7,77.5,8.42,2020-12
828,28.5,76.7,7.64,2020-12
829,28.5,76.8,7.6,2020-12
830,28.5,76.8,7.59,2020-12
831,28.5,76.9,7.65,2020-12
832,28.5,77.0,7.67,2020-12
833,28.5,77.1,7.73,2020-12
834,28.5,77.2,7.86,2020-12
835,28.5,77.3,8.09,2020-12
836,28.5,77.5,8.3,2020-12
837,28.4,76.7,7.39,2020-12
838,28.4,76.8,7.37,2020-12
839,28.4,76.8,7.35,2020-12
840,28.4,76.9,7.36,2020-12
841,28.4,77.0,7.33,2020-12
842,28.4,77.1,7.38,2020-12
843,28.4,77.2,7.67,2020-12
844,28.4,77.3,7.96,2020-12
845,28.4,77.5,8.16,2020-12
846,28.3,76.7,7.27,2020-12
847,28.3,76.8,7.21,2020-12
848,28.3,76.8,7.17,2020-12
849,28.3,76.9,7.17,2020-12
850,28.3,77.0,7.21,2020-12
851,28.3,77.1,7.33,2020-12
852,28.3,77.2,7.55,2020-12
853,28.3,77.3,7.81,2020-12
854,28.3,77.5,8.01,2020-12
855,28.3,76.7,7.14,2020-12
856,28.3,76.8,7.03,2020-12
857,28.3,76.8,6.97,2020-12
858,28.3,76.9,7.04,2020-12
859,28.3,77.0,7.17,2020-12
860,28.3,77.1,7.32,2020-12
861,28.3,77.2,7.49,2020-12
862,28.3,77.3,7.66,2020-12
863,28.3,77.5,7.83,2020-12
864,29.0,76.7,8.83,2021-01
865,29.0,76.8,8.92,2021-01
866,29.0,76.8,8.99,2021-01
867,29.0,76.9,9.05,2021-01
868,29.0,77.0,9.11,2021-01
869,29.0,77.1,9.18,2021-01
870,29.0,77.2,9.18,2021-01
871,29.0,77.3,9.19,2021-01
872,29.0,77.5,9.21,2021-01
873,28.9,76.7,8.78,2021-01
874,28.9,76.8,8.87,2021-01
875,28.9,76.8,8.94,2021-01
876,28.9,76.9,9.0,2021-01
877,28.9,77.0,9.09,2021-01
878,28.9,77.1,9.15,2021-01
879,28.9,77.2,9.18,2021-01
880,28.9,77.3,9.19,2021-01
881,28.9,77.5,9.21,2021-01
882,28.8,76.7,8.73,2021-01
883,28.8,76.8,8.82,2021-01
884,28.8,76.8,8.89,2021-01
885,28.8,76.9,8.96,2021-01
886,28.8,77.0,9.04,2021-01
887,28.8,77.1,9.1,2021-01
888,28.8,77.2,9.13,2021-01
889,28.8,77.3,9.15,2021-01
890,28.8,77.5,9.19,2021-01
891,28.7,76.7,8.71,2021-01
892,28.7,76.8,8.76,2021-01
893,28.7,76.8,8.8,2021-01
894,28.7,76.9,8.86,2021-01
895,28.7,77.0,8.98,2021-01
896,28.7,77.1,9.06,2021-01
897,28.7,77.2,9.0,2021-01
898,28.7,77.3,9.06,2021-01
899,28.7,77.5,9.13,2021-01
900,28.5,76.7,8.66,2021-01
901,28.5,76.8,8.68,2021-01
902,28.5,76.8,8.71,2021-01
903,28.5,76.9,8.75,2021-01
904,28.5,77.0,8.79,2021-01
905,28.5,77.1,8.82,2021-01
906,28.5,77.2,8.88,2021-01
907,28.5,77.3,8.99,2021-01
908,28.5,77.5,9.08,2021-01
909,28.4,76.7,8.59,2021-01
910,28.4,76.8,8.62,2021-01
911,28.4,76.8,8.64,2021-01
912,28.4,76.9,8.65,2021-01
913,28.4,77.0,8.62,2021-01
914,28.4,77.1,8.63,2021-01
915,28.4,77.2,8.79,2021-01
916,28.4,77.3,8.94,2021-01
917,28.4,77.5,9.03,2021-01
918,28.3,76.7,8.59,2021-01
919,28.3,76.8,8.59,2021-01
920,28.3,76.8,8.6,2021-01
921,28.3,76.9,8.6,2021-01
922,28.3,77.0,8.61,2021-01
923,28.3,77.1,8.65,2021-01
924,28.3,77.2,8.76,2021-01
925,28.3,77.3,8.89,2021-01
926,28.3,77.5,8.98,2021-01
927,28.3,76.7,8.59,2021-01
928,28.3,76.8,8.55,2021-01
929,28.3,76.8,8.54,2021-01
930,28.3,76.9,8.57,2021-01
931,28.3,77.0,8.62,2021-01
932,28.3,77.1,8.68,2021-01
933,28.3,77.2,8.76,2021-01
934,28.3,77.3,8.84,2021-01
935,28.3,77.5,8.92,2021-01
936,29.0,76.7,11.19,2021-02
937,29.0,76.8,11.37,2021-02
938,29.0,76.8,11.5,2021-02
939,29.0,76.9,11.54,2021-02
940,29.0,77.0,11.59,2021-02
941,29.0,77.1,11.72,2021-02
942,29.0,77.2,11.68,2021-02
943,29.0,77.3,11.61,2021-02
944,29.0,77.5,11.53,2021-02
945,28.9,76.7,10.89,2021-02
946,28.9,76.8,11.11,2021-02
947,28.9,76.8,11.22,2021-02
948,28.9,76.9,11.29,2021-02
949,28.9,77.0,11.47,2021-02
950,28.9,77.1,11.6,2021-02
951,28.9,77.2,11.64,2021-02
952,28.9,77.3,11.62,2021-02
953,28.9,77.5,11.56,2021-02
954,28.8,76.7,10.58,2021-02
955,28.8,76.8,10.81,2021-02
956,28.8,76.8,10.97,2021-02
957,28.8,76.9,11.12,2021-02
958,28.8,77.0,11.3,2021-02
959,28.8,77.1,11.41,2021-02
960,28.8,77.2,11.46,2021-02
961,28.8,77.3,11.49,2021-02
962,28.8,77.5,11.52,2021-02
963,28.7,76.7,10.46,2021-02
964,28.7,76.8,10.52,2021-02
965,28.7,76.8,10.57,2021-02
966,28.7,76.9,10.73,2021-02
967,28.7,77.0,10.89,2021-02
968,28.7,77.1,11.0,2021-02
969,28.7,77.2,11.05,2021-02
970,28.7,77.3,11.18,2021-02
971,28.7,77.5,11.38,2021-02
972,28.5,76.7,10.2,2021-02
973,28.5,76.8,10.14,2021-02
974,28.5,76.8,10.15,2021-02
975,28.5,76.9,10.28,2021-02
976,28.5,77.0,10.34,2021-02
977,28.5,77.1,10.44,2021-02
978,28.5,77.2,10.65,2021-02
979,28.5,77.3,10.98,2021-02
980,28.5,77.5,11.24,2021-02
981,28.4,76.7,9.79,2021-02
982,28.4,76.8,9.75,2021-02
983,28.4,76.8,9.73,2021-02
984,28.4,76.9,9.8,2021-02
985,28.4,77.0,9.79,2021-02
986,28.4,77.1,9.93,2021-02
987,28.4,77.2,10.4,2021-02
988,28.4,77.3,10.81,2021-02
989,28.4,77.5,11.09,2021-02
990,28.3,76.7,9.55,2021-02
991,28.3,76.8,9.46,2021-02
992,28.3,76.8,9.41,2021-02
993,28.3,76.9,9.47,2021-02
994,28.3,77.0,9.61,2021-02
995,28.3,77.1,9.89,2021-02
996,28.3,77.2,10.28,2021-02
997,28.3,77.3,10.68,2021-02
998,28.3,77.5,10.95,2021-02
999,28.3,76.7,9.31,2021-02
1000,28.3,76.8,9.12,2021-02
1001,28.3,76.8,9.04,2021-02
1002,28.3,76.9,9.24,2021-02
1003,28.3,77.0,9.58,2021-02
1004,28.3,77.1,9.92,2021-02
1005,28.3,77.2,10.22,2021-02
1006,28.3,77.3,10.53,2021-02
1007,28.3,77.5,10.78,2021-02
1008,29.0,76.7,11.84,2021-03
1009,29.0,76.8,11.9,2021-03
1010,29.0,76.8,11.93,2021-03
1011,29.0,76.9,11.91,2021-03
1012,29.0,77.0,11.92,2021-03
1013,29.0,77.1,11.94,2021-03
1014,29.0,77.2,11.88,2021-03
1015,29.0,77.3,11.79,2021-03
1016,29.0,77.5,11.68,2021-03
1017,28.9,76.7,11.65,2021-03
1018,28.9,76.8,11.76,2021-03
1019,28.9,76.8,11.78,2021-03
1020,28.9,76.9,11.79,2021-03
1021,28.9,77.0,11.91,2021-03
1022,28.9,77.1,11.99,2021-03
1023,28.9,77.2,11.98,2021-03
1024,28.9,77.3,11.93,2021-03
1025,28.9,77.5,11.83,2021-03
1026,28.8,76.7,11.42,2021-03
1027,28.8,76.8,11.57,2021-03
1028,28.8,76.8,11.62,2021-03
1029,28.8,76.9,11.71,2021-03
1030,28.8,77.0,11.82,2021-03
1031,28.8,77.1,11.89,2021-03
1032,28.8,77.2,11.91,2021-03
1033,28.8,77.3,11.93,2021-03
1034,28.8,77.5,11.92,2021-03
1035,28.7,76.7,11.34,2021-03
1036,28.7,76.8,11.27,2021-03
1037,28.7,76.8,11.2,2021-03
1038,28.7,76.9,11.29,2021-03
1039,28.7,77.0,11.4,2021-03
1040,28.7,77.1,11.47,2021-03
1041,28.7,77.2,11.47,2021-03
1042,28.7,77.3,11.58,2021-03
1043,28.7,77.5,11.78,2021-03
1044,28.5,76.7,11.08,2021-03
1045,28.5,76.8,10.84,2021-03
1046,28.5,76.8,10.72,2021-03
1047,28.5,76.9,10.8,2021-03
1048,28.5,77.0,10.8,2021-03
1049,28.5,77.1,10.81,2021-03
1050,28.5,77.2,11.0,2021-03
1051,28.5,77.3,11.31,2021-03
1052,28.5,77.5,11.54,2021-03
1053,28.4,76.7,10.7,2021-03
1054,28.4,76.8,10.48,2021-03
1055,28.4,76.8,10.31,2021-03
1056,28.4,76.9,10.33,2021-03
1057,28.4,77.0,10.24,2021-03
1058,28.4,77.1,10.28,2021-03
1059,28.4,77.2,10.71,2021-03
1060,28.4,77.3,11.11,2021-03
1061,28.4,77.5,11.35,2021-03
1062,28.3,76.7,10.64,2021-03
1063,28.3,76.8,10.4,2021-03
1064,28.3,76.8,10.21,2021-03
1065,28.3,76.9,10.2,2021-03
1066,28.3,77.0,10.24,2021-03
1067,28.3,77.1,10.39,2021-03
1068,28.3,77.2,10.72,2021-03
1069,28.3,77.3,11.09,2021-03
1070,28.3,77.5,11.35,2021-03
1071,28.3,76.7,10.5,2021-03
1072,28.3,76.8,10.25,2021-03
1073,28.3,76.8,10.06,2021-03
1074,28.3,76.9,10.14,2021-03
1075,28.3,77.0,10.36,2021-03
1076,28.3,77.1,10.58,2021-03
1077,28.3,77.2,10.81,2021-03
1078,28.3,77.3,11.06,2021-03
1079,28.3,77.5,11.29,2021-03
1080,29.0,76.7,6.88,2021-04
1081,29.0,76.8,6.97,2021-04
1082,29.0,76.8,7.03,2021-04
1083,29.0,76.9,7.09,2021-04
1084,29.0,77.0,7.16,2021-04
1085,29.0,77.1,7.16,2021-04
1086,29.0,77.2,7.11,2021-04
1087,29.0,77.3,7.06,2021-04
1088,29.0,77.5,6.99,2021-04
1089,28.9,76.7,6.66,2021-04
1090,28.9,76.8,6.78,2021-04
1091,28.9,76.8,6.83,2021-04
1092,28.9,76.9,6.9,2021-04
1093,28.9,77.0,7.01,2021-04
1094,28.9,77.1,7.07,2021-04
1095,28.9,77.2,7.06,2021-04
1096,28.9,77.3,7.04,2021-04
1097,28.9,77.5,6.95,2021-04
1098,28.8,76.7,6.47,2021-04
1099,28.8,76.8,6.59,2021-04
1100,28.8,76.8,6.62,2021-04
1101,28.8,76.9,6.68,2021-04
1102,28.8,77.0,6.77,2021-04
1103,28.8,77.1,6.84,2021-04
1104,28.8,77.2,6.86,2021-04
1105,28.8,77.3,6.88,2021-04
1106,28.8,77.5,6.89,2021-04
1107,28.7,76.7,6.57,2021-04
1108,28.7,76.8,6.4,2021-04
1109,28.7,76.8,6.19,2021-04
1110,28.7,76.9,6.18,2021-04
1111,28.7,77.0,6.3,2021-04
1112,28.7,77.1,6.38,2021-04
1113,28.7,77.2,6.3,2021-04
1114,28.7,77.3,6.43,2021-04
1115,28.7,77.5,6.63,2021-04
1116,28.5,76.7,6.43,2021-04
1117,28.5,76.8,6.02,2021-04
1118,28.5,76.8,5.73,2021-04
1119,28.5,76.9,5.67,2021-04
1120,28.5,77.0,5.58,2021-04
1121,28.5,77.1,5.52,2021-04
1122,28.5,77.2,5.71,2021-04
1123,28.5,77.3,6.02,2021-04
1124,28.5,77.5,6.24,2021-04
1125,28.4,76.7,6.05,2021-04
1126,28.4,76.8,5.65,2021-04
1127,28.4,76.8,5.31,2021-04
1128,28.4,76.9,5.17,2021-04
1129,28.4,77.0,4.93,2021-04
1130,28.4,77.1,4.82,2021-04
1131,28.4,77.2,5.25,2021-04
1132,28.4,77.3,5.67,2021-04
1133,28.4,77.5,5.91,2021-04
1134,28.3,76.7,5.91,2021-04
1135,28.3,76.8,5.48,2021-04
1136,28.3,76.8,5.11,2021-04
1137,28.3,76.9,4.94,2021-04
1138,28.3,77.0,4.8,2021-04
1139,28.3,77.1,4.81,2021-04
1140,28.3,77.2,5.13,2021-04
1141,28.3,77.3,5.51,2021-04
1142,28.3,77.5,5.78,2021-04
1143,28.3,76.7,5.69,2021-04
1144,28.3,76.8,5.23,2021-04
1145,28.3,76.8,4.85,2021-04
1146,28.3,76.9,4.75,2021-04
1147,28.3,77.0,4.79,2021-04
1148,28.3,77.1,4.88,2021-04
1149,28.3,77.2,5.07,2021-04
1150,28.3,77.3,5.32,2021-04
1151,28.3,77.5,5.57,2021-04
1152,29.0,76.7,15.71,2021-05
1153,29.0,76.8,15.99,2021-05
1154,29.0,76.8,16.26,2021-05
1155,29.0,76.9,16.53,2021-05
1156,29.0,77.0,16.81,2021-05
1157,29.0,77.1,16.97,2021-05
1158,29.0,77.2,17.06,2021-05
1159,29.0,77.3,17.1,2021-05
1160,29.0,77.5,17.14,2021-05
1161,28.9,76.7,15.68,2021-05
1162,28.9,76.8,15.97,2021-05
1163,28.9,76.8,16.22,2021-05
1164,28.9,76.9,16.49,2021-05
1165,28.9,77.0,16.77,2021-05
1166,28.9,77.1,16.99,2021-05
1167,28.9,77.2,17.12,2021-05
1168,28.9,77.3,17.22,2021-05
1169,28.9,77.5,17.26,2021-05
1170,28.8,76.7,15.64,2021-05
1171,28.8,76.8,15.93,2021-05
1172,28.8,76.8,16.18,2021-05
1173,28.8,76.9,16.43,2021-05
1174,28.8,77.0,16.7,2021-05
1175,28.8,77.1,16.92,2021-05
1176,28.8,77.2,17.08,2021-05
1177,28.8,77.3,17.23,2021-05
1178,28.8,77.5,17.35,2021-05
1179,28.7,76.7,15.76,2021-05
1180,28.7,76.8,15.9,2021-05
1181,28.7,76.8,16.08,2021-05
1182,28.7,76.9,16.37,2021-05
1183,28.7,77.0,16.74,2021-05
1184,28.7,77.1,17.0,2021-05
1185,28.7,77.2,17.0,2021-05
1186,28.7,77.3,17.22,2021-05
1187,28.7,77.5,17.45,2021-05
1188,28.5,76.7,15.77,2021-05
1189,28.5,76.8,15.81,2021-05
1190,28.5,76.8,15.96,2021-05
1191,28.5,76.9,16.24,2021-05
1192,28.5,77.0,16.49,2021-05
1193,28.5,77.1,16.65,2021-05
1194,28.5,77.2,16.9,2021-05
1195,28.5,77.3,17.25,2021-05
1196,28.5,77.5,17.5,2021-05
1197,28.4,76.7,15.66,2021-05
1198,28.4,76.8,15.73,2021-05
1199,28.4,76.8,15.82,2021-05
1200,28.4,76.9,16.08,2021-05
1201,28.4,77.0,16.19,2021-05
1202,28.4,77.1,16.42,2021-05
1203,28.4,77.2,16.84,2021-05
1204,28.4,77.3,17.28,2021-05
1205,28.4,77.5,17.53,2021-05
1206,28.3,76.7,15.64,2021-05
1207,28.3,76.8,15.67,2021-05
1208,28.3,76.8,15.75,2021-05
1209,28.3,76.9,15.96,2021-05
1210,28.3,77.0,16.21,2021-05
1211,28.3,77.1,16.53,2021-05
1212,28.3,77.2,16.85,2021-05
1213,28.3,77.3,17.22,2021-05
1214,28.3,77.5,17.47,2021-05
1215,28.3,76.7,15.63,2021-05
1216,28.3,76.8,15.58,2021-05
1217,28.3,76.8,15.61,2021-05
1218,28.3,76.9,15.93,2021-05
1219,28.3,77.0,16.39,2021-05
1220,28.3,77.1,16.74,2021-05
1221,28.3,77.2,16.97,2021-05
1222,28.3,77.3,17.16,2021-05
1223,28.3,77.5,17.35,2021-05
1224,29.0,76.7,20.39,2021-06
1225,29.0,76.8,20.66,2021-06
1226,29.0,76.8,20.89,2021-06
1227,29.0,76.9,21.12,2021-06
1228,29.0,77.0,21.37,2021-06
1229,29.0,77.1,21.54,2021-06
1230,29.0,77.2,21.6,2021-06
1231,29.0,77.3,21.67,2021-06
1232,29.0,77.5,21.74,2021-06
1233,28.9,76.7,20.25,2021-06
1234,28.9,76.8,20.53,2021-06
1235,28.9,76.8,20.75,2021-06
1236,28.9,76.9,20.99,2021-06
1237,28.9,77.0,21.26,2021-06
1238,28.9,77.1,21.47,2021-06
1239,28.9,77.2,21.59,2021-06
1240,28.9,77.3,21.67,2021-06
1241,28.9,77.5,21.74,2021-06
1242,28.8,76.7,20.12,2021-06
1243,28.8,76.8,20.4,2021-06
1244,28.8,76.8,20.63,2021-06
1245,28.8,76.9,20.88,2021-06
1246,28.8,77.0,21.14,2021-06
1247,28.8,77.1,21.34,2021-06
1248,28.8,77.2,21.48,2021-06
1249,28.8,77.3,21.6,2021-06
1250,28.8,77.5,21.71,2021-06
1251,28.7,76.7,20.18,2021-06
1252,28.7,76.8,20.34,2021-06
1253,28.7,76.8,20.54,2021-06
1254,28.7,76.9,20.81,2021-06
1255,28.7,77.0,21.08,2021-06
1256,28.7,77.1,21.28,2021-06
1257,28.7,77.2,21.38,2021-06
1258,28.7,77.3,21.54,2021-06
1259,28.7,77.5,21.7,2021-06
1260,28.5,76.7,20.17,2021-06
1261,28.5,76.8,20.28,2021-06
1262,28.5,76.8,20.46,2021-06
1263,28.5,76.9,20.71,2021-06
1264,28.5,77.0,20.88,2021-06
1265,28.5,77.1,21.02,2021-06
1266,28.5,77.2,21.25,2021-06
1267,28.5,77.3,21.5,2021-06
1268,28.5,77.5,21.65,2021-06
1269,28.4,76.7,20.07,2021-06
1270,28.4,76.8,20.21,2021-06
1271,28.4,76.8,20.35,2021-06
1272,28.4,76.9,20.54,2021-06
1273,28.4,77.0,20.61,2021-06
1274,28.4,77.1,20.76,2021-06
1275,28.4,77.2,21.11,2021-06
1276,28.4,77.3,21.44,2021-06
1277,28.4,77.5,21.59,2021-06
1278,28.3,76.7,19.97,2021-06
1279,28.3,76.8,20.06,2021-06
1280,28.3,76.8,20.16,2021-06
1281,28.3,76.9,20.33,2021-06
1282,28.3,77.0,20.5,2021-06
1283,28.3,77.1,20.73,2021-06
1284,28.3,77.2,21.03,2021-06
1285,28.3,77.3,21.33,2021-06
1286,28.3,77.5,21.51,2021-06
1287,28.3,76.7,19.89,2021-06
1288,28.3,76.8,19.87,2021-06
1289,28.3,76.8,19.91,2021-06
1290,28.3,76.9,20.16,2021-06
1291,28.3,77.0,20.5,2021-06
1292,28.3,77.1,20.78,2021-06
1293,28.3,77.2,21.0,2021-06
1294,28.3,77.3,21.19,2021-06
1295,28.3,77.5,21.36,2021-06
1296,29.0,76.7,23.66,2021-07
1297,29.0,76.8,23.74,2021-07
1298,29.0,76.8,23.81,2021-07
1299,29.0,76.9,23.94,2021-07
1300,29.0,77.0,24.07,2021-07
1301,29.0,77.1,24.11,2021-07
1302,29.0,77.2,24.11,2021-07
1303,29.0,77.3,24.15,2021-07
1304,29.0,77.5,24.18,2021-07
1305,28.9,76.7,23.56,2021-07
1306,28.9,76.8,23.65,2021-07
1307,28.9,76.8,23.72,2021-07
1308,28.9,76.9,23.83,2021-07
1309,28.9,77.0,23.96,2021-07
1310,28.9,77.1,24.04,2021-07
1311,28.9,77.2,24.08,2021-07
1312,28.9,77.3,24.11,2021-07
1313,28.9,77.5,24.13,2021-07
1314,28.8,76.7,23.44,2021-07
1315,28.8,76.8,23.53,2021-07
1316,28.8,76.8,23.62,2021-07
1317,28.8,76.9,23.73,2021-07
1318,28.8,77.0,23.85,2021-07
1319,28.8,77.1,23.93,2021-07
1320,28.8,77.2,23.98,2021-07
1321,28.8,77.3,24.04,2021-07
1322,28.8,77.5,24.08,2021-07
1323,28.7,76.7,23.4,2021-07
1324,28.7,76.8,23.46,2021-07
1325,28.7,76.8,23.57,2021-07
1326,28.7,76.9,23.71,2021-07
1327,28.7,77.0,23.84,2021-07
1328,28.7,77.1,23.92,2021-07
1329,28.7,77.2,23.94,2021-07
1330,28.7,77.3,24.02,2021-07
1331,28.7,77.5,24.07,2021-07
1332,28.5,76.7,23.37,2021-07
1333,28.5,76.8,23.43,2021-07
1334,28.5,76.8,23.55,2021-07
1335,28.5,76.9,23.67,2021-07
1336,28.5,77.0,23.73,2021-07
1337,28.5,77.1,23.76,2021-07
1338,28.5,77.2,23.87,2021-07
1339,28.5,77.3,24.01,2021-07
1340,28.5,77.5,24.05,2021-07
1341,28.4,76.7,23.32,2021-07
1342,28.4,76.8,23.41,2021-07
1343,28.4,76.8,23.49,2021-07
1344,28.4,76.9,23.55,2021-07
1345,28.4,77.0,23.53,2021-07
1346,28.4,77.1,23.58,2021-07
1347,28.4,77.2,23.77,2021-07
1348,28.4,77.3,23.96,2021-07
1349,28.4,77.5,24.01,2021-07
1350,28.3,76.7,23.28,2021-07
1351,28.3,76.8,23.32,2021-07
1352,28.3,76.8,23.36,2021-07
1353,28.3,76.9,23.41,2021-07
1354,28.3,77.0,23.47,2021-07
1355,28.3,77.1,23.56,2021-07
1356,28.3,77.2,23.71,2021-07
1357,28.3,77.3,23.88,2021-07
1358,28.3,77.5,23.95,2021-07
1359,28.3,76.7,23.25,2021-07
1360,28.3,76.8,23.19,2021-07
1361,28.3,76.8,23.18,2021-07
1362,28.3,76.9,23.3,2021-07
1363,28.3,77.0,23.49,2021-07
1364,28.3,77.1,23.63,2021-07
1365,28.3,77.2,23.71,2021-07
1366,28.3,77.3,23.77,2021-07
1367,28.3,77.5,23.82,2021-07
1368,29.0,76.7,24.19,2021-08
1369,29.0,76.8,24.25,2021-08
1370,29.0,76.8,24.3,2021-08
1371,29.0,76.9,24.41,2021-08
1372,29.0,77.0,24.52,2021-08
1373,29.0,77.1,24.56,2021-08
1374,29.0,77.2,24.55,2021-08
1375,29.0,77.3,24.61,2021-08
1376,29.0,77.5,24.66,2021-08
1377,28.9,76.7,23.99,2021-08
1378,28.9,76.8,24.12,2021-08
1379,28.9,76.8,24.18,2021-08
1380,28.9,76.9,24.29,2021-08
1381,28.9,77.0,24.43,2021-08
1382,28.9,77.1,24.52,2021-08
1383,28.9,77.2,24.53,2021-08
1384,28.9,77.3,24.56,2021-08
1385,28.9,77.5,24.59,2021-08
1386,28.8,76.7,23.71,2021-08
1387,28.8,76.8,23.9,2021-08
1388,28.8,76.8,24.04,2021-08
1389,28.8,76.9,24.18,2021-08
1390,28.8,77.0,24.32,2021-08
1391,28.8,77.1,24.4,2021-08
1392,28.8,77.2,24.45,2021-08
1393,28.8,77.3,24.49,2021-08
1394,28.8,77.5,24.52,2021-08
1395,28.7,76.7,23.64,2021-08
1396,28.7,76.8,23.78,2021-08
1397,28.7,76.8,23.95,2021-08
1398,28.7,76.9,24.13,2021-08
1399,28.7,77.0,24.32,2021-08
1400,28.7,77.1,24.43,2021-08
1401,28.7,77.2,24.39,2021-08
1402,28.7,77.3,24.45,2021-08
1403,28.7,77.5,24.49,2021-08
1404,28.5,76.7,23.57,2021-08
1405,28.5,76.8,23.69,2021-08
1406,28.5,76.8,23.87,2021-08
1407,28.5,76.9,24.03,2021-08
1408,28.5,77.0,24.15,2021-08
1409,28.5,77.1,24.2,2021-08
1410,28.5,77.2,24.3,2021-08
1411,28.5,77.3,24.42,2021-08
1412,28.5,77.5,24.44,2021-08
1413,28.4,76.7,23.5,2021-08
1414,28.4,76.8,23.64,2021-08
1415,28.4,76.8,23.78,2021-08
1416,28.4,76.9,23.88,2021-08
1417,28.4,77.0,23.92,2021-08
1418,28.4,77.1,24.03,2021-08
1419,28.4,77.2,24.21,2021-08
1420,28.4,77.3,24.38,2021-08
1421,28.4,77.5,24.41,2021-08
1422,28.3,76.7,23.46,2021-08
1423,28.3,76.8,23.58,2021-08
1424,28.3,76.8,23.67,2021-08
1425,28.3,76.9,23.77,2021-08
1426,28.3,77.0,23.88,2021-08
1427,28.3,77.1,24.04,2021-08
1428,28.3,77.2,24.23,2021-08
1429,28.3,77.3,24.39,2021-08
1430,28.3,77.5,24.45,2021-08
1431,28.3,76.7,23.4,2021-08
1432,28.3,76.8,23.45,2021-08
1433,28.3,76.8,23.5,2021-08
1434,28.3,76.9,23.7,2021-08
1435,28.3,77.0,23.96,2021-08
1436,28.3,77.1,24.16,2021-08
1437,28.3,77.2,24.28,2021-08
1438,28.3,77.3,24.36,2021-08
1439,28.3,77.5,24.42,2021-08
1440,29.0,76.7,24.34,2021-09
1441,29.0,76.8,24.34,2021-09
1442,29.0,76.8,24.34,2021-09
1443,29.0,76.9,24.38,2021-09
1444,29.0,77.0,24.42,2021-09
1445,29.0,77.1,24.39,2021-09
1446,29.0,77.2,24.33,2021-09
1447,29.0,77.3,24.34,2021-09
1448,29.0,77.5,24.35,2021-09
1449,28.9,76.7,24.32,2021-09
1450,28.9,76.8,24.35,2021-09
1451,28.9,76.8,24.34,2021-09
1452,28.9,76.9,24.37,2021-09
1453,28.9,77.0,24.42,2021-09
1454,28.9,77.1,24.43,2021-09
1455,28.9,77.2,24.4,2021-09
1456,28.9,77.3,24.38,2021-09
1457,28.9,77.5,24.36,2021-09
1458,28.8,76.7,24.24,2021-09
1459,28.8,76.8,24.29,2021-09
1460,28.8,76.8,24.33,2021-09
1461,28.8,76.9,24.37,2021-09
1462,28.8,77.0,24.41,2021-09
1463,28.8,77.1,24.42,2021-09
1464,28.8,77.2,24.41,2021-09
1465,28.8,77.3,24.39,2021-09
1466,28.8,77.5,24.37,2021-09
1467,28.7,76.7,24.19,2021-09
1468,28.7,76.8,24.23,2021-09
1469,28.7,76.8,24.31,2021-09
1470,28.7,76.9,24.39,2021-09
1471,28.7,77.0,24.46,2021-09
1472,28.7,77.1,24.47,2021-09
1473,28.7,77.2,24.41,2021-09
1474,28.7,77.3,24.42,2021-09
1475,28.7,77.5,24.41,2021-09
1476,28.5,76.7,24.15,2021-09
1477,28.5,76.8,24.21,2021-09
1478,28.5,76.8,24.31,2021-09
1479,28.5,76.9,24.37,2021-09
1480,28.5,77.0,24.37,2021-09
1481,28.5,77.1,24.34,2021-09
1482,28.5,77.2,24.38,2021-09
1483,28.5,77.3,24.45,2021-09
1484,28.5,77.5,24.43,2021-09
1485,28.4,76.7,24.13,2021-09
1486,28.4,76.8,24.22,2021-09
1487,28.4,76.8,24.28,2021-09
1488,28.4,76.9,24.28,2021-09
1489,28.4,77.0,24.23,2021-09
1490,28.4,77.1,24.23,2021-09
1491,28.4,77.2,24.34,2021-09
1492,28.4,77.3,24.46,2021-09
1493,28.4,77.5,24.45,2021-09
1494,28.3,76.7,24.1,2021-09
1495,28.3,76.8,24.16,2021-09
1496,28.3,76.8,24.18,2021-09
1497,28.3,76.9,24.19,2021-09
1498,28.3,77.0,24.2,2021-09
1499,28.3,77.1,24.26,2021-09
1500,28.3,77.2,24.37,2021-09
1501,28.3,77.3,24.48,2021-09
1502,28.3,77.5,24.49,2021-09
1503,28.3,76.7,24.06,2021-09
1504,28.3,76.8,24.06,2021-09
1505,28.3,76.8,24.04,2021-09
1506,28.3,76.9,24.13,2021-09
1507,28.3,77.0,24.29,2021-09
1508,28.3,77.1,24.39,2021-09
1509,28.3,77.2,24.43,2021-09
1510,28.3,77.3,24.46,2021-09
1511,28.3,77.5,24.47,2021-09
1512,29.0,76.7,18.12,2021-10
1513,29.0,76.8,18.24,2021-10
1514,29.0,76.8,18.35,2021-10
1515,29.0,76.9,18.51,2021-10
1516,29.0,77.0,18.7,2021-10
1517,29.0,77.1,18.84,2021-10
1518,29.0,77.2,18.87,2021-10
1519,29.0,77.3,18.96,2021-10
1520,29.0,77.5,19.04,2021-10
1521,28.9,76.7,17.86,2021-10
1522,28.9,76.8,18.07,2021-10
1523,28.9,76.8,18.19,2021-10
1524,28.9,76.9,18.36,2021-10
1525,28.9,77.0,18.61,2021-10
1526,28.9,77.1,18.79,2021-10
1527,28.9,77.2,18.86,2021-10
1528,28.9,77.3,18.93,2021-10
1529,28.9,77.5,19.0,2021-10
1530,28.8,76.7,17.46,2021-10
1531,28.8,76.8,17.77,2021-10
1532,28.8,76.8,18.01,2021-10
1533,28.8,76.9,18.26,2021-10
1534,28.8,77.0,18.5,2021-10
1535,28.8,77.1,18.68,2021-10
1536,28.8,77.2,18.79,2021-10
1537,28.8,77.3,18.88,2021-10
1538,28.8,77.5,18.95,2021-10
1539,28.7,76.7,17.32,2021-10
1540,28.7,76.8,17.6,2021-10
1541,28.7,76.8,17.89,2021-10
1542,28.7,76.9,18.2,2021-10
1543,28.7,77.0,18.52,2021-10
1544,28.7,77.1,18.73,2021-10
1545,28.7,77.2,18.72,2021-10
1546,28.7,77.3,18.84,2021-10
1547,28.7,77.5,18.94,2021-10
1548,28.5,76.7,17.2,2021-10
1549,28.5,76.8,17.47,2021-10
1550,28.5,76.8,17.78,2021-10
1551,28.5,76.9,18.07,2021-10
1552,28.5,77.0,18.32,2021-10
1553,28.5,77.1,18.47,2021-10
1554,28.5,77.2,18.62,2021-10
1555,28.5,77.3,18.81,2021-10
1556,28.5,77.5,18.9,2021-10
1557,28.4,76.7,17.04,2021-10
1558,28.4,76.8,17.34,2021-10
1559,28.4,76.8,17.62,2021-10
1560,28.4,76.9,17.86,2021-10
1561,28.4,77.0,18.04,2021-10
1562,28.4,77.1,18.27,2021-10
1563,28.4,77.2,18.52,2021-10
1564,28.4,77.3,18.78,2021-10
1565,28.4,77.5,18.88,2021-10
1566,28.3,76.7,16.81,2021-10
1567,28.3,76.8,17.1,2021-10
1568,28.3,76.8,17.32,2021-10
1569,28.3,76.9,17.58,2021-10
1570,28.3,77.0,17.85,2021-10
1571,28.3,77.1,18.16,2021-10
1572,28.3,77.2,18.46,2021-10
1573,28.3,77.3,18.73,2021-10
1574,28.3,77.5,18.86,2021-10
1575,28.3,76.7,16.54,2021-10
1576,28.3,76.8,16.76,2021-10
1577,28.3,76.8,16.96,2021-10
1578,28.3,76.9,17.35,2021-10
1579,28.3,77.0,17.82,2021-10
1580,28.3,77.1,18.16,2021-10
1581,28.3,77.2,18.42,2021-10
1582,28.3,77.3,18.64,2021-10
1583,28.3,77.5,18.79,2021-10
1584,29.0,76.7,11.2,2021-11
1585,29.0,76.8,11.28,2021-11
1586,29.0,76.8,11.34,2021-11
1587,29.0,76.9,11.46,2021-11
1588,29.0,77.0,11.6,2021-11
1589,29.0,77.1,11.75,2021-11
1590,29.0,77.2,11.78,2021-11
1591,29.0,77.3,11.82,2021-11
1592,29.0,77.5,11.86,2021-11
1593,28.9,76.7,11.01,2021-11
1594,28.9,76.8,11.2,2021-11
1595,28.9,76.8,11.28,2021-11
1596,28.9,76.9,11.41,2021-11
1597,28.9,77.0,11.65,2021-11
1598,28.9,77.1,11.82,2021-11
1599,28.9,77.2,11.88,2021-11
1600,28.9,77.3,11.92,2021-11
1601,28.9,77.5,11.97,2021-11
1602,28.8,76.7,10.72,2021-11
1603,28.8,76.8,11.0,2021-11
1604,28.8,76.8,11.21,2021-11
1605,28.8,76.9,11.44,2021-11
1606,28.8,77.0,11.67,2021-11
1607,28.8,77.1,11.84,2021-11
1608,28.8,77.2,11.92,2021-11
1609,28.8,77.3,11.98,2021-11
1610,28.8,77.5,12.03,2021-11
1611,28.7,76.7,10.57,2021-11
1612,28.7,76.8,10.83,2021-11
1613,28.7,76.8,11.13,2021-11
1614,28.7,76.9,11.39,2021-11
1615,28.7,77.0,11.67,2021-11
1616,28.7,77.1,11.85,2021-11
1617,28.7,77.2,11.85,2021-11
1618,28.7,77.3,11.95,2021-11
1619,28.7,77.5,12.04,2021-11
1620,28.5,76.7,10.45,2021-11
1621,28.5,76.8,10.75,2021-11
1622,28.5,76.8,11.06,2021-11
1623,28.5,76.9,11.31,2021-11
1624,28.5,77.0,11.5,2021-11
1625,28.5,77.1,11.63,2021-11
1626,28.5,77.2,11.77,2021-11
1627,28.5,77.3,11.94,2021-11
1628,28.5,77.5,12.03,2021-11
1629,28.4,76.7,10.31,2021-11
1630,28.4,76.8,10.64,2021-11
1631,28.4,76.8,10.93,2021-11
1632,28.4,76.9,11.13,2021-11
1633,28.4,77.0,11.26,2021-11
1634,28.4,77.1,11.46,2021-11
1635,28.4,77.2,11.7,2021-11
1636,28.4,77.3,11.94,2021-11
1637,28.4,77.5,12.04,2021-11
1638,28.3,76.7,10.13,2021-11
1639,28.3,76.8,10.42,2021-11
1640,28.3,76.8,10.65,2021-11
1641,28.3,76.9,10.86,2021-11
1642,28.3,77.0,11.09,2021-11
1643,28.3,77.1,11.41,2021-11
1644,28.3,77.2,11.74,2021-11
1645,28.3,77.3,12.01,2021-11
1646,28.3,77.5,12.14,2021-11
1647,28.3,76.7,9.98,2021-11
1648,28.3,76.8,10.15,2021-11
1649,28.3,76.8,10.33,2021-11
1650,28.3,76.9,10.67,2021-11
1651,28.3,77.0,11.08,2021-11
1652,28.3,77.1,11.44,2021-11
1653,28.3,77.2,11.74,2021-11
1654,28.3,77.3,12.02,2021-11
1655,28.3,77.5,12.19,2021-11
1656,29.0,76.7,8.36,2021-12
1657,29.0,76.8,8.45,2021-12
1658,29.0,76.8,8.53,2021-12
1659,29.0,76.9,8.62,2021-12
1660,29.0,77.0,8.73,2021-12
1661,29.0,77.1,8.82,2021-12
1662,29.0,77.2,8.79,2021-12
1663,29.0,77.3,8.8,2021-12
1664,29.0,77.5,8.82,2021-12
1665,28.9,76.7,8.28,2021-12
1666,28.9,76.8,8.42,2021-12
1667,28.9,76.8,8.49,2021-12
1668,28.9,76.9,8.6,2021-12
1669,28.9,77.0,8.76,2021-12
1670,28.9,77.1,8.87,2021-12
1671,28.9,77.2,8.88,2021-12
1672,28.9,77.3,8.88,2021-12
1673,28.9,77.5,8.89,2021-12
1674,28.8,76.7,8.17,2021-12
1675,28.8,76.8,8.33,2021-12
1676,28.8,76.8,8.46,2021-12
1677,28.8,76.9,8.61,2021-12
1678,28.8,77.0,8.76,2021-12
1679,28.8,77.1,8.86,2021-12
1680,28.8,77.2,8.89,2021-12
1681,28.8,77.3,8.91,2021-12
1682,28.8,77.5,8.92,2021-12
1683,28.7,76.7,8.07,2021-12
1684,28.7,76.8,8.21,2021-12
1685,28.7,76.8,8.38,2021-12
1686,28.7,76.9,8.55,2021-12
1687,28.7,77.0,8.75,2021-12
1688,28.7,77.1,8.86,2021-12
1689,28.7,77.2,8.82,2021-12
1690,28.7,77.3,8.87,2021-12
1691,28.7,77.5,8.93,2021-12
1692,28.5,76.7,7.98,2021-12
1693,28.5,76.8,8.14,2021-12
1694,28.5,76.8,8.33,2021-12
1695,28.5,76.9,8.48,2021-12
1696,28.5,77.0,8.58,2021-12
1697,28.5,77.1,8.65,2021-12
1698,28.5,77.2,8.73,2021-12
1699,28.5,77.3,8.86,2021-12
1700,28.5,77.5,8.93,2021-12
1701,28.4,76.7,7.87,2021-12
1702,28.4,76.8,8.06,2021-12
1703,28.4,76.8,8.23,2021-12
1704,28.4,76.9,8.33,2021-12
1705,28.4,77.0,8.35,2021-12
1706,28.4,77.1,8.47,2021-12
1707,28.4,77.2,8.67,2021-12
1708,28.4,77.3,8.86,2021-12
1709,28.4,77.5,8.94,2021-12
1710,28.3,76.7,7.79,2021-12
1711,28.3,76.8,7.93,2021-12
1712,28.3,76.8,8.04,2021-12
1713,28.3,76.9,8.13,2021-12
1714,28.3,77.0,8.26,2021-12
1715,28.3,77.1,8.44,2021-12
1716,28.3,77.2,8.69,2021-12
1717,28.3,77.3,8.89,2021-12
1718,28.3,77.5,8.98,2021-12
1719,28.3,76.7,7.76,2021-12
1720,28.3,76.8,7.76,2021-12
1721,28.3,76.8,7.82,2021-12
1722,28.3,76.9,8.01,2021-12
1723,28.3,77.0,8.26,2021-12
1724,28.3,77.1,8.48,2021-12
1725,28.3,77.2,8.68,2021-12
1726,28.3,77.3,8.87,2021-12
1727,28.3,77.5,8.98,2021-12
1728,29.0,76.7,9.2,2022-01
1729,29.0,76.8,9.25,2022-01
1730,29.0,76.8,9.28,2022-01
1731,29.0,76.9,9.33,2022-01
1732,29.0,77.0,9.38,2022-01
1733,29.0,77.1,9.42,2022-01
1734,29.0,77.2,9.39,2022-01
1735,29.0,77.3,9.38,2022-01
1736,29.0,77.5,9.38,2022-01
1737,28.9,76.7,9.16,2022-01
1738,28.9,76.8,9.22,2022-01
1739,28.9,76.8,9.26,2022-01
1740,28.9,76.9,9.3,2022-01
1741,28.9,77.0,9.37,2022-01
1742,28.9,77.1,9.4,2022-01
1743,28.9,77.2,9.4,2022-01
1744,28.9,77.3,9.38,2022-01
1745,28.9,77.5,9.38,2022-01
1746,28.8,76.7,9.1,2022-01
1747,28.8,76.8,9.16,2022-01
1748,28.8,76.8,9.22,2022-01
1749,28.8,76.9,9.27,2022-01
1750,28.8,77.0,9.33,2022-01
1751,28.8,77.1,9.36,2022-01
1752,28.8,77.2,9.36,2022-01
1753,28.8,77.3,9.35,2022-01
1754,28.8,77.5,9.37,2022-01
1755,28.7,76.7,9.02,2022-01
1756,28.7,76.8,9.08,2022-01
1757,28.7,76.8,9.16,2022-01
1758,28.7,76.9,9.23,2022-01
1759,28.7,77.0,9.35,2022-01
1760,28.7,77.1,9.4,2022-01
1761,28.7,77.2,9.3,2022-01
1762,28.7,77.3,9.32,2022-01
1763,28.7,77.5,9.34,2022-01
1764,28.5,76.7,8.97,2022-01
1765,28.5,76.8,9.04,2022-01
1766,28.5,76.8,9.13,2022-01
1767,28.5,76.9,9.18,2022-01
1768,28.5,77.0,9.21,2022-01
1769,28.5,77.1,9.21,2022-01
1770,28.5,77.2,9.24,2022-01
1771,28.5,77.3,9.29,2022-01
1772,28.5,77.5,9.32,2022-01
1773,28.4,76.7,8.9,2022-01
1774,28.4,76.8,8.99,2022-01
1775,28.4,76.8,9.07,2022-01
1776,28.4,76.9,9.07,2022-01
1777,28.4,77.0,9.02,2022-01
1778,28.4,77.1,9.05,2022-01
1779,28.4,77.2,9.17,2022-01
1780,28.4,77.3,9.28,2022-01
1781,28.4,77.5,9.3,2022-01
1782,28.3,76.7,8.81,2022-01
1783,28.3,76.8,8.88,2022-01
1784,28.3,76.8,8.91,2022-01
1785,28.3,76.9,8.91,2022-01
1786,28.3,77.0,8.94,2022-01
1787,28.3,77.1,9.02,2022-01
1788,28.3,77.2,9.14,2022-01
1789,28.3,77.3,9.25,2022-01
1790,28.3,77.5,9.29,2022-01
1791,28.3,76.7,8.72,2022-01
1792,28.3,76.8,8.72,2022-01
1793,28.3,76.8,8.72,2022-01
1794,28.3,76.9,8.8,2022-01
1795,28.3,77.0,8.93,2022-01
1796,28.3,77.1,9.04,2022-01
1797,28.3,77.2,9.13,2022-01
1798,28.3,77.3,9.2,2022-01
1799,28.3,77.5,9.24,2022-01
1800,29.0,76.7,10.06,2022-02
1801,29.0,76.8,10.13,2022-02
1802,29.0,76.8,10.16,2022-02
1803,29.0,76.9,10.19,2022-02
1804,29.0,77.0,10.22,2022-02
1805,29.0,77.1,10.23,2022-02
1806,29.0,77.2,10.16,2022-02
1807,29.0,77.3,10.11,2022-02
1808,29.0,77.5,10.07,2022-02
1809,28.9,76.7,9.97,2022-02
1810,28.9,76.8,10.09,2022-02
1811,28.9,76.8,10.13,2022-02
1812,28.9,76.9,10.16,2022-02
1813,28.9,77.0,10.24,2022-02
1814,28.9,77.1,10.28,2022-02
1815,28.9,77.2,10.25,2022-02
1816,28.9,77.3,10.2,2022-02
1817,28.9,77.5,10.17,2022-02
1818,28.8,76.7,9.8,2022-02
1819,28.8,76.8,9.96,2022-02
1820,28.8,76.8,10.06,2022-02
1821,28.8,76.9,10.15,2022-02
1822,28.8,77.0,10.23,2022-02
1823,28.8,77.1,10.26,2022-02
1824,28.8,77.2,10.24,2022-02
1825,28.8,77.3,10.23,2022-02
1826,28.8,77.5,10.22,2022-02
1827,28.7,76.7,9.63,2022-02
1828,28.7,76.8,9.76,2022-02
1829,28.7,76.8,9.91,2022-02
1830,28.7,76.9,10.04,2022-02
1831,28.7,77.0,10.18,2022-02
1832,28.7,77.1,10.24,2022-02
1833,28.7,77.2,10.14,2022-02
1834,28.7,77.3,10.17,2022-02
1835,28.7,77.5,10.22,2022-02
1836,28.5,76.7,9.46,2022-02
1837,28.5,76.8,9.59,2022-02
1838,28.5,76.8,9.74,2022-02
1839,28.5,76.9,9.86,2022-02
1840,28.5,77.0,9.92,2022-02
1841,28.5,77.1,9.94,2022-02
1842,28.5,77.2,10.02,2022-02
1843,28.5,77.3,10.14,2022-02
1844,28.5,77.5,10.19,2022-02
1845,28.4,76.7,9.25,2022-02
1846,28.4,76.8,9.41,2022-02
1847,28.4,76.8,9.54,2022-02
1848,28.4,76.9,9.61,2022-02
1849,28.4,77.0,9.59,2022-02
1850,28.4,77.1,9.69,2022-02
1851,28.4,77.2,9.91,2022-02
1852,28.4,77.3,10.11,2022-02
1853,28.4,77.5,10.18,2022-02
1854,28.3,76.7,9.05,2022-02
1855,28.3,76.8,9.17,2022-02
1856,28.3,76.8,9.24,2022-02
1857,28.3,76.9,9.31,2022-02
1858,28.3,77.0,9.43,2022-02
1859,28.3,77.1,9.65,2022-02
1860,28.3,77.2,9.89,2022-02
1861,28.3,77.3,10.1,2022-02
1862,28.3,77.5,10.19,2022-02
1863,28.3,76.7,8.84,2022-02
1864,28.3,76.8,8.87,2022-02
1865,28.3,76.8,8.91,2022-02
1866,28.3,76.9,9.12,2022-02
1867,28.3,77.0,9.43,2022-02
1868,28.3,77.1,9.69,2022-02
1869,28.3,77.2,9.88,2022-02
1870,28.3,77.3,10.04,2022-02
1871,28.3,77.5,10.14,2022-02
1872,29.0,76.7,13.27,2022-03
1873,29.0,76.8,13.45,2022-03
1874,29.0,76.8,13.6,2022-03
1875,29.0,76.9,13.74,2022-03
1876,29.0,77.0,13.89,2022-03
1877,29.0,77.1,13.98,2022-03
1878,29.0,77.2,13.9,2022-03
1879,29.0,77.3,13.84,2022-03
1880,29.0,77.5,13.77,2022-03
1881,28.9,76.7,13.06,2022-03
1882,28.9,76.8,13.32,2022-03
1883,28.9,76.8,13.47,2022-03
1884,28.9,76.9,13.63,2022-03
1885,28.9,77.0,13.84,2022-03
1886,28.9,77.1,13.97,2022-03
1887,28.9,77.2,13.94,2022-03
1888,28.9,77.3,13.9,2022-03
1889,28.9,77.5,13.84,2022-03
1890,28.8,76.7,12.77,2022-03
1891,28.8,76.8,13.08,2022-03
1892,28.8,76.8,13.31,2022-03
1893,28.8,76.9,13.52,2022-03
1894,28.8,77.0,13.72,2022-03
1895,28.8,77.1,13.85,2022-03
1896,28.8,77.2,13.88,2022-03
1897,28.8,77.3,13.87,2022-03
1898,28.8,77.5,13.85,2022-03
1899,28.7,76.7,12.41,2022-03
1900,28.7,76.8,12.63,2022-03
1901,28.7,76.8,12.9,2022-03
1902,28.7,76.9,13.19,2022-03
1903,28.7,77.0,13.38,2022-03
1904,28.7,77.1,13.48,2022-03
1905,28.7,77.2,13.57,2022-03
1906,28.7,77.3,13.65,2022-03
1907,28.7,77.5,13.77,2022-03
1908,28.5,76.7,11.96,2022-03
1909,28.5,76.8,12.16,2022-03
1910,28.5,76.8,12.41,2022-03
1911,28.5,76.9,12.74,2022-03
1912,28.5,77.0,12.93,2022-03
1913,28.5,77.1,13.07,2022-03
1914,28.5,77.2,13.27,2022-03
1915,28.5,77.3,13.49,2022-03
1916,28.5,77.5,13.63,2022-03
1917,28.4,76.7,11.4,2022-03
1918,28.4,76.8,11.63,2022-03
1919,28.4,76.8,11.88,2022-03
1920,28.4,76.9,12.17,2022-03
1921,28.4,77.0,12.36,2022-03
1922,28.4,77.1,12.64,2022-03
1923,28.4,77.2,13.01,2022-03
1924,28.4,77.3,13.33,2022-03
1925,28.4,77.5,13.49,2022-03
1926,28.3,76.7,10.92,2022-03
1927,28.3,76.8,11.08,2022-03
1928,28.3,76.8,11.31,2022-03
1929,28.3,76.9,11.6,2022-03
1930,28.3,77.0,11.93,2022-03
1931,28.3,77.1,12.32,2022-03
1932,28.3,77.2,12.79,2022-03
1933,28.3,77.3,13.16,2022-03
1934,28.3,77.5,13.35,2022-03
1935,28.3,76.7,10.56,2022-03
1936,28.3,76.8,10.5,2022-03
1937,28.3,76.8,10.64,2022-03
1938,28.3,76.9,11.05,2022-03
1939,28.3,77.0,11.55,2022-03
1940,28.3,77.1,12.03,2022-03
1941,28.3,77.2,12.47,2022-03
1942,28.3,77.3,12.89,2022-03
1943,28.3,77.5,13.15,2022-03
1944,29.0,76.7,7.9,2022-04
1945,29.0,76.8,8.59,2022-04
1946,29.0,76.8,9.18,2022-04
1947,29.0,76.9,9.73,2022-04
1948,29.0,77.0,10.25,2022-04
1949,29.0,77.1,10.54,2022-04
1950,29.0,77.2,10.61,2022-04
1951,29.0,77.3,10.6,2022-04
1952,29.0,77.5,10.53,2022-04
1953,28.9,76.7,7.44,2022-04
1954,28.9,76.8,8.12,2022-04
1955,28.9,76.8,8.72,2022-04
1956,28.9,76.9,9.28,2022-04
1957,28.9,77.0,9.76,2022-04
1958,28.9,77.1,10.14,2022-04
1959,28.9,77.2,10.29,2022-04
1960,28.9,77.3,10.37,2022-04
1961,28.9,77.5,10.33,2022-04
1962,28.8,76.7,6.99,2022-04
1963,28.8,76.8,7.67,2022-04
1964,28.8,76.8,8.21,2022-04
1965,28.8,76.9,8.7,2022-04
1966,28.8,77.0,9.18,2022-04
1967,28.8,77.1,9.57,2022-04
1968,28.8,77.2,9.82,2022-04
1969,28.8,77.3,10.0,2022-04
1970,28.8,77.5,10.11,2022-04
1971,28.7,76.7,6.73,2022-04
1972,28.7,76.8,7.11,2022-04
1973,28.7,76.8,7.46,2022-04
1974,28.7,76.9,7.99,2022-04
1975,28.7,77.0,8.5,2022-04
1976,28.7,77.1,8.91,2022-04
1977,28.7,77.2,9.15,2022-04
1978,28.7,77.3,9.44,2022-04
1979,28.7,77.5,9.77,2022-04
1980,28.5,76.7,6.16,2022-04
1981,28.5,76.8,6.35,2022-04
1982,28.5,76.8,6.65,2022-04
1983,28.5,76.9,7.21,2022-04
1984,28.5,77.0,7.64,2022-04
1985,28.5,77.1,8.01,2022-04
1986,28.5,77.2,8.45,2022-04
1987,28.5,77.3,8.9,2022-04
1988,28.5,77.5,9.22,2022-04
1989,28.4,76.7,5.33,2022-04
1990,28.4,76.8,5.56,2022-04
1991,28.4,76.8,5.86,2022-04
1992,28.4,76.9,6.38,2022-04
1993,28.4,77.0,6.73,2022-04
1994,28.4,77.1,7.2,2022-04
1995,28.4,77.2,7.85,2022-04
1996,28.4,77.3,8.44,2022-04
1997,28.4,77.5,8.79,2022-04
1998,28.3,76.7,4.93,2022-04
1999,28.3,76.8,5.06,2022-04
2000,28.3,76.8,5.35,2022-04
2001,28.3,76.9,5.83,2022-04
2002,28.3,77.0,6.3,2022-04
2003,28.3,77.1,6.88,2022-04
2004,28.3,77.2,7.69,2022-04
2005,28.3,77.3,8.35,2022-04
2006,28.3,77.5,8.79,2022-04
2007,28.3,76.7,4.74,2022-04
2008,28.3,76.8,4.56,2022-04
2009,28.3,76.8,4.73,2022-04
2010,28.3,76.9,5.27,2022-04
2011,28.3,77.0,5.89,2022-04
2012,28.3,77.1,6.58,2022-04
2013,28.3,77.2,7.35,2022-04
2014,28.3,77.3,8.1,2022-04
2015,28.3,77.5,8.68,2022-04
2016,29.0,76.7,16.41,2022-05
2017,29.0,76.8,16.93,2022-05
2018,29.0,76.8,17.41,2022-05
2019,29.0,76.9,17.88,2022-05
2020,29.0,77.0,18.34,2022-05
2021,29.0,77.1,18.72,2022-05
2022,29.0,77.2,18.82,2022-05
2023,29.0,77.3,18.9,2022-05
2024,29.0,77.5,18.97,2022-05
2025,28.9,76.7,16.04,2022-05
2026,28.9,76.8,16.61,2022-05
2027,28.9,76.8,17.1,2022-05
2028,28.9,76.9,17.6,2022-05
2029,28.9,77.0,18.15,2022-05
2030,28.9,77.1,18.56,2022-05
2031,28.9,77.2,18.73,2022-05
2032,28.9,77.3,18.85,2022-05
2033,28.9,77.5,18.92,2022-05
2034,28.8,76.7,15.63,2022-05
2035,28.8,76.8,16.23,2022-05
2036,28.8,76.8,16.77,2022-05
2037,28.8,76.9,17.34,2022-05
2038,28.8,77.0,17.9,2022-05
2039,28.8,77.1,18.3,2022-05
2040,28.8,77.2,18.52,2022-05
2041,28.8,77.3,18.68,2022-05
2042,28.8,77.5,18.84,2022-05
2043,28.7,76.7,15.3,2022-05
2044,28.7,76.8,15.75,2022-05
2045,28.7,76.8,16.24,2022-05
2046,28.7,76.9,16.88,2022-05
2047,28.7,77.0,17.51,2022-05
2048,28.7,77.1,17.97,2022-05
2049,28.7,77.2,18.11,2022-05
2050,28.7,77.3,18.34,2022-05
2051,28.7,77.5,18.64,2022-05
2052,28.5,76.7,14.81,2022-05
2053,28.5,76.8,15.18,2022-05
2054,28.5,76.8,15.65,2022-05
2055,28.5,76.9,16.33,2022-05
2056,28.5,77.0,16.89,2022-05
2057,28.5,77.1,17.34,2022-05
2058,28.5,77.2,17.65,2022-05
2059,28.5,77.3,18.04,2022-05
2060,28.5,77.5,18.34,2022-05
2061,28.4,76.7,14.21,2022-05
2062,28.4,76.8,14.63,2022-05
2063,28.4,76.8,15.09,2022-05
2064,28.4,76.9,15.74,2022-05
2065,28.4,77.0,16.23,2022-05
2066,28.4,77.1,16.78,2022-05
2067,28.4,77.2,17.32,2022-05
2068,28.4,77.3,17.81,2022-05
2069,28.4,77.5,18.12,2022-05
2070,28.3,76.7,13.91,2022-05
2071,28.3,76.8,14.27,2022-05
2072,28.3,76.8,14.73,2022-05
2073,28.3,76.9,15.36,2022-05
2074,28.3,77.0,15.97,2022-05
2075,28.3,77.1,16.6,2022-05
2076,28.3,77.2,17.26,2022-05
2077,28.3,77.3,17.78,2022-05
2078,28.3,77.5,18.16,2022-05
2079,28.3,76.7,13.68,2022-05
2080,28.3,76.8,13.88,2022-05
2081,28.3,76.8,14.29,2022-05
2082,28.3,76.9,15.0,2022-05
2083,28.3,77.0,15.8,2022-05
2084,28.3,77.1,16.5,2022-05
2085,28.3,77.2,17.12,2022-05
2086,28.3,77.3,17.67,2022-05
2087,28.3,77.5,18.11,2022-05
2088,29.0,76.7,16.54,2022-06
2089,29.0,76.8,16.81,2022-06
2090,29.0,76.8,17.08,2022-06
2091,29.0,76.9,17.52,2022-06
2092,29.0,77.0,17.93,2022-06
2093,29.0,77.1,18.16,2022-06
2094,29.0,77.2,18.22,2022-06
2095,29.0,77.3,18.32,2022-06
2096,29.0,77.5,18.39,2022-06
2097,28.9,76.7,16.43,2022-06
2098,28.9,76.8,16.7,2022-06
2099,28.9,76.8,16.99,2022-06
2100,28.9,76.9,17.39,2022-06
2101,28.9,77.0,17.77,2022-06
2102,28.9,77.1,18.05,2022-06
2103,28.9,77.2,18.15,2022-06
2104,28.9,77.3,18.23,2022-06
2105,28.9,77.5,18.27,2022-06
2106,28.8,76.7,16.31,2022-06
2107,28.8,76.8,16.59,2022-06
2108,28.8,76.8,16.84,2022-06
2109,28.8,76.9,17.19,2022-06
2110,28.8,77.0,17.56,2022-06
2111,28.8,77.1,17.83,2022-06
2112,28.8,77.2,17.98,2022-06
2113,28.8,77.3,18.08,2022-06
2114,28.8,77.5,18.17,2022-06
2115,28.7,76.7,16.34,2022-06
2116,28.7,76.8,16.45,2022-06
2117,28.7,76.8,16.57,2022-06
2118,28.7,76.9,16.85,2022-06
2119,28.7,77.0,17.19,2022-06
2120,28.7,77.1,17.47,2022-06
2121,28.7,77.2,17.6,2022-06
2122,28.7,77.3,17.77,2022-06
2123,28.7,77.5,17.98,2022-06
2124,28.5,76.7,16.24,2022-06
2125,28.5,76.8,16.26,2022-06
2126,28.5,76.8,16.35,2022-06
2127,28.5,76.9,16.57,2022-06
2128,28.5,77.0,16.71,2022-06
2129,28.5,77.1,16.92,2022-06
2130,28.5,77.2,17.18,2022-06
2131,28.5,77.3,17.47,2022-06
2132,28.5,77.5,17.67,2022-06
2133,28.4,76.7,16.02,2022-06
2134,28.4,76.8,16.07,2022-06
2135,28.4,76.8,16.15,2022-06
2136,28.4,76.9,16.28,2022-06
2137,28.4,77.0,16.31,2022-06
2138,28.4,77.1,16.43,2022-06
2139,28.4,77.2,16.83,2022-06
2140,28.4,77.3,17.22,2022-06
2141,28.4,77.5,17.44,2022-06
2142,28.3,76.7,15.98,2022-06
2143,28.3,76.8,15.98,2022-06
2144,28.3,76.8,16.01,2022-06
2145,28.3,76.9,16.13,2022-06
2146,28.3,77.0,16.26,2022-06
2147,28.3,77.1,16.45,2022-06
2148,28.3,77.2,16.81,2022-06
2149,28.3,77.3,17.18,2022-06
2150,28.3,77.5,17.46,2022-06
2151,28.3,76.7,15.93,2022-06
2152,28.3,76.8,15.84,2022-06
2153,28.3,76.8,15.82,2022-06
2154,28.3,76.9,16.02,2022-06
2155,28.3,77.0,16.3,2022-06
2156,28.3,77.1,16.57,2022-06
2157,28.3,77.2,16.83,2022-06
2158,28.3,77.3,17.11,2022-06
2159,28.3,77.5,17.39,2022-06
2160,29.0,76.7,25.35,2022-07
2161,29.0,76.8,25.36,2022-07
2162,29.0,76.8,25.35,2022-07
2163,29.0,76.9,25.4,2022-07
2164,29.0,77.0,25.45,2022-07
2165,29.0,77.1,25.4,2022-07
2166,29.0,77.2,25.35,2022-07
2167,29.0,77.3,25.35,2022-07
2168,29.0,77.5,25.34,2022-07
2169,28.9,76.7,25.34,2022-07
2170,28.9,76.8,25.36,2022-07
2171,28.9,76.8,25.34,2022-07
2172,28.9,76.9,25.38,2022-07
2173,28.9,77.0,25.41,2022-07
2174,28.9,77.1,25.41,2022-07
2175,28.9,77.2,25.37,2022-07
2176,28.9,77.3,25.35,2022-07
2177,28.9,77.5,25.32,2022-07
2178,28.8,76.7,25.25,2022-07
2179,28.8,76.8,25.29,2022-07
2180,28.8,76.8,25.31,2022-07
2181,28.8,76.9,25.33,2022-07
2182,28.8,77.0,25.36,2022-07
2183,28.8,77.1,25.36,2022-07
2184,28.8,77.2,25.34,2022-07
2185,28.8,77.3,25.33,2022-07
2186,28.8,77.5,25.3,2022-07
2187,28.7,76.7,25.19,2022-07
2188,28.7,76.8,25.21,2022-07
2189,28.7,76.8,25.27,2022-07
2190,28.7,76.9,25.33,2022-07
2191,28.7,77.0,25.41,2022-07
2192,28.7,77.1,25.42,2022-07
2193,28.7,77.2,25.31,2022-07
2194,28.7,77.3,25.31,2022-07
2195,28.7,77.5,25.29,2022-07
2196,28.5,76.7,25.15,2022-07
2197,28.5,76.8,25.18,2022-07
2198,28.5,76.8,25.26,2022-07
2199,28.5,76.9,25.29,2022-07
2200,28.5,77.0,25.28,2022-07
2201,28.5,77.1,25.22,2022-07
2202,28.5,77.2,25.24,2022-07
2203,28.5,77.3,25.28,2022-07
2204,28.5,77.5,25.23,2022-07
2205,28.4,76.7,25.1,2022-07
2206,28.4,76.8,25.17,2022-07
2207,28.4,76.8,25.21,2022-07
2208,28.4,76.9,25.17,2022-07
2209,28.4,77.0,25.08,2022-07
2210,28.4,77.1,25.05,2022-07
2211,28.4,77.2,25.13,2022-07
2212,28.4,77.3,25.23,2022-07
2213,28.4,77.5,25.19,2022-07
2214,28.3,76.7,25.06,2022-07
2215,28.3,76.8,25.09,2022-07
2216,28.3,76.8,25.08,2022-07
2217,28.3,76.9,25.05,2022-07
2218,28.3,77.0,25.02,2022-07
2219,28.3,77.1,25.03,2022-07
2220,28.3,77.2,25.1,2022-07
2221,28.3,77.3,25.17,2022-07
2222,28.3,77.5,25.14,2022-07
2223,28.3,76.7,25.0,2022-07
2224,28.3,76.8,24.96,2022-07
2225,28.3,76.8,24.9,2022-07
2226,28.3,76.9,24.96,2022-07
2227,28.3,77.0,25.07,2022-07
2228,28.3,77.1,25.12,2022-07
2229,28.3,77.2,25.11,2022-07
2230,28.3,77.3,25.08,2022-07
2231,28.3,77.5,25.04,2022-07
2232,29.0,76.7,24.28,2022-08
2233,29.0,76.8,24.35,2022-08
2234,29.0,76.8,24.41,2022-08
2235,29.0,76.9,24.51,2022-08
2236,29.0,77.0,24.62,2022-08
2237,29.0,77.1,24.62,2022-08
2238,29.0,77.2,24.59,2022-08
2239,29.0,77.3,24.63,2022-08
2240,29.0,77.5,24.68,2022-08
2241,28.9,76.7,24.19,2022-08
2242,28.9,76.8,24.29,2022-08
2243,28.9,76.8,24.34,2022-08
2244,28.9,76.9,24.43,2022-08
2245,28.9,77.0,24.54,2022-08
2246,28.9,77.1,24.6,2022-08
2247,28.9,77.2,24.59,2022-08
2248,28.9,77.3,24.6,2022-08
2249,28.9,77.5,24.62,2022-08
2250,28.8,76.7,24.04,2022-08
2251,28.8,76.8,24.15,2022-08
2252,28.8,76.8,24.24,2022-08
2253,28.8,76.9,24.34,2022-08
2254,28.8,77.0,24.43,2022-08
2255,28.8,77.1,24.49,2022-08
2256,28.8,77.2,24.51,2022-08
2257,28.8,77.3,24.53,2022-08
2258,28.8,77.5,24.54,2022-08
2259,28.7,76.7,23.97,2022-08
2260,28.7,76.8,24.05,2022-08
2261,28.7,76.8,24.16,2022-08
2262,28.7,76.9,24.27,2022-08
2263,28.7,77.0,24.41,2022-08
2264,28.7,77.1,24.48,2022-08
2265,28.7,77.2,24.42,2022-08
2266,28.7,77.3,24.46,2022-08
2267,28.7,77.5,24.49,2022-08
2268,28.5,76.7,23.92,2022-08
2269,28.5,76.8,23.98,2022-08
2270,28.5,76.8,24.09,2022-08
2271,28.5,76.9,24.18,2022-08
2272,28.5,77.0,24.23,2022-08
2273,28.5,77.1,24.23,2022-08
2274,28.5,77.2,24.3,2022-08
2275,28.5,77.3,24.39,2022-08
2276,28.5,77.5,24.4,2022-08
2277,28.4,76.7,23.85,2022-08
2278,28.4,76.8,23.94,2022-08
2279,28.4,76.8,24.02,2022-08
2280,28.4,76.9,24.03,2022-08
2281,28.4,77.0,24.0,2022-08
2282,28.4,77.1,24.02,2022-08
2283,28.4,77.2,24.16,2022-08
2284,28.4,77.3,24.32,2022-08
2285,28.4,77.5,24.33,2022-08
2286,28.3,76.7,23.81,2022-08
2287,28.3,76.8,23.87,2022-08
2288,28.3,76.8,23.89,2022-08
2289,28.3,76.9,23.92,2022-08
2290,28.3,77.0,23.94,2022-08
2291,28.3,77.1,24.02,2022-08
2292,28.3,77.2,24.15,2022-08
2293,28.3,77.3,24.28,2022-08
2294,28.3,77.5,24.33,2022-08
2295,28.3,76.7,23.75,2022-08
2296,28.3,76.8,23.73,2022-08
2297,28.3,76.8,23.71,2022-08
2298,28.3,76.9,23.83,2022-08
2299,28.3,77.0,24.0,2022-08
2300,28.3,77.1,24.12,2022-08
2301,28.3,77.2,24.18,2022-08
2302,28.3,77.3,24.23,2022-08
2303,28.3,77.5,24.26,2022-08
2304,29.0,76.7,23.05,2022-09
2305,29.0,76.8,23.14,2022-09
2306,29.0,76.8,23.22,2022-09
2307,29.0,76.9,23.32,2022-09
2308,29.0,77.0,23.43,2022-09
2309,29.0,77.1,23.46,2022-09
2310,29.0,77.2,23.44,2022-09
2311,29.0,77.3,23.47,2022-09
2312,29.0,77.5,23.5,2022-09
2313,28.9,76.7,22.9,2022-09
2314,28.9,76.8,23.02,2022-09
2315,28.9,76.8,23.1,2022-09
2316,28.9,76.9,23.2,2022-09
2317,28.9,77.0,23.34,2022-09
2318,28.9,77.1,23.42,2022-09
2319,28.9,77.2,23.41,2022-09
2320,28.9,77.3,23.42,2022-09
2321,28.9,77.5,23.44,2022-09
2322,28.8,76.7,22.7,2022-09
2323,28.8,76.8,22.84,2022-09
2324,28.8,76.8,22.96,2022-09
2325,28.8,76.9,23.08,2022-09
2326,28.8,77.0,23.21,2022-09
2327,28.8,77.1,23.29,2022-09
2328,28.8,77.2,23.32,2022-09
2329,28.8,77.3,23.34,2022-09
2330,28.8,77.5,23.36,2022-09
2331,28.7,76.7,22.59,2022-09
2332,28.7,76.8,22.7,2022-09
2333,28.7,76.8,22.84,2022-09
2334,28.7,76.9,22.98,2022-09
2335,28.7,77.0,23.09,2022-09
2336,28.7,77.1,23.16,2022-09
2337,28.7,77.2,23.2,2022-09
2338,28.7,77.3,23.23,2022-09
2339,28.7,77.5,23.26,2022-09
2340,28.5,76.7,22.51,2022-09
2341,28.5,76.8,22.61,2022-09
2342,28.5,76.8,22.75,2022-09
2343,28.5,76.9,22.85,2022-09
2344,28.5,77.0,22.89,2022-09
2345,28.5,77.1,22.92,2022-09
2346,28.5,77.2,23.02,2022-09
2347,28.5,77.3,23.11,2022-09
2348,28.5,77.5,23.12,2022-09
2349,28.4,76.7,22.38,2022-09
2350,28.4,76.8,22.52,2022-09
2351,28.4,76.8,22.63,2022-09
2352,28.4,76.9,22.66,2022-09
2353,28.4,77.0,22.65,2022-09
2354,28.4,77.1,22.66,2022-09
2355,28.4,77.2,22.82,2022-09
2356,28.4,77.3,23.0,2022-09
2357,28.4,77.5,23.0,2022-09
2358,28.3,76.7,22.29,2022-09
2359,28.3,76.8,22.4,2022-09
2360,28.3,76.8,22.46,2022-09
2361,28.3,76.9,22.5,2022-09
2362,28.3,77.0,22.54,2022-09
2363,28.3,77.1,22.65,2022-09
2364,28.3,77.2,22.8,2022-09
2365,28.3,77.3,22.95,2022-09
2366,28.3,77.5,22.99,2022-09
2367,28.3,76.7,22.14,2022-09
2368,28.3,76.8,22.2,2022-09
2369,28.3,76.8,22.23,2022-09
2370,28.3,76.9,22.37,2022-09
2371,28.3,77.0,22.58,2022-09
2372,28.3,77.1,22.73,2022-09
2373,28.3,77.2,22.81,2022-09
2374,28.3,77.3,22.86,2022-09
2375,28.3,77.5,22.89,2022-09
2376,29.0,76.7,17.9,2022-10
2377,29.0,76.8,18.05,2022-10
2378,29.0,76.8,18.17,2022-10
2379,29.0,76.9,18.33,2022-10
2380,29.0,77.0,18.5,2022-10
2381,29.0,77.1,18.58,2022-10
2382,29.0,77.2,18.6,2022-10
2383,29.0,77.3,18.68,2022-10
2384,29.0,77.5,18.76,2022-10
2385,28.9,76.7,17.83,2022-10
2386,28.9,76.8,18.01,2022-10
2387,28.9,76.8,18.13,2022-10
2388,28.9,76.9,18.29,2022-10
2389,28.9,77.0,18.46,2022-10
2390,28.9,77.1,18.59,2022-10
2391,28.9,77.2,18.62,2022-10
2392,28.9,77.3,18.67,2022-10
2393,28.9,77.5,18.73,2022-10
2394,28.8,76.7,17.66,2022-10
2395,28.8,76.8,17.89,2022-10
2396,28.8,76.8,18.07,2022-10
2397,28.8,76.9,18.24,2022-10
2398,28.8,77.0,18.41,2022-10
2399,28.8,77.1,18.53,2022-10
2400,28.8,77.2,18.59,2022-10
2401,28.8,77.3,18.64,2022-10
2402,28.8,77.5,18.69,2022-10
2403,28.7,76.7,17.54,2022-10
2404,28.7,76.8,17.75,2022-10
2405,28.7,76.8,17.97,2022-10
2406,28.7,76.9,18.19,2022-10
2407,28.7,77.0,18.44,2022-10
2408,28.7,77.1,18.59,2022-10
2409,28.7,77.2,18.54,2022-10
2410,28.7,77.3,18.61,2022-10
2411,28.7,77.5,18.68,2022-10
2412,28.5,76.7,17.43,2022-10
2413,28.5,76.8,17.63,2022-10
2414,28.5,76.8,17.87,2022-10
2415,28.5,76.9,18.08,2022-10
2416,28.5,77.0,18.27,2022-10
2417,28.5,77.1,18.37,2022-10
2418,28.5,77.2,18.46,2022-10
2419,28.5,77.3,18.59,2022-10
2420,28.5,77.5,18.65,2022-10
2421,28.4,76.7,17.3,2022-10
2422,28.4,76.8,17.52,2022-10
2423,28.4,76.8,17.73,2022-10
2424,28.4,76.9,17.89,2022-10
2425,28.4,77.0,18.02,2022-10
2426,28.4,77.1,18.18,2022-10
2427,28.4,77.2,18.37,2022-10
2428,28.4,77.3,18.57,2022-10
2429,28.4,77.5,18.64,2022-10
2430,28.3,76.7,17.14,2022-10
2431,28.3,76.8,17.34,2022-10
2432,28.3,76.8,17.51,2022-10
2433,28.3,76.9,17.69,2022-10
2434,28.3,77.0,17.87,2022-10
2435,28.3,77.1,18.11,2022-10
2436,28.3,77.2,18.34,2022-10
2437,28.3,77.3,18.54,2022-10
2438,28.3,77.5,18.63,2022-10
2439,28.3,76.7,16.95,2022-10
2440,28.3,76.8,17.11,2022-10
2441,28.3,76.8,17.25,2022-10
2442,28.3,76.9,17.53,2022-10
2443,28.3,77.0,17.9,2022-10
2444,28.3,77.1,18.17,2022-10
2445,28.3,77.2,18.34,2022-10
2446,28.3,77.3,18.48,2022-10
2447,28.3,77.5,18.57,2022-10
2448,29.0,76.7,12.03,2022-11
2449,29.0,76.8,12.13,2022-11
2450,29.0,76.8,12.23,2022-11
2451,29.0,76.9,12.39,2022-11
2452,29.0,77.0,12.56,2022-11
2453,29.0,77.1,12.65,2022-11
2454,29.0,77.2,12.67,2022-11
2455,29.0,77.3,12.71,2022-11
2456,29.0,77.5,12.75,2022-11
2457,28.9,76.7,11.95,2022-11
2458,28.9,76.8,12.14,2022-11
2459,28.9,76.8,12.25,2022-11
2460,28.9,76.9,12.4,2022-11
2461,28.9,77.0,12.6,2022-11
2462,28.9,77.1,12.73,2022-11
2463,28.9,77.2,12.77,2022-11
2464,28.9,77.3,12.79,2022-11
2465,28.9,77.5,12.81,2022-11
2466,28.8,76.7,11.77,2022-11
2467,28.8,76.8,12.03,2022-11
2468,28.8,76.8,12.23,2022-11
2469,28.8,76.9,12.42,2022-11
2470,28.8,77.0,12.61,2022-11
2471,28.8,77.1,12.74,2022-11
2472,28.8,77.2,12.79,2022-11
2473,28.8,77.3,12.82,2022-11
2474,28.8,77.5,12.84,2022-11
2475,28.7,76.7,11.66,2022-11
2476,28.7,76.8,11.87,2022-11
2477,28.7,76.8,12.11,2022-11
2478,28.7,76.9,12.35,2022-11
2479,28.7,77.0,12.57,2022-11
2480,28.7,77.1,12.71,2022-11
2481,28.7,77.2,12.71,2022-11
2482,28.7,77.3,12.76,2022-11
2483,28.7,77.5,12.81,2022-11
2484,28.5,76.7,11.54,2022-11
2485,28.5,76.8,11.74,2022-11
2486,28.5,76.8,11.97,2022-11
2487,28.5,76.9,12.2,2022-11
2488,28.5,77.0,12.38,2022-11
2489,28.5,77.1,12.5,2022-11
2490,28.5,77.2,12.59,2022-11
2491,28.5,77.3,12.71,2022-11
2492,28.5,77.5,12.75,2022-11
2493,28.4,76.7,11.37,2022-11
2494,28.4,76.8,11.59,2022-11
2495,28.4,76.8,11.79,2022-11
2496,28.4,76.9,11.97,2022-11
2497,28.4,77.0,12.11,2022-11
2498,28.4,77.1,12.28,2022-11
2499,28.4,77.2,12.44,2022-11
2500,28.4,77.3,12.64,2022-11
2501,28.4,77.5,12.68,2022-11
2502,28.3,76.7,11.21,2022-11
2503,28.3,76.8,11.4,2022-11
2504,28.3,76.8,11.56,2022-11
2505,28.3,76.9,11.74,2022-11
2506,28.3,77.0,11.93,2022-11
2507,28.3,77.1,12.15,2022-11
2508,28.3,77.2,12.33,2022-11
2509,28.3,77.3,12.5,2022-11
2510,28.3,77.5,12.58,2022-11
2511,28.3,76.7,11.03,2022-11
2512,28.3,76.8,11.15,2022-11
2513,28.3,76.8,11.28,2022-11
2514,28.3,76.9,11.55,2022-11
2515,28.3,77.0,11.89,2022-11
2516,28.3,77.1,12.14,2022-11
2517,28.3,77.2,12.26,2022-11
2518,28.3,77.3,12.35,2022-11
2519,28.3,77.5,12.42,2022-11
2520,29.0,76.7,8.31,2022-12
2521,29.0,76.8,8.38,2022-12
2522,29.0,76.8,8.46,2022-12
2523,29.0,76.9,8.56,2022-12
2524,29.0,77.0,8.67,2022-12
2525,29.0,77.1,8.75,2022-12
2526,29.0,77.2,8.74,2022-12
2527,29.0,77.3,8.75,2022-12
2528,29.0,77.5,8.76,2022-12
2529,28.9,76.7,8.27,2022-12
2530,28.9,76.8,8.39,2022-12
2531,28.9,76.8,8.47,2022-12
2532,28.9,76.9,8.56,2022-12
2533,28.9,77.0,8.68,2022-12
2534,28.9,77.1,8.76,2022-12
2535,28.9,77.2,8.78,2022-12
2536,28.9,77.3,8.78,2022-12
2537,28.9,77.5,8.79,2022-12
2538,28.8,76.7,8.18,2022-12
2539,28.8,76.8,8.34,2022-12
2540,28.8,76.8,8.45,2022-12
2541,28.8,76.9,8.56,2022-12
2542,28.8,77.0,8.67,2022-12
2543,28.8,77.1,8.74,2022-12
2544,28.8,77.2,8.76,2022-12
2545,28.8,77.3,8.77,2022-12
2546,28.8,77.5,8.79,2022-12
2547,28.7,76.7,8.05,2022-12
2548,28.7,76.8,8.18,2022-12
2549,28.7,76.8,8.32,2022-12
2550,28.7,76.9,8.45,2022-12
2551,28.7,77.0,8.57,2022-12
2552,28.7,77.1,8.64,2022-12
2553,28.7,77.2,8.64,2022-12
2554,28.7,77.3,8.69,2022-12
2555,28.7,77.5,8.75,2022-12
2556,28.5,76.7,7.92,2022-12
2557,28.5,76.8,8.04,2022-12
2558,28.5,76.8,8.17,2022-12
2559,28.5,76.9,8.3,2022-12
2560,28.5,77.0,8.39,2022-12
2561,28.5,77.1,8.46,2022-12
2562,28.5,77.2,8.53,2022-12
2563,28.5,77.3,8.64,2022-12
2564,28.5,77.5,8.71,2022-12
2565,28.4,76.7,7.74,2022-12
2566,28.4,76.8,7.88,2022-12
2567,28.4,76.8,8.01,2022-12
2568,28.4,76.9,8.1,2022-12
2569,28.4,77.0,8.16,2022-12
2570,28.4,77.1,8.27,2022-12
2571,28.4,77.2,8.41,2022-12
2572,28.4,77.3,8.58,2022-12
2573,28.4,77.5,8.65,2022-12
2574,28.3,76.7,7.62,2022-12
2575,28.3,76.8,7.72,2022-12
2576,28.3,76.8,7.81,2022-12
2577,28.3,76.9,7.9,2022-12
2578,28.3,77.0,8.01,2022-12
2579,28.3,77.1,8.15,2022-12
2580,28.3,77.2,8.29,2022-12
2581,28.3,77.3,8.43,2022-12
2582,28.3,77.5,8.51,2022-12
2583,28.3,76.7,7.52,2022-12
2584,28.3,76.8,7.54,2022-12
2585,28.3,76.8,7.6,2022-12
2586,28.3,76.9,7.74,2022-12
2587,28.3,77.0,7.93,2022-12
2588,28.3,77.1,8.09,2022-12
2589,28.3,77.2,8.19,2022-12
2590,28.3,77.3,8.27,2022-12
2591,28.3,77.5,8.34,2022-12
2592,29.0,76.7,7.93,2023-01
2593,29.0,76.8,8.06,2023-01
2594,29.0,76.8,8.16,2023-01
2595,29.0,76.9,8.25,2023-01
2596,29.0,77.0,8.35,2023-01
2597,29.0,77.1,8.43,2023-01
2598,29.0,77.2,8.44,2023-01
2599,29.0,77.3,8.47,2023-01
2600,29.0,77.5,8.51,2023-01
2601,28.9,76.7,7.83,2023-01
2602,28.9,76.8,7.97,2023-01
2603,28.9,76.8,8.07,2023-01
2604,28.9,76.9,8.17,2023-01
2605,28.9,77.0,8.29,2023-01
2606,28.9,77.1,8.37,2023-01
2607,28.9,77.2,8.42,2023-01
2608,28.9,77.3,8.44,2023-01
2609,28.9,77.5,8.48,2023-01
2610,28.8,76.7,7.71,2023-01
2611,28.8,76.8,7.85,2023-01
2612,28.8,76.8,7.97,2023-01
2613,28.8,76.9,8.09,2023-01
2614,28.8,77.0,8.2,2023-01
2615,28.8,77.1,8.28,2023-01
2616,28.8,77.2,8.33,2023-01
2617,28.8,77.3,8.37,2023-01
2618,28.8,77.5,8.42,2023-01
2619,28.7,76.7,7.58,2023-01
2620,28.7,76.8,7.71,2023-01
2621,28.7,76.8,7.85,2023-01
2622,28.7,76.9,7.98,2023-01
2623,28.7,77.0,8.12,2023-01
2624,28.7,77.1,8.21,2023-01
2625,28.7,77.2,8.22,2023-01
2626,28.7,77.3,8.29,2023-01
2627,28.7,77.5,8.38,2023-01
2628,28.5,76.7,7.46,2023-01
2629,28.5,76.8,7.59,2023-01
2630,28.5,76.8,7.74,2023-01
2631,28.5,76.9,7.85,2023-01
2632,28.5,77.0,7.94,2023-01
2633,28.5,77.1,8.01,2023-01
2634,28.5,77.2,8.1,2023-01
2635,28.5,77.3,8.25,2023-01
2636,28.5,77.5,8.36,2023-01
2637,28.4,76.7,7.32,2023-01
2638,28.4,76.8,7.47,2023-01
2639,28.4,76.8,7.6,2023-01
2640,28.4,76.9,7.68,2023-01
2641,28.4,77.0,7.72,2023-01
2642,28.4,77.1,7.82,2023-01
2643,28.4,77.2,8.01,2023-01
2644,28.4,77.3,8.21,2023-01
2645,28.4,77.5,8.32,2023-01
2646,28.3,76.7,7.18,2023-01
2647,28.3,76.8,7.31,2023-01
2648,28.3,76.8,7.41,2023-01
2649,28.3,76.9,7.49,2023-01
2650,28.3,77.0,7.6,2023-01
2651,28.3,77.1,7.77,2023-01
2652,28.3,77.2,7.95,2023-01
2653,28.3,77.3,8.13,2023-01
2654,28.3,77.5,8.25,2023-01
2655,28.3,76.7,7.07,2023-01
2656,28.3,76.8,7.13,2023-01
2657,28.3,76.8,7.2,2023-01
2658,28.3,76.9,7.36,2023-01
2659,28.3,77.0,7.57,2023-01
2660,28.3,77.1,7.76,2023-01
2661,28.3,77.2,7.91,2023-01
2662,28.3,77.3,8.05,2023-01
2663,28.3,77.5,8.15,2023-01
2664,29.0,76.7,9.99,2023-02
2665,29.0,76.8,10.17,2023-02
2666,29.0,76.8,10.3,2023-02
2667,29.0,76.9,10.31,2023-02
2668,29.0,77.0,10.33,2023-02
2669,29.0,77.1,10.38,2023-02
2670,29.0,77.2,10.28,2023-02
2671,29.0,77.3,10.12,2023-02
2672,29.0,77.5,9.96,2023-02
2673,28.9,76.7,9.78,2023-02
2674,28.9,76.8,10.05,2023-02
2675,28.9,76.8,10.16,2023-02
2676,28.9,76.9,10.21,2023-02
2677,28.9,77.0,10.32,2023-02
2678,28.9,77.1,10.4,2023-02
2679,28.9,77.2,10.35,2023-02
2680,28.9,77.3,10.25,2023-02
2681,28.9,77.5,10.12,2023-02
2682,28.8,76.7,9.5,2023-02
2683,28.8,76.8,9.82,2023-02
2684,28.8,76.8,10.02,2023-02
2685,28.8,76.9,10.15,2023-02
2686,28.8,77.0,10.26,2023-02
2687,28.8,77.1,10.32,2023-02
2688,28.8,77.2,10.3,2023-02
2689,28.8,77.3,10.26,2023-02
2690,28.8,77.5,10.2,2023-02
2691,28.7,76.7,9.21,2023-02
2692,28.7,76.8,9.49,2023-02
2693,28.7,76.8,9.73,2023-02
2694,28.7,76.9,9.9,2023-02
2695,28.7,77.0,10.02,2023-02
2696,28.7,77.1,10.07,2023-02
2697,28.7,77.2,10.05,2023-02
2698,28.7,77.3,10.09,2023-02
2699,28.7,77.5,10.19,2023-02
2700,28.5,76.7,8.9,2023-02
2701,28.5,76.8,9.16,2023-02
2702,28.5,76.8,9.4,2023-02
2703,28.5,76.9,9.56,2023-02
2704,28.5,77.0,9.65,2023-02
2705,28.5,77.1,9.71,2023-02
2706,28.5,77.2,9.82,2023-02
2707,28.5,77.3,10.03,2023-02
2708,28.5,77.5,10.18,2023-02
2709,28.4,76.7,8.49,2023-02
2710,28.4,76.8,8.78,2023-02
2711,28.4,76.8,9.02,2023-02
2712,28.4,76.9,9.13,2023-02
2713,28.4,77.0,9.19,2023-02
2714,28.4,77.1,9.36,2023-02
2715,28.4,77.2,9.66,2023-02
2716,28.4,77.3,9.95,2023-02
2717,28.4,77.5,10.11,2023-02
2718,28.3,76.7,8.04,2023-02
2719,28.3,76.8,8.3,2023-02
2720,28.3,76.8,8.5,2023-02
2721,28.3,76.9,8.64,2023-02
2722,28.3,77.0,8.88,2023-02
2723,28.3,77.1,9.24,2023-02
2724,28.3,77.2,9.5,2023-02
2725,28.3,77.3,9.77,2023-02
2726,28.3,77.5,9.93,2023-02
2727,28.3,76.7,7.62,2023-02
2728,28.3,76.8,7.78,2023-02
2729,28.3,76.8,7.95,2023-02
2730,28.3,76.9,8.32,2023-02
2731,28.3,77.0,8.81,2023-02
2732,28.3,77.1,9.19,2023-02
2733,28.3,77.2,9.41,2023-02
2734,28.3,77.3,9.58,2023-02
2735,28.3,77.5,9.7,2023-02
2736,29.0,76.7,13.95,2023-03
2737,29.0,76.8,14.02,2023-03
2738,29.0,76.8,14.06,2023-03
2739,29.0,76.9,14.04,2023-03
2740,29.0,77.0,14.04,2023-03
2741,29.0,77.1,13.99,2023-03
2742,29.0,77.2,13.85,2023-03
2743,29.0,77.3,13.67,2023-03
2744,29.0,77.5,13.49,2023-03
2745,28.9,76.7,13.86,2023-03
2746,28.9,76.8,14.01,2023-03
2747,28.9,76.8,14.03,2023-03
2748,28.9,76.9,14.03,2023-03
2749,28.9,77.0,14.08,2023-03
2750,28.9,77.1,14.08,2023-03
2751,28.9,77.2,13.98,2023-03
2752,28.9,77.3,13.85,2023-03
2753,28.9,77.5,13.69,2023-03
2754,28.8,76.7,13.7,2023-03
2755,28.8,76.8,13.89,2023-03
2756,28.8,76.8,13.98,2023-03
2757,28.8,76.9,14.04,2023-03
2758,28.8,77.0,14.07,2023-03
2759,28.8,77.1,14.06,2023-03
2760,28.8,77.2,13.99,2023-03
2761,28.8,77.3,13.92,2023-03
2762,28.8,77.5,13.82,2023-03
2763,28.7,76.7,13.54,2023-03
2764,28.7,76.8,13.66,2023-03
2765,28.7,76.8,13.78,2023-03
2766,28.7,76.9,13.88,2023-03
2767,28.7,77.0,13.97,2023-03
2768,28.7,77.1,13.98,2023-03
2769,28.7,77.2,13.84,2023-03
2770,28.7,77.3,13.84,2023-03
2771,28.7,77.5,13.86,2023-03
2772,28.5,76.7,13.34,2023-03
2773,28.5,76.8,13.42,2023-03
2774,28.5,76.8,13.54,2023-03
2775,28.5,76.9,13.63,2023-03
2776,28.5,77.0,13.66,2023-03
2777,28.5,77.1,13.62,2023-03
2778,28.5,77.2,13.67,2023-03
2779,28.5,77.3,13.81,2023-03
2780,28.5,77.5,13.86,2023-03
2781,28.4,76.7,13.05,2023-03
2782,28.4,76.8,13.16,2023-03
2783,28.4,76.8,13.25,2023-03
2784,28.4,76.9,13.27,2023-03
2785,28.4,77.0,13.23,2023-03
2786,28.4,77.1,13.28,2023-03
2787,28.4,77.2,13.52,2023-03
2788,28.4,77.3,13.77,2023-03
2789,28.4,77.5,13.82,2023-03
2790,28.3,76.7,12.74,2023-03
2791,28.3,76.8,12.8,2023-03
2792,28.3,76.8,12.84,2023-03
2793,28.3,76.9,12.88,2023-03
2794,28.3,77.0,12.98,2023-03
2795,28.3,77.1,13.2,2023-03
2796,28.3,77.2,13.4,2023-03
2797,28.3,77.3,13.6,2023-03
2798,28.3,77.5,13.68,2023-03
2799,28.3,76.7,12.44,2023-03
2800,28.3,76.8,12.4,2023-03
2801,28.3,76.8,12.38,2023-03
2802,28.3,76.9,12.6,2023-03
2803,28.3,77.0,12.97,2023-03
2804,28.3,77.1,13.23,2023-03
2805,28.3,77.2,13.34,2023-03
2806,28.3,77.3,13.42,2023-03
2807,28.3,77.5,13.47,2023-03
2808,29.0,76.7,10.55,2023-04
2809,29.0,76.8,10.68,2023-04
2810,29.0,76.8,10.75,2023-04
2811,29.0,76.9,10.76,2023-04
2812,29.0,77.0,10.81,2023-04
2813,29.0,77.1,10.86,2023-04
2814,29.0,77.2,10.7,2023-04
2815,29.0,77.3,10.53,2023-04
2816,29.0,77.5,10.35,2023-04
2817,28.9,76.7,10.27,2023-04
2818,28.9,76.8,10.51,2023-04
2819,28.9,76.8,10.58,2023-04
2820,28.9,76.9,10.64,2023-04
2821,28.9,77.0,10.84,2023-04
2822,28.9,77.1,10.96,2023-04
2823,28.9,77.2,10.85,2023-04
2824,28.9,77.3,10.7,2023-04
2825,28.9,77.5,10.56,2023-04
2826,28.8,76.7,9.96,2023-04
2827,28.8,76.8,10.26,2023-04
2828,28.8,76.8,10.44,2023-04
2829,28.8,76.9,10.64,2023-04
2830,28.8,77.0,10.82,2023-04
2831,28.8,77.1,10.92,2023-04
2832,28.8,77.2,10.86,2023-04
2833,28.8,77.3,10.76,2023-04
2834,28.8,77.5,10.67,2023-04
2835,28.7,76.7,9.88,2023-04
2836,28.7,76.8,10.09,2023-04
2837,28.7,76.8,10.28,2023-04
2838,28.7,76.9,10.47,2023-04
2839,28.7,77.0,10.69,2023-04
2840,28.7,77.1,10.79,2023-04
2841,28.7,77.2,10.67,2023-04
2842,28.7,77.3,10.63,2023-04
2843,28.7,77.5,10.65,2023-04
2844,28.5,76.7,9.77,2023-04
2845,28.5,76.8,9.94,2023-04
2846,28.5,76.8,10.13,2023-04
2847,28.5,76.9,10.27,2023-04
2848,28.5,77.0,10.36,2023-04
2849,28.5,77.1,10.38,2023-04
2850,28.5,77.2,10.44,2023-04
2851,28.5,77.3,10.55,2023-04
2852,28.5,77.5,10.56,2023-04
2853,28.4,76.7,9.54,2023-04
2854,28.4,76.8,9.74,2023-04
2855,28.4,76.8,9.9,2023-04
2856,28.4,76.9,9.97,2023-04
2857,28.4,77.0,9.94,2023-04
2858,28.4,77.1,9.97,2023-04
2859,28.4,77.2,10.21,2023-04
2860,28.4,77.3,10.46,2023-04
2861,28.4,77.5,10.47,2023-04
2862,28.3,76.7,9.33,2023-04
2863,28.3,76.8,9.48,2023-04
2864,28.3,76.8,9.6,2023-04
2865,28.3,76.9,9.67,2023-04
2866,28.3,77.0,9.77,2023-04
2867,28.3,77.1,9.95,2023-04
2868,28.3,77.2,10.12,2023-04
2869,28.3,77.3,10.3,2023-04
2870,28.3,77.5,10.35,2023-04
2871,28.3,76.7,9.1,2023-04
2872,28.3,76.8,9.17,2023-04
2873,28.3,76.8,9.23,2023-04
2874,28.3,76.9,9.44,2023-04
2875,28.3,77.0,9.79,2023-04
2876,28.3,77.1,10.03,2023-04
2877,28.3,77.2,10.1,2023-04
2878,28.3,77.3,10.13,2023-04
2879,28.3,77.5,10.16,2023-04
2880,29.0,76.7,14.91,2023-05
2881,29.0,76.8,15.01,2023-05
2882,29.0,76.8,15.1,2023-05
2883,29.0,76.9,15.2,2023-05
2884,29.0,77.0,15.32,2023-05
2885,29.0,77.1,15.4,2023-05
2886,29.0,77.2,15.46,2023-05
2887,29.0,77.3,15.4,2023-05
2888,29.0,77.5,15.36,2023-05
2889,28.9,76.7,14.7,2023-05
2890,28.9,76.8,14.81,2023-05
2891,28.9,76.8,14.88,2023-05
2892,28.9,76.9,15.0,2023-05
2893,28.9,77.0,15.19,2023-05
2894,28.9,77.1,15.36,2023-05
2895,28.9,77.2,15.45,2023-05
2896,28.9,77.3,15.49,2023-05
2897,28.9,77.5,15.5,2023-05
2898,28.8,76.7,14.48,2023-05
2899,28.8,76.8,14.6,2023-05
2900,28.8,76.8,14.71,2023-05
2901,28.8,76.9,14.87,2023-05
2902,28.8,77.0,15.05,2023-05
2903,28.8,77.1,15.21,2023-05
2904,28.8,77.2,15.34,2023-05
2905,28.8,77.3,15.48,2023-05
2906,28.8,77.5,15.52,2023-05
2907,28.7,76.7,14.46,2023-05
2908,28.7,76.8,14.51,2023-05
2909,28.7,76.8,14.59,2023-05
2910,28.7,76.9,14.75,2023-05
2911,28.7,77.0,15.05,2023-05
2912,28.7,77.1,15.27,2023-05
2913,28.7,77.2,15.2,2023-05
2914,28.7,77.3,15.35,2023-05
2915,28.7,77.5,15.41,2023-05
2916,28.5,76.7,14.44,2023-05
2917,28.5,76.8,14.45,2023-05
2918,28.5,76.8,14.52,2023-05
2919,28.5,76.9,14.64,2023-05
2920,28.5,77.0,14.75,2023-05
2921,28.5,77.1,14.82,2023-05
2922,28.5,77.2,14.98,2023-05
2923,28.5,77.3,15.17,2023-05
2924,28.5,77.5,15.24,2023-05
2925,28.4,76.7,14.31,2023-05
2926,28.4,76.8,14.34,2023-05
2927,28.4,76.8,14.4,2023-05
2928,28.4,76.9,14.45,2023-05
2929,28.4,77.0,14.4,2023-05
2930,28.4,77.1,14.42,2023-05
2931,28.4,77.2,14.68,2023-05
2932,28.4,77.3,14.98,2023-05
2933,28.4,77.5,15.05,2023-05
2934,28.3,76.7,14.15,2023-05
2935,28.3,76.8,14.14,2023-05
2936,28.3,76.8,14.15,2023-05
2937,28.3,76.9,14.2,2023-05
2938,28.3,77.0,14.25,2023-05
2939,28.3,77.1,14.35,2023-05
2940,28.3,77.2,14.53,2023-05
2941,28.3,77.3,14.75,2023-05
2942,28.3,77.5,14.82,2023-05
2943,28.3,76.7,13.92,2023-05
2944,28.3,76.8,13.89,2023-05
2945,28.3,76.8,13.85,2023-05
2946,28.3,76.9,13.99,2023-05
2947,28.3,77.0,14.22,2023-05
2948,28.3,77.1,14.38,2023-05
2949,28.3,77.2,14.45,2023-05
2950,28.3,77.3,14.51,2023-05
2951,28.3,77.5,14.53,2023-05
2952,29.0,76.7,20.6,2023-06
2953,29.0,76.8,20.68,2023-06
2954,29.0,76.8,20.73,2023-06
2955,29.0,76.9,20.82,2023-06
2956,29.0,77.0,20.94,2023-06
2957,29.0,77.1,20.98,2023-06
2958,29.0,77.2,20.94,2023-06
2959,29.0,77.3,20.86,2023-06
2960,29.0,77.5,20.78,2023-06
2961,28.9,76.7,20.5,2023-06
2962,28.9,76.8,20.58,2023-06
2963,28.9,76.8,20.62,2023-06
2964,28.9,76.9,20.72,2023-06
2965,28.9,77.0,20.87,2023-06
2966,28.9,77.1,20.96,2023-06
2967,28.9,77.2,20.96,2023-06
2968,28.9,77.3,20.92,2023-06
2969,28.9,77.5,20.85,2023-06
2970,28.8,76.7,20.38,2023-06
2971,28.8,76.8,20.47,2023-06
2972,28.8,76.8,20.53,2023-06
2973,28.8,76.9,20.65,2023-06
2974,28.8,77.0,20.78,2023-06
2975,28.8,77.1,20.86,2023-06
2976,28.8,77.2,20.89,2023-06
2977,28.8,77.3,20.9,2023-06
2978,28.8,77.5,20.88,2023-06
2979,28.7,76.7,20.44,2023-06
2980,28.7,76.8,20.48,2023-06
2981,28.7,76.8,20.53,2023-06
2982,28.7,76.9,20.61,2023-06
2983,28.7,77.0,20.73,2023-06
2984,28.7,77.1,20.82,2023-06
2985,28.7,77.2,20.8,2023-06
2986,28.7,77.3,20.83,2023-06
2987,28.7,77.5,20.84,2023-06
2988,28.5,76.7,20.51,2023-06
2989,28.5,76.8,20.55,2023-06
2990,28.5,76.8,20.6,2023-06
2991,28.5,76.9,20.6,2023-06
2992,28.5,77.0,20.57,2023-06
2993,28.5,77.1,20.57,2023-06
2994,28.5,77.2,20.65,2023-06
2995,28.5,77.3,20.76,2023-06
2996,28.5,77.5,20.76,2023-06
2997,28.4,76.7,20.53,2023-06
2998,28.4,76.8,20.59,2023-06
2999,28.4,76.8,20.61,2023-06
3000,28.4,76.9,20.54,2023-06
3001,28.4,77.0,20.39,2023-06
3002,28.4,77.1,20.31,2023-06
3003,28.4,77.2,20.48,2023-06
3004,28.4,77.3,20.68,2023-06
3005,28.4,77.5,20.68,2023-06
3006,28.3,76.7,20.55,2023-06
3007,28.3,76.8,20.55,2023-06
3008,28.3,76.8,20.51,2023-06
3009,28.3,76.9,20.44,2023-06
3010,28.3,77.0,20.36,2023-06
3011,28.3,77.1,20.36,2023-06
3012,28.3,77.2,20.47,2023-06
3013,28.3,77.3,20.6,2023-06
3014,28.3,77.5,20.63,2023-06
3015,28.3,76.7,20.58,2023-06
3016,28.3,76.8,20.47,2023-06
3017,28.3,76.8,20.37,2023-06
3018,28.3,76.9,20.38,2023-06
3019,28.3,77.0,20.47,2023-06
3020,28.3,77.1,20.52,2023-06
3021,28.3,77.2,20.52,2023-06
3022,28.3,77.3,20.52,2023-06
3023,28.3,77.5,20.52,2023-06
3024,29.0,76.7,25.47,2023-07
3025,29.0,76.8,25.48,2023-07
3026,29.0,76.8,25.49,2023-07
3027,29.0,76.9,25.55,2023-07
3028,29.0,77.0,25.61,2023-07
3029,29.0,77.1,25.61,2023-07
3030,29.0,77.2,25.57,2023-07
3031,29.0,77.3,25.57,2023-07
3032,29.0,77.5,25.56,2023-07
3033,28.9,76.7,25.45,2023-07
3034,28.9,76.8,25.49,2023-07
3035,28.9,76.8,25.49,2023-07
3036,28.9,76.9,25.55,2023-07
3037,28.9,77.0,25.63,2023-07
3038,28.9,77.1,25.67,2023-07
3039,28.9,77.2,25.64,2023-07
3040,28.9,77.3,25.62,2023-07
3041,28.9,77.5,25.6,2023-07
3042,28.8,76.7,25.39,2023-07
3043,28.8,76.8,25.45,2023-07
3044,28.8,76.8,25.49,2023-07
3045,28.8,76.9,25.56,2023-07
3046,28.8,77.0,25.64,2023-07
3047,28.8,77.1,25.67,2023-07
3048,28.8,77.2,25.66,2023-07
3049,28.8,77.3,25.64,2023-07
3050,28.8,77.5,25.62,2023-07
3051,28.7,76.7,25.39,2023-07
3052,28.7,76.8,25.43,2023-07
3053,28.7,76.8,25.5,2023-07
3054,28.7,76.9,25.6,2023-07
3055,28.7,77.0,25.7,2023-07
3056,28.7,77.1,25.74,2023-07
3057,28.7,77.2,25.67,2023-07
3058,28.7,77.3,25.67,2023-07
3059,28.7,77.5,25.66,2023-07
3060,28.5,76.7,25.41,2023-07
3061,28.5,76.8,25.45,2023-07
3062,28.5,76.8,25.53,2023-07
3063,28.5,76.9,25.6,2023-07
3064,28.5,77.0,25.62,2023-07
3065,28.5,77.1,25.62,2023-07
3066,28.5,77.2,25.64,2023-07
3067,28.5,77.3,25.7,2023-07
3068,28.5,77.5,25.66,2023-07
3069,28.4,76.7,25.43,2023-07
3070,28.4,76.8,25.49,2023-07
3071,28.4,76.8,25.53,2023-07
3072,28.4,76.9,25.54,2023-07
3073,28.4,77.0,25.5,2023-07
3074,28.4,77.1,25.51,2023-07
3075,28.4,77.2,25.6,2023-07
3076,28.4,77.3,25.72,2023-07
3077,28.4,77.5,25.69,2023-07
3078,28.3,76.7,25.44,2023-07
3079,28.3,76.8,25.47,2023-07
3080,28.3,76.8,25.47,2023-07
3081,28.3,76.9,25.48,2023-07
3082,28.3,77.0,25.49,2023-07
3083,28.3,77.1,25.55,2023-07
3084,28.3,77.2,25.64,2023-07
3085,28.3,77.3,25.73,2023-07
3086,28.3,77.5,25.73,2023-07
3087,28.3,76.7,25.42,2023-07
3088,28.3,76.8,25.4,2023-07
3089,28.3,76.8,25.37,2023-07
3090,28.3,76.9,25.45,2023-07
3091,28.3,77.0,25.6,2023-07
3092,28.3,77.1,25.69,2023-07
3093,28.3,77.2,25.72,2023-07
3094,28.3,77.3,25.72,2023-07
3095,28.3,77.5,25.71,2023-07
3096,29.0,76.7,23.75,2023-08
3097,29.0,76.8,23.86,2023-08
3098,29.0,76.8,23.95,2023-08
3099,29.0,76.9,24.11,2023-08
3100,29.0,77.0,24.28,2023-08
3101,29.0,77.1,24.4,2023-08
3102,29.0,77.2,24.47,2023-08
3103,29.0,77.3,24.57,2023-08
3104,29.0,77.5,24.67,2023-08
3105,28.9,76.7,23.46,2023-08
3106,28.9,76.8,23.61,2023-08
3107,28.9,76.8,23.71,2023-08
3108,28.9,76.9,23.87,2023-08
3109,28.9,77.0,24.11,2023-08
3110,28.9,77.1,24.3,2023-08
3111,28.9,77.2,24.38,2023-08
3112,28.9,77.3,24.48,2023-08
3113,28.9,77.5,24.56,2023-08
3114,28.8,76.7,23.12,2023-08
3115,28.8,76.8,23.32,2023-08
3116,28.8,76.8,23.48,2023-08
3117,28.8,76.9,23.7,2023-08
3118,28.8,77.0,23.93,2023-08
3119,28.8,77.1,24.11,2023-08
3120,28.8,77.2,24.24,2023-08
3121,28.8,77.3,24.36,2023-08
3122,28.8,77.5,24.44,2023-08
3123,28.7,76.7,23.06,2023-08
3124,28.7,76.8,23.21,2023-08
3125,28.7,76.8,23.39,2023-08
3126,28.7,76.9,23.63,2023-08
3127,28.7,77.0,23.91,2023-08
3128,28.7,77.1,24.11,2023-08
3129,28.7,77.2,24.15,2023-08
3130,28.7,77.3,24.29,2023-08
3131,28.7,77.5,24.4,2023-08
3132,28.5,76.7,23.04,2023-08
3133,28.5,76.8,23.15,2023-08
3134,28.5,76.8,23.34,2023-08
3135,28.5,76.9,23.54,2023-08
3136,28.5,77.0,23.72,2023-08
3137,28.5,77.1,23.85,2023-08
3138,28.5,77.2,24.03,2023-08
3139,28.5,77.3,24.23,2023-08
3140,28.5,77.5,24.33,2023-08
3141,28.4,76.7,22.96,2023-08
3142,28.4,76.8,23.11,2023-08
3143,28.4,76.8,23.26,2023-08
3144,28.4,76.9,23.39,2023-08
3145,28.4,77.0,23.49,2023-08
3146,28.4,77.1,23.62,2023-08
3147,28.4,77.2,23.89,2023-08
3148,28.4,77.3,24.18,2023-08
3149,28.4,77.5,24.28,2023-08
3150,28.3,76.7,22.92,2023-08
3151,28.3,76.8,23.03,2023-08
3152,28.3,76.8,23.13,2023-08
3153,28.3,76.9,23.27,2023-08
3154,28.3,77.0,23.4,2023-08
3155,28.3,77.1,23.6,2023-08
3156,28.3,77.2,23.87,2023-08
3157,28.3,77.3,24.13,2023-08
3158,28.3,77.5,24.27,2023-08
3159,28.3,76.7,22.83,2023-08
3160,28.3,76.8,22.88,2023-08
3161,28.3,76.8,22.94,2023-08
3162,28.3,76.9,23.16,2023-08
3163,28.3,77.0,23.45,2023-08
3164,28.3,77.1,23.69,2023-08
3165,28.3,77.2,23.88,2023-08
3166,28.3,77.3,24.05,2023-08
3167,28.3,77.5,24.19,2023-08
3168,29.0,76.7,22.91,2023-09
3169,29.0,76.8,22.97,2023-09
3170,29.0,76.8,23.02,2023-09
3171,29.0,76.9,23.17,2023-09
3172,29.0,77.0,23.34,2023-09
3173,29.0,77.1,23.44,2023-09
3174,29.0,77.2,23.51,2023-09
3175,29.0,77.3,23.64,2023-09
3176,29.0,77.5,23.75,2023-09
3177,28.9,76.7,22.72,2023-09
3178,28.9,76.8,22.83,2023-09
3179,28.9,76.8,22.89,2023-09
3180,28.9,76.9,23.04,2023-09
3181,28.9,77.0,23.24,2023-09
3182,28.9,77.1,23.41,2023-09
3183,28.9,77.2,23.49,2023-09
3184,28.9,77.3,23.59,2023-09
3185,28.9,77.5,23.7,2023-09
3186,28.8,76.7,22.47,2023-09
3187,28.8,76.8,22.62,2023-09
3188,28.8,76.8,22.76,2023-09
3189,28.8,76.9,22.94,2023-09
3190,28.8,77.0,23.12,2023-09
3191,28.8,77.1,23.29,2023-09
3192,28.8,77.2,23.42,2023-09
3193,28.8,77.3,23.55,2023-09
3194,28.8,77.5,23.64,2023-09
3195,28.7,76.7,22.38,2023-09
3196,28.7,76.8,22.5,2023-09
3197,28.7,76.8,22.68,2023-09
3198,28.7,76.9,22.92,2023-09
3199,28.7,77.0,23.14,2023-09
3200,28.7,77.1,23.29,2023-09
3201,28.7,77.2,23.4,2023-09
3202,28.7,77.3,23.54,2023-09
3203,28.7,77.5,23.66,2023-09
3204,28.5,76.7,22.32,2023-09
3205,28.5,76.8,22.42,2023-09
3206,28.5,76.8,22.59,2023-09
3207,28.5,76.9,22.83,2023-09
3208,28.5,77.0,23.01,2023-09
3209,28.5,77.1,23.13,2023-09
3210,28.5,77.2,23.34,2023-09
3211,28.5,77.3,23.54,2023-09
3212,28.5,77.5,23.63,2023-09
3213,28.4,76.7,22.23,2023-09
3214,28.4,76.8,22.36,2023-09
3215,28.4,76.8,22.5,2023-09
3216,28.4,76.9,22.68,2023-09
3217,28.4,77.0,22.81,2023-09
3218,28.4,77.1,22.97,2023-09
3219,28.4,77.2,23.24,2023-09
3220,28.4,77.3,23.53,2023-09
3221,28.4,77.5,23.61,2023-09
3222,28.3,76.7,22.19,2023-09
3223,28.3,76.8,22.3,2023-09
3224,28.3,76.8,22.4,2023-09
3225,28.3,76.9,22.58,2023-09
3226,28.3,77.0,22.74,2023-09
3227,28.3,77.1,22.96,2023-09
3228,28.3,77.2,23.25,2023-09
3229,28.3,77.3,23.51,2023-09
3230,28.3,77.5,23.65,2023-09
3231,28.3,76.7,22.09,2023-09
3232,28.3,76.8,22.16,2023-09
3233,28.3,76.8,22.24,2023-09
3234,28.3,76.9,22.47,2023-09
3235,28.3,77.0,22.79,2023-09
3236,28.3,77.1,23.05,2023-09
3237,28.3,77.2,23.26,2023-09
3238,28.3,77.3,23.46,2023-09
3239,28.3,77.5,23.6,2023-09
3240,29.0,76.7,15.68,2023-10
3241,29.0,76.8,15.65,2023-10
3242,29.0,76.8,15.64,2023-10
3243,29.0,76.9,15.86,2023-10
3244,29.0,77.0,16.08,2023-10
3245,29.0,77.1,16.16,2023-10
3246,29.0,77.2,16.32,2023-10
3247,29.0,77.3,16.5,2023-10
3248,29.0,77.5,16.64,2023-10
3249,28.9,76.7,15.33,2023-10
3250,28.9,76.8,15.38,2023-10
3251,28.9,76.8,15.4,2023-10
3252,28.9,76.9,15.58,2023-10
3253,28.9,77.0,15.75,2023-10
3254,28.9,77.1,15.93,2023-10
3255,28.9,77.2,16.1,2023-10
3256,28.9,77.3,16.28,2023-10
3257,28.9,77.5,16.43,2023-10
3258,28.8,76.7,14.93,2023-10
3259,28.8,76.8,15.02,2023-10
3260,28.8,76.8,15.12,2023-10
3261,28.8,76.9,15.27,2023-10
3262,28.8,77.0,15.43,2023-10
3263,28.8,77.1,15.62,2023-10
3264,28.8,77.2,15.84,2023-10
3265,28.8,77.3,16.07,2023-10
3266,28.8,77.5,16.25,2023-10
3267,28.7,76.7,14.74,2023-10
3268,28.7,76.8,14.8,2023-10
3269,28.7,76.8,14.94,2023-10
3270,28.7,76.9,15.18,2023-10
3271,28.7,77.0,15.38,2023-10
3272,28.7,77.1,15.55,2023-10
3273,28.7,77.2,15.76,2023-10
3274,28.7,77.3,16.03,2023-10
3275,28.7,77.5,16.28,2023-10
3276,28.5,76.7,14.57,2023-10
3277,28.5,76.8,14.62,2023-10
3278,28.5,76.8,14.75,2023-10
3279,28.5,76.9,15.02,2023-10
3280,28.5,77.0,15.2,2023-10
3281,28.5,77.1,15.31,2023-10
3282,28.5,77.2,15.68,2023-10
3283,28.5,77.3,16.04,2023-10
3284,28.5,77.5,16.28,2023-10
3285,28.4,76.7,14.35,2023-10
3286,28.4,76.8,14.43,2023-10
3287,28.4,76.8,14.54,2023-10
3288,28.4,76.9,14.76,2023-10
3289,28.4,77.0,14.89,2023-10
3290,28.4,77.1,15.1,2023-10
3291,28.4,77.2,15.57,2023-10
3292,28.4,77.3,16.04,2023-10
3293,28.4,77.5,16.27,2023-10
3294,28.3,76.7,14.19,2023-10
3295,28.3,76.8,14.26,2023-10
3296,28.3,76.8,14.34,2023-10
3297,28.3,76.9,14.54,2023-10
3298,28.3,77.0,14.75,2023-10
3299,28.3,77.1,15.08,2023-10
3300,28.3,77.2,15.56,2023-10
3301,28.3,77.3,16.01,2023-10
3302,28.3,77.5,16.3,2023-10
3303,28.3,76.7,13.95,2023-10
3304,28.3,76.8,14.0,2023-10
3305,28.3,76.8,14.07,2023-10
3306,28.3,76.9,14.35,2023-10
3307,28.3,77.0,14.75,2023-10
3308,28.3,77.1,15.13,2023-10
3309,28.3,77.2,15.54,2023-10
3310,28.3,77.3,15.94,2023-10
3311,28.3,77.5,16.25,2023-10
3312,29.0,76.7,13.66,2023-11
3313,29.0,76.8,13.64,2023-11
3314,29.0,76.8,13.64,2023-11
3315,29.0,76.9,13.81,2023-11
3316,29.0,77.0,13.97,2023-11
3317,29.0,77.1,14.01,2023-11
3318,29.0,77.2,14.04,2023-11
3319,29.0,77.3,14.05,2023-11
3320,29.0,77.5,14.07,2023-11
3321,28.9,76.7,13.57,2023-11
3322,28.9,76.8,13.6,2023-11
3323,28.9,76.8,13.61,2023-11
3324,28.9,76.9,13.74,2023-11
3325,28.9,77.0,13.84,2023-11
3326,28.9,77.1,13.92,2023-11
3327,28.9,77.2,13.99,2023-11
3328,28.9,77.3,14.03,2023-11
3329,28.9,77.5,14.07,2023-11
3330,28.8,76.7,13.43,2023-11
3331,28.8,76.8,13.48,2023-11
3332,28.8,76.8,13.54,2023-11
3333,28.8,76.9,13.63,2023-11
3334,28.8,77.0,13.71,2023-11
3335,28.8,77.1,13.79,2023-11
3336,28.8,77.2,13.87,2023-11
3337,28.8,77.3,13.96,2023-11
3338,28.8,77.5,14.04,2023-11
3339,28.7,76.7,13.27,2023-11
3340,28.7,76.8,13.31,2023-11
3341,28.7,76.8,13.44,2023-11
3342,28.7,76.9,13.6,2023-11
3343,28.7,77.0,13.73,2023-11
3344,28.7,77.1,13.8,2023-11
3345,28.7,77.2,13.84,2023-11
3346,28.7,77.3,13.95,2023-11
3347,28.7,77.5,14.04,2023-11
3348,28.5,76.7,13.14,2023-11
3349,28.5,76.8,13.2,2023-11
3350,28.5,76.8,13.33,2023-11
3351,28.5,76.9,13.5,2023-11
3352,28.5,77.0,13.59,2023-11
3353,28.5,77.1,13.63,2023-11
3354,28.5,77.2,13.79,2023-11
3355,28.5,77.3,13.96,2023-11
3356,28.5,77.5,14.04,2023-11
3357,28.4,76.7,13.0,2023-11
3358,28.4,76.8,13.09,2023-11
3359,28.4,76.8,13.19,2023-11
3360,28.4,76.9,13.3,2023-11
3361,28.4,77.0,13.34,2023-11
3362,28.4,77.1,13.45,2023-11
3363,28.4,77.2,13.69,2023-11
3364,28.4,77.3,13.95,2023-11
3365,28.4,77.5,14.02,2023-11
3366,28.3,76.7,12.91,2023-11
3367,28.3,76.8,12.94,2023-11
3368,28.3,76.8,13.0,2023-11
3369,28.3,76.9,13.1,2023-11
3370,28.3,77.0,13.21,2023-11
3371,28.3,77.1,13.4,2023-11
3372,28.3,77.2,13.66,2023-11
3373,28.3,77.3,13.9,2023-11
3374,28.3,77.5,14.01,2023-11
3375,28.3,76.7,12.85,2023-11
3376,28.3,76.8,12.77,2023-11
3377,28.3,76.8,12.77,2023-11
3378,28.3,76.9,12.94,2023-11
3379,28.3,77.0,13.2,2023-11
3380,28.3,77.1,13.43,2023-11
3381,28.3,77.2,13.63,2023-11
3382,28.3,77.3,13.81,2023-11
3383,28.3,77.5,13.93,2023-11
3384,29.0,76.7,9.92,2023-12
3385,29.0,76.8,9.92,2023-12
3386,29.0,76.8,9.94,2023-12
3387,29.0,76.9,10.03,2023-12
3388,29.0,77.0,10.13,2023-12
3389,29.0,77.1,10.2,2023-12
3390,29.0,77.2,10.17,2023-12
3391,29.0,77.3,10.13,2023-12
3392,29.0,77.5,10.1,2023-12
3393,28.9,76.7,9.89,2023-12
3394,28.9,76.8,9.92,2023-12
3395,28.9,76.8,9.94,2023-12
3396,28.9,76.9,10.02,2023-12
3397,28.9,77.0,10.1,2023-12
3398,28.9,77.1,10.14,2023-12
3399,28.9,77.2,10.17,2023-12
3400,28.9,77.3,10.15,2023-12
3401,28.9,77.5,10.13,2023-12
3402,28.8,76.7,9.84,2023-12
3403,28.8,76.8,9.88,2023-12
3404,28.8,76.8,9.92,2023-12
3405,28.8,76.9,9.99,2023-12
3406,28.8,77.0,10.05,2023-12
3407,28.8,77.1,10.09,2023-12
3408,28.8,77.2,10.1,2023-12
3409,28.8,77.3,10.1,2023-12
3410,28.8,77.5,10.13,2023-12
3411,28.7,76.7,9.72,2023-12
3412,28.7,76.8,9.76,2023-12
3413,28.7,76.8,9.83,2023-12
3414,28.7,76.9,9.92,2023-12
3415,28.7,77.0,10.02,2023-12
3416,28.7,77.1,10.08,2023-12
3417,28.7,77.2,10.03,2023-12
3418,28.7,77.3,10.06,2023-12
3419,28.7,77.5,10.12,2023-12
3420,28.5,76.7,9.62,2023-12
3421,28.5,76.8,9.67,2023-12
3422,28.5,76.8,9.75,2023-12
3423,28.5,76.9,9.83,2023-12
3424,28.5,77.0,9.87,2023-12
3425,28.5,77.1,9.91,2023-12
3426,28.5,77.2,9.96,2023-12
3427,28.5,77.3,10.06,2023-12
3428,28.5,77.5,10.13,2023-12
3429,28.4,76.7,9.52,2023-12
3430,28.4,76.8,9.58,2023-12
3431,28.4,76.8,9.65,2023-12
3432,28.4,76.9,9.69,2023-12
3433,28.4,77.0,9.69,2023-12
3434,28.4,77.1,9.75,2023-12
3435,28.4,77.2,9.91,2023-12
3436,28.4,77.3,10.07,2023-12
3437,28.4,77.5,10.14,2023-12
3438,28.3,76.7,9.47,2023-12
3439,28.3,76.8,9.5,2023-12
3440,28.3,76.8,9.54,2023-12
3441,28.3,76.9,9.58,2023-12
3442,28.3,77.0,9.63,2023-12
3443,28.3,77.1,9.75,2023-12
3444,28.3,77.2,9.9,2023-12
3445,28.3,77.3,10.05,2023-12
3446,28.3,77.5,10.12,2023-12
3447,28.3,76.7,9.46,2023-12
3448,28.3,76.8,9.41,2023-12
3449,28.3,76.8,9.4,2023-12
3450,28.3,76.9,9.5,2023-12
3451,28.3,77.0,9.65,2023-12
3452,28.3,77.1,9.79,2023-12
3453,28.3,77.2,9.91,2023-12
3454,28.3,77.3,10.01,2023-12
3455,28.3,77.5,10.08,2023-12
