latitude,longitude,number,tp_mm,month,dataValue,wellDepth
28.8,77.0,0,0.0,2020-01,1.71,100.0
28.8,77.0,0,0.0,2020-01,2.8,8.6
28.8,77.0,0,0.0,2020-01,2.36,50.0
28.8,77.0,0,0.0,2020-01,23.65,47.0
28.8,77.1,0,0.0,2020-01,12.24,80.0
28.8,77.1,0,0.0,2020-01,21.3,45.0
28.8,77.2,0,0.0,2020-01,9.54,200.0
28.8,77.2,0,0.0,2020-01,7.94,65.0
28.8,77.2,0,0.0,2020-01,9.49,101.0
28.7,76.9,0,0.0,2020-01,7.95,32.0
28.7,76.9,0,0.0,2020-01,12.17,21.2
28.7,77.0,0,0.0,2020-01,0.8,10.0
28.7,77.0,0,0.0,2020-01,1.16,27.0
28.7,77.0,0,0.0,2020-01,3.26,54.0
28.7,77.0,0,0.0,2020-01,6.1,250.75
28.7,77.1,0,0.0,2020-01,12.7,100.0
28.7,77.1,0,0.0,2020-01,5.91,80.0
28.7,77.1,0,0.0,2020-01,2.33,100.0
28.7,77.1,0,0.0,2020-01,7.04,75.0
28.7,77.1,0,0.0,2020-01,9.25,100.0
28.7,77.2,0,0.0,2020-01,7.04,25.0
28.7,77.2,0,0.0,2020-01,1.38,50.0
28.7,77.2,0,0.0,2020-01,1.72,100.0
28.7,77.2,0,0.0,2020-01,4.56,45.0
28.5,76.9,0,0.0,2020-01,1.08,80.0
28.5,76.9,0,0.0,2020-01,2.14,28.0
28.5,76.9,0,0.0,2020-01,9.78,100.0
28.5,76.9,0,0.0,2020-01,9.53,40.0
28.5,76.9,0,0.0,2020-01,3.56,80.0
28.5,76.9,0,0.0,2020-01,1.7,15.0
28.5,76.9,0,0.0,2020-01,14.17,100.0
28.5,76.9,0,0.0,2020-01,14.05,59.0
28.5,77.0,0,0.0,2020-01,13.57,75.0
28.5,77.0,0,0.0,2020-01,21.67,125.0
28.5,77.1,0,0.0,2020-01,19.91,55.0
28.5,77.1,0,0.0,2020-01,22.65,100.0
28.5,77.1,0,0.0,2020-01,46.42,65.0
28.5,77.1,0,0.0,2020-01,31.8,43.0
28.5,77.2,0,0.0,2020-01,52.12,150.0
28.5,77.2,0,0.0,2020-01,49.27,94.5
28.5,77.2,0,0.0,2020-01,31.12,104.0
28.5,77.2,0,0.0,2020-01,3.41,12.0
28.5,77.3,0,0.0,2020-01,7.59,75.0
28.5,77.3,0,0.0,2020-01,10.72,45.0
28.4,77.1,0,0.0,2020-01,47.78,100.0
28.4,77.1,0,0.0,2020-01,63.13,82.0
28.4,77.1,0,0.0,2020-01,61.99,90.0
28.4,77.2,0,0.0,2020-01,22.53,35.0
28.4,77.2,0,0.0,2020-01,54.07,86.5
28.8,77.1,0,0.0,2020-05,8.69,
28.8,77.1,0,0.0,2020-05,22.35,
28.8,77.0,0,0.0,2020-08,0.66,100.0
28.8,77.0,0,0.0,2020-08,3.35,8.6
28.8,77.0,0,0.0,2020-08,0.41,50.0
28.8,77.0,0,0.0,2020-08,24.99,47.0
28.8,77.1,0,0.0,2020-08,9.01,
28.8,77.1,0,0.0,2020-08,9.09,
28.8,77.1,0,0.0,2020-08,13.02,80.0
28.8,77.1,0,0.0,2020-08,21.57,45.0
28.8,77.1,0,0.0,2020-08,22.71,
28.8,77.2,0,0.0,2020-08,9.86,200.0
28.8,77.2,0,0.0,2020-08,7.96,65.0
28.8,77.2,0,0.0,2020-08,8.27,85.0
28.8,77.2,0,0.0,2020-08,11.7,101.0
28.7,76.9,0,0.0,2020-08,6.59,32.0
28.7,76.9,0,0.0,2020-08,12.27,21.2
28.7,77.0,0,0.0,2020-08,0.82,10.0
28.7,77.0,0,0.0,2020-08,1.07,27.0
28.7,77.0,0,0.0,2020-08,1.73,54.0
28.7,77.0,0,0.0,2020-08,6.0,250.75
28.7,77.1,0,0.0,2020-08,12.83,100.0
28.7,77.1,0,0.0,2020-08,5.37,80.0
28.7,77.1,0,0.0,2020-08,0.49,100.0
28.7,77.1,0,0.0,2020-08,6.59,75.0
28.7,77.2,0,0.0,2020-08,7.47,25.0
28.7,77.2,0,0.0,2020-08,0.49,50.0
28.7,77.2,0,0.0,2020-08,8.64,45.0
28.5,76.9,0,0.0,2020-08,1.01,28.0
28.5,76.9,0,0.0,2020-08,9.48,100.0
28.5,76.9,0,0.0,2020-08,9.55,40.0
28.5,76.9,0,0.0,2020-08,1.63,80.0
28.5,76.9,0,0.0,2020-08,0.7,15.0
28.5,76.9,0,0.0,2020-08,13.26,100.0
28.5,76.9,0,0.0,2020-08,14.2,59.0
28.5,77.0,0,0.0,2020-08,12.37,75.0
28.5,77.0,0,0.0,2020-08,21.33,125.0
28.5,77.1,0,0.0,2020-08,17.41,55.0
28.5,77.1,0,0.0,2020-08,17.27,100.0
28.5,77.1,0,0.0,2020-08,47.48,65.0
28.5,77.1,0,0.0,2020-08,31.88,43.0
28.5,77.2,0,0.0,2020-08,52.05,150.0
28.5,77.2,0,0.0,2020-08,46.74,94.5
28.5,77.2,0,0.0,2020-08,30.04,104.0
28.5,77.2,0,0.0,2020-08,2.96,12.0
28.5,77.3,0,0.0,2020-08,7.83,75.0
28.5,77.3,0,0.0,2020-08,10.16,45.0
28.4,77.1,0,0.0,2020-08,41.64,100.0
28.4,77.1,0,0.0,2020-08,63.97,82.0
28.4,77.1,0,0.0,2020-08,62.66,90.0
28.4,77.2,0,0.0,2020-08,9.3,35.0
28.4,77.2,0,0.0,2020-08,48.67,86.5
28.8,77.0,0,0.0,2020-11,3.09,100.0
28.8,77.0,0,0.0,2020-11,3.74,8.6
28.8,77.0,0,0.0,2020-11,25.11,47.0
28.8,77.1,0,0.0,2020-11,13.04,80.0
28.8,77.2,0,0.0,2020-11,10.28,200.0
28.8,77.2,0,0.0,2020-11,8.97,65.0
28.8,77.2,0,0.0,2020-11,9.76,85.0
28.8,77.2,0,0.0,2020-11,12.7,101.0
28.7,76.9,0,0.0,2020-11,6.97,32.0
28.7,76.9,0,0.0,2020-11,14.48,21.2
28.7,77.0,0,0.0,2020-11,2.11,10.0
28.7,77.0,0,0.0,2020-11,1.61,27.0
28.7,77.0,0,0.0,2020-11,3.97,54.0
28.7,77.0,0,0.0,2020-11,6.84,250.75
28.7,77.1,0,0.0,2020-11,13.58,100.0
28.7,77.1,0,0.0,2020-11,6.19,80.0
28.7,77.1,0,0.0,2020-11,2.95,100.0
28.7,77.1,0,0.0,2020-11,7.82,75.0
28.7,77.2,0,0.0,2020-11,10.58,25.0
28.7,77.2,0,0.0,2020-11,3.06,50.0
28.7,77.2,0,0.0,2020-11,9.86,45.0
28.5,76.9,0,0.0,2020-11,2.37,28.0
28.5,76.9,0,0.0,2020-11,10.1,100.0
28.5,76.9,0,0.0,2020-11,9.92,40.0
28.5,76.9,0,0.0,2020-11,2.87,80.0
28.5,76.9,0,0.0,2020-11,2.47,15.0
28.5,76.9,0,0.0,2020-11,13.84,100.0
28.5,77.0,0,0.0,2020-11,18.4,105.0
28.5,77.0,0,0.0,2020-11,22.08,125.0
28.5,77.1,0,0.0,2020-11,19.25,55.0
28.5,77.1,0,0.0,2020-11,16.4,100.0
28.5,77.1,0,0.0,2020-11,4.58,20.0
28.5,77.1,0,0.0,2020-11,48.0,65.0
28.5,77.1,0,0.0,2020-11,32.9,43.0
28.5,77.2,0,0.0,2020-11,53.01,150.0
28.5,77.2,0,0.0,2020-11,30.75,104.0
28.5,77.2,0,0.0,2020-11,4.24,12.0
28.5,77.3,0,0.0,2020-11,9.47,75.0
28.5,77.3,0,0.0,2020-11,11.0,45.0
28.4,77.1,0,0.0,2020-11,42.76,100.0
28.4,77.1,0,0.0,2020-11,65.16,82.0
28.4,77.1,0,0.0,2020-11,63.75,90.0
28.4,77.2,0,0.0,2020-11,21.01,35.0
28.4,77.2,0,0.0,2020-11,49.25,86.5
28.8,77.0,0,0.0,2021-01,1.96,100.0
28.8,77.0,0,0.0,2021-01,1.92,50.0
28.8,77.0,0,0.0,2021-01,23.54,47.0
28.8,77.1,0,0.0,2021-01,11.42,80.0
28.8,77.2,0,0.0,2021-01,8.97,200.0
28.8,77.2,0,0.0,2021-01,7.59,65.0
28.8,77.2,0,0.0,2021-01,8.05,85.0
28.8,77.2,0,0.0,2021-01,11.52,101.0
28.7,76.9,0,0.0,2021-01,6.89,32.0
28.7,76.9,0,0.0,2021-01,11.98,21.2
28.7,77.0,0,0.0,2021-01,0.57,10.0
28.7,77.0,0,0.0,2021-01,1.07,27.0
28.7,77.0,0,0.0,2021-01,2.99,54.0
28.7,77.0,0,0.0,2021-01,6.47,250.75
28.7,77.0,0,0.0,2021-01,9.01,15.9
28.7,77.1,0,0.0,2021-01,12.78,100.0
28.7,77.1,0,0.0,2021-01,5.38,80.0
28.7,77.1,0,0.0,2021-01,1.66,100.0
28.7,77.1,0,0.0,2021-01,6.96,75.0
28.7,77.2,0,0.0,2021-01,8.45,25.0
28.7,77.2,0,0.0,2021-01,1.86,50.0
28.7,77.2,0,0.0,2021-01,9.54,45.0
28.5,76.9,0,0.0,2021-01,1.37,28.0
28.5,76.9,0,0.0,2021-01,8.56,100.0
28.5,76.9,0,0.0,2021-01,8.46,40.0
28.5,76.9,0,0.0,2021-01,3.38,80.0
28.5,76.9,0,0.0,2021-01,1.53,15.0
28.5,76.9,0,0.0,2021-01,13.68,100.0
28.5,77.0,0,0.0,2021-01,11.91,75.0
28.5,77.0,0,0.0,2021-01,17.43,105.0
28.5,77.0,0,0.0,2021-01,20.97,125.0
28.5,77.1,0,0.0,2021-01,16.19,55.0
28.5,77.1,0,0.0,2021-01,16.95,100.0
28.5,77.1,0,0.0,2021-01,3.85,20.0
28.5,77.1,0,0.0,2021-01,47.6,65.0
28.5,77.1,0,0.0,2021-01,15.68,100.0
28.5,77.1,0,0.0,2021-01,31.91,43.0
28.5,77.2,0,0.0,2021-01,44.82,94.5
28.5,77.2,0,0.0,2021-01,28.89,104.0
28.5,77.2,0,0.0,2021-01,3.92,12.0
28.5,77.3,0,0.0,2021-01,8.2,75.0
28.5,77.3,0,0.0,2021-01,10.45,45.0
28.4,77.1,0,0.0,2021-01,54.0,65.0
28.4,77.1,0,0.0,2021-01,41.99,100.0
28.4,77.1,0,0.0,2021-01,65.47,82.0
28.4,77.1,0,0.0,2021-01,63.88,90.0
28.4,77.2,0,0.0,2021-01,21.83,35.0
28.4,77.2,0,0.0,2021-01,50.78,86.5
28.8,77.0,0,0.0,2021-08,0.66,100.0
28.8,77.0,0,0.0,2021-08,1.78,8.6
28.8,77.0,0,0.0,2021-08,5.24,50.0
28.8,77.0,0,0.0,2021-08,23.8,25.0
28.8,77.1,0,0.0,2021-08,10.68,80.0
28.8,77.1,0,0.0,2021-08,21.78,45.0
28.8,77.2,0,0.0,2021-08,7.58,65.0
28.8,77.2,0,0.0,2021-08,7.72,85.0
28.8,77.2,0,0.0,2021-08,11.7,101.0
28.7,76.9,0,0.0,2021-08,13.3,21.2
28.7,77.0,0,0.0,2021-08,0.52,10.0
28.7,77.0,0,0.0,2021-08,0.38,27.0
28.7,77.0,0,0.0,2021-08,1.03,54.0
28.7,77.0,0,0.0,2021-08,6.26,25.0
28.7,77.1,0,0.0,2021-08,12.9,100.0
28.7,77.1,0,0.0,2021-08,4.3,80.0
28.7,77.1,0,0.0,2021-08,6.4,75.0
28.7,77.2,0,0.0,2021-08,8.07,25.0
28.7,77.2,0,0.0,2021-08,0.31,50.0
28.7,77.2,0,0.0,2021-08,7.82,45.0
28.5,76.9,0,0.0,2021-08,0.82,80.0
28.5,76.9,0,0.0,2021-08,0.6,28.0
28.5,76.9,0,0.0,2021-08,8.1,100.0
28.5,76.9,0,0.0,2021-08,7.93,40.0
28.5,76.9,0,0.0,2021-08,0.9,15.0
28.5,76.9,0,0.0,2021-08,12.36,100.0
28.5,77.0,0,0.0,2021-08,20.34,125.0
28.5,77.1,0,0.0,2021-08,15.2,55.0
28.5,77.1,0,0.0,2021-08,12.83,100.0
28.5,77.1,0,0.0,2021-08,44.86,65.0
28.5,77.1,0,0.0,2021-08,9.18,100.0
28.5,77.1,0,0.0,2021-08,33.05,43.0
28.5,77.2,0,0.0,2021-08,51.7,150.0
28.5,77.2,0,0.0,2021-08,43.05,94.5
28.5,77.2,0,0.0,2021-08,27.68,104.0
28.5,77.2,0,0.0,2021-08,2.63,12.0
28.5,77.3,0,0.0,2021-08,8.57,75.0
28.5,77.3,0,0.0,2021-08,10.79,45.0
28.4,77.1,0,0.0,2021-08,53.6,65.0
28.4,77.1,0,0.0,2021-08,40.76,100.0
28.4,77.1,0,0.0,2021-08,65.48,82.0
28.4,77.1,0,0.0,2021-08,63.61,90.0
28.4,77.2,0,0.0,2021-08,11.45,35.0
28.4,77.2,0,0.0,2021-08,54.61,86.5
28.8,77.0,0,0.0,2021-11,0.94,100.0
28.8,77.0,0,0.0,2021-11,1.3,8.6
28.8,77.0,0,0.0,2021-11,2.13,50.0
28.8,77.0,0,0.0,2021-11,19.78,47.0
28.8,77.1,0,0.0,2021-11,8.3,80.0
28.8,77.2,0,0.0,2021-11,7.2,85.0
28.8,77.2,0,0.0,2021-11,9.8,101.0
28.7,76.9,0,0.0,2021-11,4.39,32.0
28.7,76.9,0,0.0,2021-11,12.1,21.2
28.7,77.0,0,0.0,2021-11,0.22,10.0
28.7,77.0,0,0.0,2021-11,0.63,27.0
28.7,77.0,0,0.0,2021-11,0.93,54.0
28.7,77.0,0,0.0,2021-11,4.79,250.75
28.7,77.0,0,0.0,2021-11,6.09,15.9
28.7,77.1,0,0.0,2021-11,12.22,100.0
28.7,77.1,0,0.0,2021-11,3.42,80.0
28.7,77.1,0,0.0,2021-11,0.9,100.0
28.7,77.1,0,0.0,2021-11,4.52,75.0
28.7,77.2,0,0.0,2021-11,8.26,25.0
28.7,77.2,0,0.0,2021-11,0.98,50.0
28.7,77.2,0,0.0,2021-11,8.06,45.0
28.5,76.9,0,0.0,2021-11,0.85,80.0
28.5,76.9,0,0.0,2021-11,0.88,28.0
28.5,76.9,0,0.0,2021-11,2.4,15.0
28.5,76.9,0,0.0,2021-11,11.31,100.0
28.5,77.0,0,0.0,2021-11,13.3,105.0
28.5,77.0,0,0.0,2021-11,19.39,125.0
28.5,77.1,0,0.0,2021-11,13.6,55.0
28.5,77.1,0,0.0,2021-11,7.94,100.0
28.5,77.1,0,0.0,2021-11,0.51,20.0
28.5,77.1,0,0.0,2021-11,43.76,65.0
28.5,77.1,0,0.0,2021-11,32.54,43.0
28.5,77.2,0,0.0,2021-11,47.84,150.0
28.5,77.2,0,0.0,2021-11,42.3,94.5
28.5,77.2,0,0.0,2021-11,26.72,104.0
28.5,77.3,0,0.0,2021-11,6.76,75.0
28.5,77.3,0,0.0,2021-11,10.51,45.0
28.4,77.1,0,0.0,2021-11,53.88,65.0
28.4,77.1,0,0.0,2021-11,65.67,82.0
28.4,77.2,0,0.0,2021-11,14.44,35.0
28.4,77.2,0,0.0,2021-11,40.55,86.5
28.8,77.0,0,0.0,2022-01,1.39,100.0
28.8,77.0,0,0.0,2022-01,2.03,8.6
28.8,77.0,0,0.0,2022-01,2.46,50.0
28.8,77.0,0,0.0,2022-01,24.75,47.0
28.8,77.1,0,0.0,2022-01,18.29,45.0
28.8,77.2,0,0.0,2022-01,7.89,200.0
28.8,77.2,0,0.0,2022-01,6.54,65.0
28.8,77.2,0,0.0,2022-01,7.98,85.0
28.8,77.2,0,0.0,2022-01,9.5,101.0
28.7,76.9,0,0.0,2022-01,4.7,32.0
28.7,76.9,0,0.0,2022-01,11.43,21.2
28.7,77.0,0,0.0,2022-01,0.72,27.0
28.7,77.0,0,0.0,2022-01,0.77,54.0
28.7,77.0,0,0.0,2022-01,4.62,250.75
28.7,77.1,0,0.0,2022-01,11.92,100.0
28.7,77.1,0,0.0,2022-01,4.06,80.0
28.7,77.1,0,0.0,2022-01,1.41,100.0
28.7,77.1,0,0.0,2022-01,4.37,75.0
28.7,77.2,0,0.0,2022-01,7.79,25.0
28.7,77.2,0,0.0,2022-01,9.35,70.0
28.7,77.2,0,0.0,2022-01,1.35,50.0
28.7,77.2,0,0.0,2022-01,3.37,50.0
28.7,77.2,0,0.0,2022-01,7.46,45.0
28.5,76.9,0,0.0,2022-01,1.45,28.0
28.5,76.9,0,0.0,2022-01,7.38,100.0
28.5,76.9,0,0.0,2022-01,7.42,40.0
28.5,76.9,0,0.0,2022-01,1.85,15.0
28.5,76.9,0,0.0,2022-01,11.06,100.0
28.5,77.0,0,0.0,2022-01,8.35,75.0
28.5,77.0,0,0.0,2022-01,14.21,105.0
28.5,77.0,0,0.0,2022-01,18.73,125.0
28.5,77.1,0,0.0,2022-01,12.54,55.0
28.5,77.1,0,0.0,2022-01,10.1,100.0
28.5,77.1,0,0.0,2022-01,1.9,20.0
28.5,77.1,0,0.0,2022-01,43.79,65.0
28.5,77.1,0,0.0,2022-01,13.43,100.0
28.5,77.1,0,0.0,2022-01,32.06,43.0
28.5,77.2,0,0.0,2022-01,47.56,150.0
28.5,77.2,0,0.0,2022-01,41.1,94.5
28.5,77.2,0,0.0,2022-01,25.49,104.0
28.5,77.2,0,0.0,2022-01,2.9,12.0
28.5,77.3,0,0.0,2022-01,8.4,75.0
28.5,77.3,0,0.0,2022-01,10.25,45.0
28.4,77.1,0,0.0,2022-01,65.0,65.0
28.4,77.1,0,0.0,2022-01,41.13,100.0
28.4,77.1,0,0.0,2022-01,65.54,82.0
28.4,77.1,0,0.0,2022-01,63.88,90.0
28.4,77.2,0,0.0,2022-01,19.27,35.0
28.4,77.2,0,0.0,2022-01,43.89,86.5
28.8,77.0,0,0.0,2022-05,2.3,100.0
28.8,77.0,0,0.0,2022-05,3.73,8.6
28.8,77.0,0,0.0,2022-05,3.89,50.0
28.8,77.0,0,0.0,2022-05,18.55,47.0
28.8,77.1,0,0.0,2022-05,8.79,80.0
28.8,77.1,0,0.0,2022-05,18.0,45.0
28.8,77.2,0,0.0,2022-05,8.41,200.0
28.8,77.2,0,0.0,2022-05,7.05,65.0
28.8,77.2,0,0.0,2022-05,8.08,85.0
28.8,77.2,0,0.0,2022-05,9.75,101.0
28.7,76.9,0,0.0,2022-05,5.49,32.0
28.7,76.9,0,0.0,2022-05,11.66,21.2
28.7,77.0,0,0.0,2022-05,1.25,10.0
28.7,77.0,0,0.0,2022-05,1.46,27.0
28.7,77.0,0,0.0,2022-05,2.26,54.0
28.7,77.0,0,0.0,2022-05,4.86,250.75
28.7,77.0,0,0.0,2022-05,8.21,15.9
28.7,77.1,0,0.0,2022-05,12.8,100.0
28.7,77.1,0,0.0,2022-05,4.89,80.0
28.7,77.1,0,0.0,2022-05,4.88,75.0
28.7,77.1,0,0.0,2022-05,11.67,100.0
28.7,77.2,0,0.0,2022-05,14.45,25.0
28.7,77.2,0,0.0,2022-05,11.52,70.0
28.7,77.2,0,0.0,2022-05,2.51,50.0
28.7,77.2,0,0.0,2022-05,3.35,50.0
28.5,76.9,0,0.0,2022-05,1.68,28.0
28.5,76.9,0,0.0,2022-05,7.43,100.0
28.5,76.9,0,0.0,2022-05,7.28,40.0
28.5,76.9,0,0.0,2022-05,1.27,15.0
28.5,76.9,0,0.0,2022-05,10.8,100.0
28.5,77.0,0,0.0,2022-05,9.2,75.0
28.5,77.0,0,0.0,2022-05,15.3,105.0
28.5,77.0,0,0.0,2022-05,17.86,125.0
28.5,77.1,0,0.0,2022-05,15.42,55.0
28.5,77.1,0,0.0,2022-05,12.4,100.0
28.5,77.1,0,0.0,2022-05,3.29,20.0
28.5,77.1,0,0.0,2022-05,14.0,100.0
28.5,77.1,0,0.0,2022-05,31.79,43.0
28.5,77.2,0,0.0,2022-05,49.48,150.0
28.5,77.2,0,0.0,2022-05,39.53,94.5
28.5,77.2,0,0.0,2022-05,24.7,104.0
28.5,77.2,0,0.0,2022-05,3.7,12.0
28.5,77.3,0,0.0,2022-05,9.32,75.0
28.5,77.3,0,0.0,2022-05,22.34,75.0
28.5,77.3,0,0.0,2022-05,10.3,45.0
28.4,77.1,0,0.0,2022-05,53.34,65.0
28.4,77.1,0,0.0,2022-05,41.37,100.0
28.4,77.1,0,0.0,2022-05,66.01,82.0
28.4,77.1,0,0.0,2022-05,64.37,90.0
28.4,77.2,0,0.0,2022-05,23.08,35.0
28.4,77.2,0,0.0,2022-05,10.95,100.0
28.4,77.2,0,0.0,2022-05,48.64,86.5
28.8,77.0,0,0.0,2022-08,1.58,100.0
28.8,77.0,0,0.0,2022-08,2.57,8.6
28.8,77.0,0,0.0,2022-08,1.64,50.0
28.8,77.0,0,0.0,2022-08,20.33,47.0
28.8,77.1,0,0.0,2022-08,9.75,80.0
28.8,77.1,0,0.0,2022-08,19.07,45.0
28.8,77.2,0,0.0,2022-08,9.05,200.0
28.8,77.2,0,0.0,2022-08,7.32,65.0
28.8,77.2,0,0.0,2022-08,8.18,85.0
28.8,77.2,0,0.0,2022-08,10.46,101.0
28.7,76.9,0,0.0,2022-08,5.1,32.0
28.7,76.9,0,0.0,2022-08,11.31,21.2
28.7,77.0,0,0.0,2022-08,0.43,10.0
28.7,77.0,0,0.0,2022-08,0.83,27.0
28.7,77.0,0,0.0,2022-08,2.45,54.0
28.7,77.0,0,0.0,2022-08,4.94,250.75
28.7,77.0,0,0.0,2022-08,9.08,15.9
28.7,77.1,0,0.0,2022-08,22.56,100.0
28.7,77.1,0,0.0,2022-08,4.72,80.0
28.7,77.1,0,0.0,2022-08,5.25,75.0
28.7,77.1,0,0.0,2022-08,12.73,100.0
28.7,77.2,0,0.0,2022-08,12.87,70.0
28.7,77.2,0,0.0,2022-08,1.39,50.0
28.7,77.2,0,0.0,2022-08,3.24,50.0
28.7,77.2,0,0.0,2022-08,6.6,45.0
28.5,76.9,0,0.0,2022-08,0.79,28.0
28.5,76.9,0,0.0,2022-08,7.36,100.0
28.5,76.9,0,0.0,2022-08,7.22,40.0
28.5,76.9,0,0.0,2022-08,0.97,15.0
28.5,76.9,0,0.0,2022-08,10.69,100.0
28.5,77.0,0,0.0,2022-08,7.37,75.0
28.5,77.0,0,0.0,2022-08,14.39,105.0
28.5,77.0,0,0.0,2022-08,16.85,125.0
28.5,77.1,0,0.0,2022-08,13.21,55.0
28.5,77.1,0,0.0,2022-08,13.41,100.0
28.5,77.1,0,0.0,2022-08,2.97,20.0
28.5,77.1,0,0.0,2022-08,51.03,65.0
28.5,77.1,0,0.0,2022-08,14.61,100.0
28.5,77.1,0,0.0,2022-08,32.37,43.0
28.5,77.2,0,0.0,2022-08,48.59,150.0
28.5,77.2,0,0.0,2022-08,24.5,104.0
28.5,77.2,0,0.0,2022-08,2.48,12.0
28.5,77.3,0,0.0,2022-08,8.6,75.0
28.5,77.3,0,0.0,2022-08,10.27,45.0
28.4,77.1,0,0.0,2022-08,52.68,65.0
28.4,77.1,0,0.0,2022-08,40.96,100.0
28.4,77.1,0,0.0,2022-08,66.51,82.0
28.4,77.1,0,0.0,2022-08,62.07,90.0
28.4,77.2,0,0.0,2022-08,14.81,35.0
28.4,77.2,0,0.0,2022-08,48.24,86.5
28.8,77.0,0,0.0,2022-11,1.69,100.0
28.8,77.0,0,0.0,2022-11,2.08,8.6
28.8,77.0,0,0.0,2022-11,2.62,50.0
28.8,77.0,0,0.0,2022-11,19.84,47.0
28.8,77.1,0,0.0,2022-11,8.93,80.0
28.8,77.1,0,0.0,2022-11,19.02,45.0
28.8,77.2,0,0.0,2022-11,8.62,200.0
28.8,77.2,0,0.0,2022-11,6.47,65.0
28.8,77.2,0,0.0,2022-11,8.62,85.0
28.8,77.2,0,0.0,2022-11,9.2,101.0
28.7,76.9,0,0.0,2022-11,5.55,32.0
28.7,76.9,0,0.0,2022-11,11.07,21.2
28.7,77.0,0,0.0,2022-11,0.62,10.0
28.7,77.0,0,0.0,2022-11,2.61,54.0
28.7,77.0,0,0.0,2022-11,5.27,250.75
28.7,77.1,0,0.0,2022-11,11.92,100.0
28.7,77.1,0,0.0,2022-11,4.94,80.0
28.7,77.1,0,0.0,2022-11,4.76,75.0
28.7,77.1,0,0.0,2022-11,11.11,100.0
28.7,77.2,0,0.0,2022-11,7.57,25.0
28.7,77.2,0,0.0,2022-11,28.16,100.0
28.7,77.2,0,0.0,2022-11,11.24,70.0
28.7,77.2,0,0.0,2022-11,1.76,50.0
28.7,77.2,0,0.0,2022-11,4.62,45.0
28.5,76.9,0,0.0,2022-11,0.84,28.0
28.5,76.9,0,0.0,2022-11,6.33,100.0
28.5,76.9,0,0.0,2022-11,6.12,40.0
28.5,76.9,0,0.0,2022-11,2.58,15.0
28.5,76.9,0,0.0,2022-11,10.62,100.0
28.5,77.0,0,0.0,2022-11,7.52,75.0
28.5,77.0,0,0.0,2022-11,-13.89,
28.5,77.0,0,0.0,2022-11,13.14,105.0
28.5,77.0,0,0.0,2022-11,-15.56,
28.5,77.0,0,0.0,2022-11,14.15,125.0
28.5,77.1,0,0.0,2022-11,13.65,55.0
28.5,77.1,0,0.0,2022-11,13.08,100.0
28.5,77.1,0,0.0,2022-11,2.66,20.0
28.5,77.1,0,0.0,2022-11,43.04,65.0
28.5,77.1,0,0.0,2022-11,14.26,100.0
28.5,77.1,0,0.0,2022-11,31.68,43.0
28.5,77.2,0,0.0,2022-11,44.7,150.0
28.5,77.2,0,0.0,2022-11,39.04,94.5
28.5,77.2,0,0.0,2022-11,23.95,104.0
28.5,77.3,0,0.0,2022-11,8.0,75.0
28.5,77.3,0,0.0,2022-11,9.64,45.0
28.4,77.1,0,0.0,2022-11,51.69,65.0
28.4,77.1,0,0.0,2022-11,10.07,100.0
28.4,77.1,0,0.0,2022-11,66.75,82.0
28.4,77.1,0,0.0,2022-11,64.74,90.0
28.4,77.2,0,0.0,2022-11,16.0,35.0
28.4,77.2,0,0.0,2022-11,39.17,86.5
28.5,76.9,0,0.0,2022-12,-10.74,
28.5,77.0,0,0.0,2022-12,-8.03,
28.5,77.0,0,0.0,2022-12,-14.28,
28.5,77.0,0,0.0,2022-12,-15.37,
28.4,77.1,0,0.0,2022-12,-66.86,
28.5,76.9,0,0.0,2023-01,-10.72,
28.5,77.0,0,0.0,2023-01,-8.3,
28.5,77.0,0,0.0,2023-01,-14.86,
28.5,77.0,0,0.0,2023-01,-15.14,
28.4,77.1,0,0.0,2023-01,-66.83,
28.5,76.9,0,0.0,2023-02,-10.69,
28.5,77.0,0,0.0,2023-02,-8.63,
28.5,77.0,0,0.0,2023-02,-15.12,
28.5,77.0,0,0.0,2023-02,-14.94,
28.4,77.1,0,0.0,2023-02,-66.77,
28.5,76.9,0,0.0,2023-03,-10.69,
28.5,77.0,0,0.0,2023-03,-8.93,
28.5,77.0,0,0.0,2023-03,-15.84,
28.5,77.0,0,0.0,2023-03,-14.78,
28.4,77.1,0,0.0,2023-03,-66.89,
28.8,77.0,0,0.0,2023-04,-19.83,
28.8,77.2,0,0.0,2023-04,-9.77,
28.7,77.2,0,0.0,2023-04,-5.87,
28.5,76.9,0,0.0,2023-04,-10.64,
28.5,77.0,0,0.0,2023-04,-9.11,
28.5,77.0,0,0.0,2023-04,-17.26,
28.5,77.0,0,0.0,2023-04,-14.64,
28.5,77.2,0,0.0,2023-04,-23.33,
28.4,77.1,0,0.0,2023-04,-66.94,
28.8,76.9,0,0.0,2023-05,-4.61,
28.8,77.0,0,0.0,2023-05,-3.15,
28.8,77.0,0,0.0,2023-05,-7.52,
28.8,77.0,0,0.0,2023-05,-19.72,
28.8,77.1,0,0.0,2023-05,-9.13,
28.8,77.1,0,0.0,2023-05,-7.75,
28.8,77.1,0,0.0,2023-05,-21.15,
28.8,77.2,0,0.0,2023-05,-9.9,
28.7,77.0,0,0.0,2023-05,-5.21,
28.7,77.1,0,0.0,2023-05,-3.69,
28.7,77.1,0,0.0,2023-05,-13.63,
28.7,77.1,0,0.0,2023-05,-5.6,
28.7,77.1,0,0.0,2023-05,-5.92,
28.7,77.2,0,0.0,2023-05,-2.36,
28.7,77.2,0,0.0,2023-05,-5.31,
28.5,76.9,0,0.0,2023-05,-10.63,
28.5,77.0,0,0.0,2023-05,-9.36,
28.5,77.0,0,0.0,2023-05,-18.15,
28.5,77.0,0,0.0,2023-05,-14.53,
28.5,77.2,0,0.0,2023-05,-38.37,
28.5,77.2,0,0.0,2023-05,-23.29,
28.5,77.3,0,0.0,2023-05,-9.78,
28.4,77.1,0,0.0,2023-05,-67.09,
28.4,77.2,0,0.0,2023-05,-47.08,
28.8,76.9,0,0.0,2023-06,-4.6,
28.8,77.0,0,0.0,2023-06,-2.94,
28.8,77.0,0,0.0,2023-06,-7.58,
28.8,77.0,0,0.0,2023-06,-20.12,
28.8,77.1,0,0.0,2023-06,-9.04,
28.8,77.1,0,0.0,2023-06,-7.83,
28.8,77.1,0,0.0,2023-06,-21.65,
28.8,77.2,0,0.0,2023-06,-10.47,
28.7,77.0,0,0.0,2023-06,-5.34,
28.7,77.1,0,0.0,2023-06,-3.95,
28.7,77.1,0,0.0,2023-06,-13.49,
28.7,77.1,0,0.0,2023-06,-5.74,
28.7,77.1,0,0.0,2023-06,-5.97,
28.7,77.2,0,0.0,2023-06,39.8,44.0
28.7,77.2,0,0.0,2023-06,-7.51,
28.7,77.2,0,0.0,2023-06,-5.0,
28.5,76.9,0,0.0,2023-06,-10.61,
28.5,77.0,0,0.0,2023-06,-9.4,
28.5,77.0,0,0.0,2023-06,-19.04,
28.5,77.0,0,0.0,2023-06,-14.41,
28.5,77.2,0,0.0,2023-06,-38.16,
28.5,77.2,0,0.0,2023-06,-23.03,
28.5,77.3,0,0.0,2023-06,-9.85,
28.4,77.1,0,0.0,2023-06,-67.22,
28.4,77.2,0,0.0,2023-06,-47.61,
28.8,76.9,0,0.0,2023-07,-3.74,
28.8,77.0,0,0.0,2023-07,-1.45,
28.8,77.0,0,0.0,2023-07,-6.96,
28.8,77.0,0,0.0,2023-07,-20.44,
28.8,77.1,0,0.0,2023-07,-9.16,
28.8,77.1,0,0.0,2023-07,-17.96,
28.8,77.1,0,0.0,2023-07,-22.29,
28.8,77.2,0,0.0,2023-07,-7.87,
28.7,77.0,0,0.0,2023-07,-5.21,
28.7,77.1,0,0.0,2023-07,-3.04,
28.7,77.1,0,0.0,2023-07,-12.82,
28.7,77.1,0,0.0,2023-07,-5.29,
28.7,77.1,0,0.0,2023-07,-5.74,
28.7,77.2,0,0.0,2023-07,45.1,44.0
28.7,77.2,0,0.0,2023-07,-0.45,
28.7,77.2,0,0.0,2023-07,-5.12,
28.5,76.9,0,0.0,2023-07,-10.41,
28.5,77.0,0,0.0,2023-07,-8.79,
28.5,77.0,0,0.0,2023-07,-18.94,
28.5,77.0,0,0.0,2023-07,-14.19,
28.5,77.2,0,0.0,2023-07,-38.05,
28.5,77.2,0,0.0,2023-07,-22.93,
28.5,77.3,0,0.0,2023-07,-9.27,
28.4,77.1,0,0.0,2023-07,-67.23,
28.4,77.2,0,0.0,2023-07,-43.52,
28.8,76.9,0,0.0,2023-08,-3.37,
28.8,77.0,0,0.0,2023-08,-1.13,
28.8,77.0,0,0.0,2023-08,-6.79,
28.8,77.0,0,0.0,2023-08,-20.39,
28.8,77.1,0,0.0,2023-08,-9.11,
28.8,77.1,0,0.0,2023-08,-6.87,
28.8,77.1,0,0.0,2023-08,26.06,35.0
28.8,77.1,0,0.0,2023-08,-22.57,
28.8,77.2,0,0.0,2023-08,-7.21,
28.7,77.0,0,0.0,2023-08,-4.95,
28.7,77.1,0,0.0,2023-08,-3.34,
28.7,77.1,0,0.0,2023-08,25.41,56.0
28.7,77.1,0,0.0,2023-08,-12.7,
28.7,77.1,0,0.0,2023-08,-5.13,
28.7,77.1,0,0.0,2023-08,-5.48,
28.7,77.2,0,0.0,2023-08,51.35,44.0
28.7,77.2,0,0.0,2023-08,-0.61,
28.7,77.2,0,0.0,2023-08,-2.9,
28.5,76.9,0,0.0,2023-08,-10.22,
28.5,77.0,0,0.0,2023-08,-8.34,
28.5,77.0,0,0.0,2023-08,-18.01,
28.5,77.0,0,0.0,2023-08,-13.92,
28.5,77.2,0,0.0,2023-08,-37.78,
28.5,77.2,0,0.0,2023-08,-22.68,
28.5,77.3,0,0.0,2023-08,-8.46,
28.4,77.1,0,0.0,2023-08,-67.29,
28.4,77.2,0,0.0,2023-08,-34.71,
28.8,76.9,0,0.0,2023-09,-3.71,
28.8,77.0,0,0.0,2023-09,-1.57,
28.8,77.0,0,0.0,2023-09,9.76,85.0
28.8,77.0,0,0.0,2023-09,-7.1,
28.8,77.0,0,0.0,2023-09,-20.29,
28.8,77.1,0,0.0,2023-09,-8.8,
28.8,77.1,0,0.0,2023-09,-9.16,
28.8,77.1,0,0.0,2023-09,13.51,40.0
28.8,77.1,0,0.0,2023-09,18.28,15.55
28.8,77.1,0,0.0,2023-09,-22.55,
28.8,77.2,0,0.0,2023-09,9.35,178.0
28.8,77.2,0,0.0,2023-09,9.29,38.0
28.8,77.2,0,0.0,2023-09,10.29,64.0
28.8,77.2,0,0.0,2023-09,-8.69,
28.7,76.9,0,0.0,2023-09,4.39,32.0
28.7,77.0,0,0.0,2023-09,4.23,64.0
28.7,77.0,0,0.0,2023-09,6.47,35.0
28.7,77.0,0,0.0,2023-09,-4.97,
28.7,77.0,0,0.0,2023-09,4.1,83.0
28.7,77.0,0,0.0,2023-09,7.5,64.0
28.7,77.1,0,0.0,2023-09,7.7,42.0
28.7,77.1,0,0.0,2023-09,5.17,47.0
28.7,77.1,0,0.0,2023-09,-3.91,
28.7,77.1,0,0.0,2023-09,7.01,77.0
28.7,77.1,0,0.0,2023-09,10.6,56.0
28.7,77.1,0,0.0,2023-09,-13.02,
28.7,77.1,0,0.0,2023-09,-5.3,
28.7,77.1,0,0.0,2023-09,8.41,69.0
28.7,77.1,0,0.0,2023-09,-5.38,
28.7,77.1,0,0.0,2023-09,11.24,50.0
28.7,77.2,0,0.0,2023-09,7.61,44.0
28.7,77.2,0,0.0,2023-09,34.79,46.0
28.7,77.2,0,0.0,2023-09,-1.28,
28.7,77.2,0,0.0,2023-09,-3.73,
28.5,76.9,0,0.0,2023-09,9.49,50.0
28.5,76.9,0,0.0,2023-09,6.75,40.0
28.5,76.9,0,0.0,2023-09,1.19,38.0
28.5,76.9,0,0.0,2023-09,-10.03,
28.5,76.9,0,0.0,2023-09,11.84,58.0
28.5,77.0,0,0.0,2023-09,-8.43,
28.5,77.0,0,0.0,2023-09,-18.14,
28.5,77.0,0,0.0,2023-09,-13.72,
28.5,77.2,0,0.0,2023-09,-37.75,
28.5,77.2,0,0.0,2023-09,-22.39,
28.5,77.3,0,0.0,2023-09,-8.45,
28.4,77.1,0,0.0,2023-09,-67.4,
28.4,77.2,0,0.0,2023-09,-36.3,
28.8,76.9,0,0.0,2023-10,-4.01,
28.8,77.0,0,0.0,2023-10,-2.03,
28.8,77.0,0,0.0,2023-10,9.99,85.0
28.8,77.0,0,0.0,2023-10,-7.05,
28.8,77.0,0,0.0,2023-10,0.0,45.0
28.8,77.0,0,0.0,2023-10,-19.85,
28.8,77.1,0,0.0,2023-10,-8.48,
28.8,77.1,0,0.0,2023-10,-12.21,
28.8,77.1,0,0.0,2023-10,10.42,40.0
28.8,77.1,0,0.0,2023-10,18.2,15.55
28.8,77.1,0,0.0,2023-10,0.0,45.0
28.8,77.1,0,0.0,2023-10,-22.36,
28.8,77.2,0,0.0,2023-10,5.63,178.0
28.8,77.2,0,0.0,2023-10,5.56,38.0
28.8,77.2,0,0.0,2023-10,9.23,64.0
28.8,77.2,0,0.0,2023-10,-10.08,
28.7,76.9,0,0.0,2023-10,4.29,32.0
28.7,77.0,0,0.0,2023-10,1.1,64.0
28.7,77.0,0,0.0,2023-10,2.86,35.0
28.7,77.0,0,0.0,2023-10,-5.05,
28.7,77.0,0,0.0,2023-10,4.37,83.0
28.7,77.0,0,0.0,2023-10,7.57,64.0
28.7,77.1,0,0.0,2023-10,5.43,42.0
28.7,77.1,0,0.0,2023-10,2.34,47.0
28.7,77.1,0,0.0,2023-10,-4.47,
28.7,77.1,0,0.0,2023-10,3.2,77.0
28.7,77.1,0,0.0,2023-10,2.63,56.0
28.7,77.1,0,0.0,2023-10,-13.86,
28.7,77.1,0,0.0,2023-10,-5.52,
28.7,77.1,0,0.0,2023-10,8.26,69.0
28.7,77.1,0,0.0,2023-10,-5.38,
28.7,77.1,0,0.0,2023-10,11.49,50.0
28.7,77.2,0,0.0,2023-10,7.7,44.0
28.7,77.2,0,0.0,2023-10,3.49,46.0
28.7,77.2,0,0.0,2023-10,-1.65,
28.7,77.2,0,0.0,2023-10,-3.99,
28.5,76.9,0,0.0,2023-10,6.85,50.0
28.5,76.9,0,0.0,2023-10,6.68,40.0
28.5,76.9,0,0.0,2023-10,1.44,38.0
28.5,76.9,0,0.0,2023-10,-9.94,
28.5,76.9,0,0.0,2023-10,9.27,58.0
28.5,77.0,0,0.0,2023-10,-8.75,
28.5,77.0,0,0.0,2023-10,-18.8,
28.5,77.0,0,0.0,2023-10,-13.61,
28.5,77.2,0,0.0,2023-10,-37.56,
28.5,77.2,0,0.0,2023-10,-22.11,
28.5,77.3,0,0.0,2023-10,-8.61,
28.4,77.1,0,0.0,2023-10,-67.5,
28.4,77.2,0,0.0,2023-10,-38.1,
28.8,76.9,0,0.0,2023-11,-4.2,
28.8,77.0,0,0.0,2023-11,-2.16,
28.8,77.0,0,0.0,2023-11,10.01,85.0
28.8,77.0,0,0.0,2023-11,-7.17,
28.8,77.0,0,0.0,2023-11,0.0,45.0
28.8,77.0,0,0.0,2023-11,-19.51,
28.8,77.1,0,0.0,2023-11,-8.47,
28.8,77.1,0,0.0,2023-11,-6.36,
28.8,77.1,0,0.0,2023-11,10.13,40.0
28.8,77.1,0,0.0,2023-11,17.67,15.55
28.8,77.1,0,0.0,2023-11,0.0,45.0
28.8,77.1,0,0.0,2023-11,-21.83,
28.8,77.2,0,0.0,2023-11,5.76,178.0
28.8,77.2,0,0.0,2023-11,5.55,38.0
28.8,77.2,0,0.0,2023-11,9.28,64.0
28.8,77.2,0,0.0,2023-11,-9.78,
28.7,76.9,0,0.0,2023-11,4.47,32.0
28.7,77.0,0,0.0,2023-11,0.97,64.0
28.7,77.0,0,0.0,2023-11,3.33,35.0
28.7,77.0,0,0.0,2023-11,-5.21,
28.7,77.0,0,0.0,2023-11,4.66,83.0
28.7,77.0,0,0.0,2023-11,6.99,64.0
28.7,77.1,0,0.0,2023-11,5.47,42.0
28.7,77.1,0,0.0,2023-11,2.41,47.0
28.7,77.1,0,0.0,2023-11,-4.06,
28.7,77.1,0,0.0,2023-11,3.24,77.0
28.7,77.1,0,0.0,2023-11,2.61,56.0
28.7,77.1,0,0.0,2023-11,-14.45,
28.7,77.1,0,0.0,2023-11,-5.69,
28.7,77.1,0,0.0,2023-11,8.29,69.0
28.7,77.1,0,0.0,2023-11,-5.64,
28.7,77.1,0,0.0,2023-11,11.09,50.0
28.7,77.2,0,0.0,2023-11,8.05,44.0
28.7,77.2,0,0.0,2023-11,3.35,46.0
28.7,77.2,0,0.0,2023-11,-5.64,
28.7,77.2,0,0.0,2023-11,-3.81,
28.5,76.9,0,0.0,2023-11,6.79,50.0
28.5,76.9,0,0.0,2023-11,6.6,40.0
28.5,76.9,0,0.0,2023-11,1.74,38.0
28.5,76.9,0,0.0,2023-11,-9.92,
28.5,76.9,0,0.0,2023-11,9.49,58.0
28.5,77.0,0,0.0,2023-11,-8.8,
28.5,77.0,0,0.0,2023-11,-19.28,
28.5,77.0,0,0.0,2023-11,-13.49,
28.5,77.2,0,0.0,2023-11,-37.23,
28.5,77.2,0,0.0,2023-11,-21.7,
28.5,77.3,0,0.0,2023-11,-8.85,
28.4,77.1,0,0.0,2023-11,-67.54,
28.4,77.2,0,0.0,2023-11,-40.29,
28.8,76.9,0,0.0,2023-12,-4.27,
28.8,77.0,0,0.0,2023-12,-2.55,
28.8,77.0,0,0.0,2023-12,10.39,85.0
28.8,77.0,0,0.0,2023-12,-7.2,
28.8,77.0,0,0.0,2023-12,0.0,45.0
28.8,77.0,0,0.0,2023-12,-19.56,
28.8,77.1,0,0.0,2023-12,-8.56,
28.8,77.1,0,0.0,2023-12,-6.51,
28.8,77.1,0,0.0,2023-12,9.95,40.0
28.8,77.1,0,0.0,2023-12,0.0,45.0
28.8,77.1,0,0.0,2023-12,-21.67,
28.8,77.2,0,0.0,2023-12,5.93,178.0
28.8,77.2,0,0.0,2023-12,5.69,38.0
28.8,77.2,0,0.0,2023-12,-8.09,
28.7,76.9,0,0.0,2023-12,4.57,32.0
28.7,77.0,0,0.0,2023-12,0.76,64.0
28.7,77.0,0,0.0,2023-12,3.66,35.0
28.7,77.0,0,0.0,2023-12,-5.31,
28.7,77.0,0,0.0,2023-12,4.83,83.0
28.7,77.0,0,0.0,2023-12,7.21,64.0
28.7,77.1,0,0.0,2023-12,5.34,42.0
28.7,77.1,0,0.0,2023-12,2.28,47.0
28.7,77.1,0,0.0,2023-12,-3.6,
28.7,77.1,0,0.0,2023-12,2.74,56.0
28.7,77.1,0,0.0,2023-12,-14.81,
28.7,77.1,0,0.0,2023-12,-5.68,
28.7,77.1,0,0.0,2023-12,8.3,69.0
28.7,77.1,0,0.0,2023-12,-5.8,
28.7,77.1,0,0.0,2023-12,11.01,50.0
28.7,77.2,0,0.0,2023-12,8.35,44.0
28.7,77.2,0,0.0,2023-12,3.44,46.0
28.7,77.2,0,0.0,2023-12,-9.31,
28.7,77.2,0,0.0,2023-12,-3.81,
28.5,76.9,0,0.0,2023-12,6.9,50.0
28.5,76.9,0,0.0,2023-12,6.7,40.0
28.5,76.9,0,0.0,2023-12,2.16,38.0
28.5,76.9,0,0.0,2023-12,-9.93,
28.5,76.9,0,0.0,2023-12,9.56,58.0
28.5,77.0,0,0.0,2023-12,-8.57,
28.5,77.0,0,0.0,2023-12,-19.59,
28.5,77.0,0,0.0,2023-12,-13.38,
28.5,77.2,0,0.0,2023-12,-36.97,
28.5,77.2,0,0.0,2023-12,-21.52,
28.5,77.3,0,0.0,2023-12,-8.91,
28.4,77.1,0,0.0,2023-12,-67.5,
28.4,77.2,0,0.0,2023-12,-41.56,
