Unnamed: 0,latitude,longitude,tp_mm,month,dataValue,wellDepth,tmean_C,d2m_C,evap_mm,pressure_hPa
0,28.8,77.0,0.0,2020-01,1.71,100.0,12.806938,8.89,-0.978733,992.20184
1,28.8,77.0,0.0,2020-01,2.8,8.6,12.806938,8.89,-0.978733,992.20184
2,28.8,77.0,0.0,2020-01,2.36,50.0,12.806938,8.89,-0.978733,992.20184
3,28.8,77.0,0.0,2020-01,23.65,47.0,12.806938,8.89,-0.978733,992.20184
4,28.8,77.1,0.0,2020-01,12.24,80.0,12.8308115,8.96,-0.9945518,992.1147
5,28.8,77.1,0.0,2020-01,21.3,45.0,12.8308115,8.96,-0.9945518,992.1147
6,28.8,77.2,0.0,2020-01,9.54,200.0,12.864816,8.99,-0.9824401,991.7824
7,28.8,77.2,0.0,2020-01,7.94,65.0,12.864816,8.99,-0.9824401,991.7824
8,28.8,77.2,0.0,2020-01,9.49,101.0,12.864816,8.99,-0.9824401,991.7824
9,28.5,76.9,0.0,2020-01,1.08,80.0,12.995922,8.79,-0.9522843,992.88043
10,28.5,76.9,0.0,2020-01,2.14,28.0,12.995922,8.79,-0.9522843,992.88043
11,28.5,76.9,0.0,2020-01,9.78,100.0,12.995922,8.79,-0.9522843,992.88043
12,28.5,76.9,0.0,2020-01,9.53,40.0,12.995922,8.79,-0.9522843,992.88043
13,28.5,76.9,0.0,2020-01,3.56,80.0,12.995922,8.79,-0.9522843,992.88043
14,28.5,76.9,0.0,2020-01,1.7,15.0,12.995922,8.79,-0.9522843,992.88043
15,28.5,76.9,0.0,2020-01,14.17,100.0,12.995922,8.79,-0.9522843,992.88043
16,28.5,76.9,0.0,2020-01,14.05,59.0,12.995922,8.79,-0.9522843,992.88043
17,28.5,77.0,0.0,2020-01,13.57,75.0,12.941975,8.84,-0.97491777,991.4105
18,28.5,77.0,0.0,2020-01,21.67,125.0,12.941975,8.84,-0.97491777,991.4105
19,28.5,77.1,0.0,2020-01,19.91,55.0,12.966299,8.87,-0.99341387,990.259
20,28.5,77.1,0.0,2020-01,22.65,100.0,12.966299,8.87,-0.99341387,990.259
21,28.5,77.1,0.0,2020-01,46.42,65.0,12.966299,8.87,-0.99341387,990.259
22,28.5,77.1,0.0,2020-01,31.8,43.0,12.966299,8.87,-0.99341387,990.259
23,28.5,77.2,0.0,2020-01,52.12,150.0,13.014212,8.94,-1.0206679,991.3581
24,28.5,77.2,0.0,2020-01,49.27,94.5,13.014212,8.94,-1.0206679,991.3581
25,28.5,77.2,0.0,2020-01,31.12,104.0,13.014212,8.94,-1.0206679,991.3581
26,28.5,77.2,0.0,2020-01,3.41,12.0,13.014212,8.94,-1.0206679,991.3581
27,28.5,77.3,0.0,2020-01,7.59,75.0,13.047307,9.05,-0.99800766,992.787
28,28.5,77.3,0.0,2020-01,10.72,45.0,13.047307,9.05,-0.99800766,992.787
29,28.4,77.1,0.0,2020-01,47.78,100.0,12.916069,8.75,-1.0145743,988.1199
30,28.4,77.1,0.0,2020-01,63.13,82.0,12.916069,8.75,-1.0145743,988.1199
31,28.4,77.1,0.0,2020-01,61.99,90.0,12.916069,8.75,-1.0145743,988.1199
32,28.4,77.2,0.0,2020-01,22.53,35.0,13.034721,8.92,-0.9954295,990.5685
33,28.4,77.2,0.0,2020-01,54.07,86.5,13.034721,8.92,-0.9954295,990.5685
34,28.8,77.1,0.0,2020-05,8.69,,30.38642,15.76,-1.3138397,980.05945
35,28.8,77.1,0.0,2020-05,22.35,,30.38642,15.76,-1.3138397,980.05945
36,28.8,77.0,0.0,2020-08,0.66,100.0,28.928104,25.29,-2.2035124,975.4853
37,28.8,77.0,0.0,2020-08,3.35,8.6,28.928104,25.29,-2.2035124,975.4853
38,28.8,77.0,0.0,2020-08,0.41,50.0,28.928104,25.29,-2.2035124,975.4853
39,28.8,77.0,0.0,2020-08,24.99,47.0,28.928104,25.29,-2.2035124,975.4853
40,28.8,77.1,0.0,2020-08,9.01,,28.836103,25.31,-2.23472,975.4564
41,28.8,77.1,0.0,2020-08,9.09,,28.836103,25.31,-2.23472,975.4564
42,28.8,77.1,0.0,2020-08,13.02,80.0,28.836103,25.31,-2.23472,975.4564
43,28.8,77.1,0.0,2020-08,21.57,45.0,28.836103,25.31,-2.23472,975.4564
44,28.8,77.1,0.0,2020-08,22.71,,28.836103,25.31,-2.23472,975.4564
45,28.8,77.2,0.0,2020-08,9.86,200.0,28.726389,25.32,-2.260561,975.20276
46,28.8,77.2,0.0,2020-08,7.96,65.0,28.726389,25.32,-2.260561,975.20276
47,28.8,77.2,0.0,2020-08,8.27,85.0,28.726389,25.32,-2.260561,975.20276
48,28.8,77.2,0.0,2020-08,11.7,101.0,28.726389,25.32,-2.260561,975.20276
49,28.5,76.9,0.0,2020-08,1.01,28.0,29.11467,25.2,-2.106685,976.0408
50,28.5,76.9,0.0,2020-08,9.48,100.0,29.11467,25.2,-2.106685,976.0408
51,28.5,76.9,0.0,2020-08,9.55,40.0,29.11467,25.2,-2.106685,976.0408
52,28.5,76.9,0.0,2020-08,1.63,80.0,29.11467,25.2,-2.106685,976.0408
53,28.5,76.9,0.0,2020-08,0.7,15.0,29.11467,25.2,-2.106685,976.0408
54,28.5,76.9,0.0,2020-08,13.26,100.0,29.11467,25.2,-2.106685,976.0408
55,28.5,76.9,0.0,2020-08,14.2,59.0,29.11467,25.2,-2.106685,976.0408
56,28.5,77.0,0.0,2020-08,12.37,75.0,28.912338,25.23,-2.212709,974.7386
57,28.5,77.0,0.0,2020-08,21.33,125.0,28.912338,25.23,-2.212709,974.7386
58,28.5,77.1,0.0,2020-08,17.41,55.0,28.774742,25.2,-2.2773123,973.72784
59,28.5,77.1,0.0,2020-08,17.27,100.0,28.774742,25.2,-2.2773123,973.72784
60,28.5,77.1,0.0,2020-08,47.48,65.0,28.774742,25.2,-2.2773123,973.72784
61,28.5,77.1,0.0,2020-08,31.88,43.0,28.774742,25.2,-2.2773123,973.72784
62,28.5,77.2,0.0,2020-08,52.05,150.0,28.743917,25.26,-2.3282719,974.7967
63,28.5,77.2,0.0,2020-08,46.74,94.5,28.743917,25.26,-2.3282719,974.7967
64,28.5,77.2,0.0,2020-08,30.04,104.0,28.743917,25.26,-2.3282719,974.7967
65,28.5,77.2,0.0,2020-08,2.96,12.0,28.743917,25.26,-2.3282719,974.7967
66,28.5,77.3,0.0,2020-08,7.83,75.0,28.709053,25.35,-2.267713,976.171
67,28.5,77.3,0.0,2020-08,10.16,45.0,28.709053,25.35,-2.267713,976.171
68,28.4,77.1,0.0,2020-08,41.64,100.0,28.69048,25.06,-2.3285568,971.7359
69,28.4,77.1,0.0,2020-08,63.97,82.0,28.69048,25.06,-2.3285568,971.7359
70,28.4,77.1,0.0,2020-08,62.66,90.0,28.69048,25.06,-2.3285568,971.7359
71,28.4,77.2,0.0,2020-08,9.3,35.0,28.7268,25.2,-2.2954,974.05273
72,28.4,77.2,0.0,2020-08,48.67,86.5,28.7268,25.2,-2.2954,974.05273
73,28.8,77.0,0.0,2020-11,3.09,100.0,18.614126,10.16,-0.44025198,991.60175
74,28.8,77.0,0.0,2020-11,3.74,8.6,18.614126,10.16,-0.44025198,991.60175
75,28.8,77.0,0.0,2020-11,25.11,47.0,18.614126,10.16,-0.44025198,991.60175
76,28.8,77.1,0.0,2020-11,13.04,80.0,18.54206,10.28,-0.51954514,991.52246
77,28.8,77.2,0.0,2020-11,10.28,200.0,18.45833,10.37,-0.54773057,991.2062
78,28.8,77.2,0.0,2020-11,8.97,65.0,18.45833,10.37,-0.54773057,991.2062
79,28.8,77.2,0.0,2020-11,9.76,85.0,18.45833,10.37,-0.54773057,991.2062
80,28.8,77.2,0.0,2020-11,12.7,101.0,18.45833,10.37,-0.54773057,991.2062
81,28.5,76.9,0.0,2020-11,2.37,28.0,19.191603,9.37,-0.48749763,992.2519
82,28.5,76.9,0.0,2020-11,10.1,100.0,19.191603,9.37,-0.48749763,992.2519
83,28.5,76.9,0.0,2020-11,9.92,40.0,19.191603,9.37,-0.48749763,992.2519
84,28.5,76.9,0.0,2020-11,2.87,80.0,19.191603,9.37,-0.48749763,992.2519
85,28.5,76.9,0.0,2020-11,2.47,15.0,19.191603,9.37,-0.48749763,992.2519
86,28.5,76.9,0.0,2020-11,13.84,100.0,19.191603,9.37,-0.48749763,992.2519
87,28.5,77.0,0.0,2020-11,18.4,105.0,19.09624,9.44,-0.52540284,990.8177
88,28.5,77.0,0.0,2020-11,22.08,125.0,19.09624,9.44,-0.52540284,990.8177
89,28.5,77.1,0.0,2020-11,19.25,55.0,19.058445,9.49,-0.5485191,989.69775
90,28.5,77.1,0.0,2020-11,16.4,100.0,19.058445,9.49,-0.5485191,989.69775
91,28.5,77.1,0.0,2020-11,4.58,20.0,19.058445,9.49,-0.5485191,989.69775
92,28.5,77.1,0.0,2020-11,48.0,65.0,19.058445,9.49,-0.5485191,989.69775
93,28.5,77.1,0.0,2020-11,32.9,43.0,19.058445,9.49,-0.5485191,989.69775
94,28.5,77.2,0.0,2020-11,53.01,150.0,18.975176,9.69,-0.6819546,990.7806
95,28.5,77.2,0.0,2020-11,30.75,104.0,18.975176,9.69,-0.6819546,990.7806
96,28.5,77.2,0.0,2020-11,4.24,12.0,18.975176,9.69,-0.6819546,990.7806
97,28.5,77.3,0.0,2020-11,9.47,75.0,18.85111,9.99,-0.5868924,992.1889
98,28.5,77.3,0.0,2020-11,11.0,45.0,18.85111,9.99,-0.5868924,992.1889
99,28.4,77.1,0.0,2020-11,42.76,100.0,19.154623,8.98,-0.506636,987.6007
100,28.4,77.1,0.0,2020-11,65.16,82.0,19.154623,8.98,-0.506636,987.6007
101,28.4,77.1,0.0,2020-11,63.75,90.0,19.154623,8.98,-0.506636,987.6007
102,28.4,77.2,0.0,2020-11,21.01,35.0,19.13992,9.37,-0.5826235,990.0029
103,28.4,77.2,0.0,2020-11,49.25,86.5,19.13992,9.37,-0.5826235,990.0029
104,28.8,77.0,0.0,2021-01,1.96,100.0,13.433441,9.04,-0.74569595,990.87054
105,28.8,77.0,0.0,2021-01,1.92,50.0,13.433441,9.04,-0.74569595,990.87054
106,28.8,77.0,0.0,2021-01,23.54,47.0,13.433441,9.04,-0.74569595,990.87054
107,28.8,77.1,0.0,2021-01,11.42,80.0,13.440136,9.1,-0.76783514,990.7909
108,28.8,77.2,0.0,2021-01,8.97,200.0,13.467385,9.13,-0.73733085,990.46674
109,28.8,77.2,0.0,2021-01,7.59,65.0,13.467385,9.13,-0.73733085,990.46674
110,28.8,77.2,0.0,2021-01,8.05,85.0,13.467385,9.13,-0.73733085,990.46674
111,28.8,77.2,0.0,2021-01,11.52,101.0,13.467385,9.13,-0.73733085,990.46674
112,28.5,76.9,0.0,2021-01,1.37,28.0,13.713296,8.75,-0.7089955,991.5438
113,28.5,76.9,0.0,2021-01,8.56,100.0,13.713296,8.75,-0.7089955,991.5438
114,28.5,76.9,0.0,2021-01,8.46,40.0,13.713296,8.75,-0.7089955,991.5438
115,28.5,76.9,0.0,2021-01,3.38,80.0,13.713296,8.75,-0.7089955,991.5438
116,28.5,76.9,0.0,2021-01,1.53,15.0,13.713296,8.75,-0.7089955,991.5438
117,28.5,76.9,0.0,2021-01,13.68,100.0,13.713296,8.75,-0.7089955,991.5438
118,28.5,77.0,0.0,2021-01,11.91,75.0,13.698771,8.79,-0.7211724,990.08545
119,28.5,77.0,0.0,2021-01,17.43,105.0,13.698771,8.79,-0.7211724,990.08545
120,28.5,77.0,0.0,2021-01,20.97,125.0,13.698771,8.79,-0.7211724,990.08545
121,28.5,77.1,0.0,2021-01,16.19,55.0,13.740078,8.82,-0.7231884,988.9449
122,28.5,77.1,0.0,2021-01,16.95,100.0,13.740078,8.82,-0.7231884,988.9449
123,28.5,77.1,0.0,2021-01,3.85,20.0,13.740078,8.82,-0.7231884,988.9449
124,28.5,77.1,0.0,2021-01,47.6,65.0,13.740078,8.82,-0.7231884,988.9449
125,28.5,77.1,0.0,2021-01,15.68,100.0,13.740078,8.82,-0.7231884,988.9449
126,28.5,77.1,0.0,2021-01,31.91,43.0,13.740078,8.82,-0.7231884,988.9449
127,28.5,77.2,0.0,2021-01,44.82,94.5,13.763745,8.88,-0.73371303,990.046
128,28.5,77.2,0.0,2021-01,28.89,104.0,13.763745,8.88,-0.73371303,990.046
129,28.5,77.2,0.0,2021-01,3.92,12.0,13.763745,8.88,-0.73371303,990.046
130,28.5,77.3,0.0,2021-01,8.2,75.0,13.756496,8.99,-0.66019785,991.4758
131,28.5,77.3,0.0,2021-01,10.45,45.0,13.756496,8.99,-0.66019785,991.4758
132,28.4,77.1,0.0,2021-01,54.0,65.0,13.806959,8.63,-0.66125774,986.8163
133,28.4,77.1,0.0,2021-01,41.99,100.0,13.806959,8.63,-0.66125774,986.8163
134,28.4,77.1,0.0,2021-01,65.47,82.0,13.806959,8.63,-0.66125774,986.8163
135,28.4,77.1,0.0,2021-01,63.88,90.0,13.806959,8.63,-0.66125774,986.8163
136,28.4,77.2,0.0,2021-01,21.83,35.0,13.863176,8.79,-0.6416491,989.26044
137,28.4,77.2,0.0,2021-01,50.78,86.5,13.863176,8.79,-0.6416491,989.26044
138,28.8,77.0,0.0,2021-08,0.66,100.0,29.342041,24.32,-2.9637399,977.43726
139,28.8,77.0,0.0,2021-08,1.78,8.6,29.342041,24.32,-2.9637399,977.43726
140,28.8,77.0,0.0,2021-08,5.24,50.0,29.342041,24.32,-2.9637399,977.43726
141,28.8,77.0,0.0,2021-08,23.8,25.0,29.342041,24.32,-2.9637399,977.43726
142,28.8,77.1,0.0,2021-08,10.68,80.0,29.230164,24.4,-2.9869158,977.39355
143,28.8,77.1,0.0,2021-08,21.78,45.0,29.230164,24.4,-2.9869158,977.39355
144,28.8,77.2,0.0,2021-08,7.58,65.0,29.110924,24.45,-3.0008483,977.1286
145,28.8,77.2,0.0,2021-08,7.72,85.0,29.110924,24.45,-3.0008483,977.1286
146,28.8,77.2,0.0,2021-08,11.7,101.0,29.110924,24.45,-3.0008483,977.1286
147,28.5,76.9,0.0,2021-08,0.82,80.0,29.58995,24.03,-2.6948218,978.0642
148,28.5,76.9,0.0,2021-08,0.6,28.0,29.58995,24.03,-2.6948218,978.0642
149,28.5,76.9,0.0,2021-08,8.1,100.0,29.58995,24.03,-2.6948218,978.0642
150,28.5,76.9,0.0,2021-08,7.93,40.0,29.58995,24.03,-2.6948218,978.0642
151,28.5,76.9,0.0,2021-08,0.9,15.0,29.58995,24.03,-2.6948218,978.0642
152,28.5,76.9,0.0,2021-08,12.36,100.0,29.58995,24.03,-2.6948218,978.0642
153,28.5,77.0,0.0,2021-08,20.34,125.0,29.349886,24.15,-2.817122,976.7435
154,28.5,77.1,0.0,2021-08,15.2,55.0,29.180279,24.2,-2.922289,975.7168
155,28.5,77.1,0.0,2021-08,12.83,100.0,29.180279,24.2,-2.922289,975.7168
156,28.5,77.1,0.0,2021-08,44.86,65.0,29.180279,24.2,-2.922289,975.7168
157,28.5,77.1,0.0,2021-08,9.18,100.0,29.180279,24.2,-2.922289,975.7168
158,28.5,77.1,0.0,2021-08,33.05,43.0,29.180279,24.2,-2.922289,975.7168
159,28.5,77.2,0.0,2021-08,51.7,150.0,29.137745,24.3,-3.0162032,976.7717
160,28.5,77.2,0.0,2021-08,43.05,94.5,29.137745,24.3,-3.0162032,976.7717
161,28.5,77.2,0.0,2021-08,27.68,104.0,29.137745,24.3,-3.0162032,976.7717
162,28.5,77.2,0.0,2021-08,2.63,12.0,29.137745,24.3,-3.0162032,976.7717
163,28.5,77.3,0.0,2021-08,8.57,75.0,29.100613,24.42,-2.9357128,978.1308
164,28.5,77.3,0.0,2021-08,10.79,45.0,29.100613,24.42,-2.9357128,978.1308
165,28.4,77.1,0.0,2021-08,53.6,65.0,29.053745,24.03,-2.9928205,973.74915
166,28.4,77.1,0.0,2021-08,40.76,100.0,29.053745,24.03,-2.9928205,973.74915
167,28.4,77.1,0.0,2021-08,65.48,82.0,29.053745,24.03,-2.9928205,973.74915
168,28.4,77.1,0.0,2021-08,63.61,90.0,29.053745,24.03,-2.9928205,973.74915
169,28.4,77.2,0.0,2021-08,11.45,35.0,29.094181,24.21,-2.9846184,976.053
170,28.4,77.2,0.0,2021-08,54.61,86.5,29.094181,24.21,-2.9846184,976.053
171,28.8,77.0,0.0,2021-11,0.94,100.0,18.924595,11.67,-1.2809564,989.2582
172,28.8,77.0,0.0,2021-11,1.3,8.6,18.924595,11.67,-1.2809564,989.2582
173,28.8,77.0,0.0,2021-11,2.13,50.0,18.924595,11.67,-1.2809564,989.2582
174,28.8,77.0,0.0,2021-11,19.78,47.0,18.924595,11.67,-1.2809564,989.2582
175,28.8,77.1,0.0,2021-11,8.3,80.0,18.800451,11.84,-1.3438469,989.1927
176,28.8,77.2,0.0,2021-11,7.2,85.0,18.71657,11.92,-1.356802,988.8856
177,28.8,77.2,0.0,2021-11,9.8,101.0,18.71657,11.92,-1.356802,988.8856
178,28.5,76.9,0.0,2021-11,0.85,80.0,19.487726,11.31,-1.222697,989.8988
179,28.5,76.9,0.0,2021-11,0.88,28.0,19.487726,11.31,-1.222697,989.8988
180,28.5,76.9,0.0,2021-11,2.4,15.0,19.487726,11.31,-1.222697,989.8988
181,28.5,76.9,0.0,2021-11,11.31,100.0,19.487726,11.31,-1.222697,989.8988
182,28.5,77.0,0.0,2021-11,13.3,105.0,19.295254,11.5,-1.2099564,988.4895
183,28.5,77.0,0.0,2021-11,19.39,125.0,19.295254,11.5,-1.2099564,988.4895
184,28.5,77.1,0.0,2021-11,13.6,55.0,19.162169,11.63,-1.2801887,987.38873
185,28.5,77.1,0.0,2021-11,7.94,100.0,19.162169,11.63,-1.2801887,987.38873
186,28.5,77.1,0.0,2021-11,0.51,20.0,19.162169,11.63,-1.2801887,987.38873
187,28.5,77.1,0.0,2021-11,43.76,65.0,19.162169,11.63,-1.2801887,987.38873
188,28.5,77.1,0.0,2021-11,32.54,43.0,19.162169,11.63,-1.2801887,987.38873
189,28.5,77.2,0.0,2021-11,47.84,150.0,19.060375,11.77,-1.4374967,988.4759
190,28.5,77.2,0.0,2021-11,42.3,94.5,19.060375,11.77,-1.4374967,988.4759
191,28.5,77.2,0.0,2021-11,26.72,104.0,19.060375,11.77,-1.4374967,988.4759
192,28.5,77.3,0.0,2021-11,6.76,75.0,18.982353,11.94,-1.3454839,989.8865
193,28.5,77.3,0.0,2021-11,10.51,45.0,18.982353,11.94,-1.3454839,989.8865
194,28.4,77.1,0.0,2021-11,53.88,65.0,19.157732,11.46,-1.3041677,985.3084
195,28.4,77.1,0.0,2021-11,65.67,82.0,19.157732,11.46,-1.3041677,985.3084
196,28.4,77.2,0.0,2021-11,14.44,35.0,19.185427,11.7,-1.3672123,987.7106
197,28.4,77.2,0.0,2021-11,40.55,86.5,19.185427,11.7,-1.3672123,987.7106
198,28.8,77.0,0.0,2022-01,1.39,100.0,12.6836605,9.33,-0.9755883,991.2474
199,28.8,77.0,0.0,2022-01,2.03,8.6,12.6836605,9.33,-0.9755883,991.2474
200,28.8,77.0,0.0,2022-01,2.46,50.0,12.6836605,9.33,-0.9755883,991.2474
201,28.8,77.0,0.0,2022-01,24.75,47.0,12.6836605,9.33,-0.9755883,991.2474
202,28.8,77.1,0.0,2022-01,18.29,45.0,12.679148,9.36,-0.9798711,991.1757
203,28.8,77.2,0.0,2022-01,7.89,200.0,12.690835,9.36,-0.96066153,990.8593
204,28.8,77.2,0.0,2022-01,6.54,65.0,12.690835,9.36,-0.96066153,990.8593
205,28.8,77.2,0.0,2022-01,7.98,85.0,12.690835,9.36,-0.96066153,990.8593
206,28.8,77.2,0.0,2022-01,9.5,101.0,12.690835,9.36,-0.96066153,990.8593
207,28.5,76.9,0.0,2022-01,1.45,28.0,12.840097,9.18,-0.9325011,991.9218
208,28.5,76.9,0.0,2022-01,7.38,100.0,12.840097,9.18,-0.9325011,991.9218
209,28.5,76.9,0.0,2022-01,7.42,40.0,12.840097,9.18,-0.9325011,991.9218
210,28.5,76.9,0.0,2022-01,1.85,15.0,12.840097,9.18,-0.9325011,991.9218
211,28.5,76.9,0.0,2022-01,11.06,100.0,12.840097,9.18,-0.9325011,991.9218
212,28.5,77.0,0.0,2022-01,8.35,75.0,12.764224,9.21,-0.9471233,990.4699
213,28.5,77.0,0.0,2022-01,14.21,105.0,12.764224,9.21,-0.9471233,990.4699
214,28.5,77.0,0.0,2022-01,18.73,125.0,12.764224,9.21,-0.9471233,990.4699
215,28.5,77.1,0.0,2022-01,12.54,55.0,12.753055,9.21,-0.9711229,989.337
216,28.5,77.1,0.0,2022-01,10.1,100.0,12.753055,9.21,-0.9711229,989.337
217,28.5,77.1,0.0,2022-01,1.9,20.0,12.753055,9.21,-0.9711229,989.337
218,28.5,77.1,0.0,2022-01,43.79,65.0,12.753055,9.21,-0.9711229,989.337
219,28.5,77.1,0.0,2022-01,13.43,100.0,12.753055,9.21,-0.9711229,989.337
220,28.5,77.1,0.0,2022-01,32.06,43.0,12.753055,9.21,-0.9711229,989.337
221,28.5,77.2,0.0,2022-01,47.56,150.0,12.772998,9.24,-0.9811848,990.4502
222,28.5,77.2,0.0,2022-01,41.1,94.5,12.772998,9.24,-0.9811848,990.4502
223,28.5,77.2,0.0,2022-01,25.49,104.0,12.772998,9.24,-0.9811848,990.4502
224,28.5,77.2,0.0,2022-01,2.9,12.0,12.772998,9.24,-0.9811848,990.4502
225,28.5,77.3,0.0,2022-01,8.4,75.0,12.776696,9.29,-0.9454273,991.89734
226,28.5,77.3,0.0,2022-01,10.25,45.0,12.776696,9.29,-0.9454273,991.89734
227,28.4,77.1,0.0,2022-01,65.0,65.0,12.668531,9.05,-0.9909746,987.2052
228,28.4,77.1,0.0,2022-01,41.13,100.0,12.668531,9.05,-0.9909746,987.2052
229,28.4,77.1,0.0,2022-01,65.54,82.0,12.668531,9.05,-0.9909746,987.2052
230,28.4,77.1,0.0,2022-01,63.88,90.0,12.668531,9.05,-0.9909746,987.2052
231,28.4,77.2,0.0,2022-01,19.27,35.0,12.760604,9.17,-0.9477232,989.67053
232,28.4,77.2,0.0,2022-01,43.89,86.5,12.760604,9.17,-0.9477232,989.67053
233,28.8,77.0,0.0,2022-05,2.3,100.0,32.15535,17.9,-0.939331,976.55225
234,28.8,77.0,0.0,2022-05,3.73,8.6,32.15535,17.9,-0.939331,976.55225
235,28.8,77.0,0.0,2022-05,3.89,50.0,32.15535,17.9,-0.939331,976.55225
236,28.8,77.0,0.0,2022-05,18.55,47.0,32.15535,17.9,-0.939331,976.55225
237,28.8,77.1,0.0,2022-05,8.79,80.0,31.939905,18.3,-1.0976834,976.54614
238,28.8,77.1,0.0,2022-05,18.0,45.0,31.939905,18.3,-1.0976834,976.54614
239,28.8,77.2,0.0,2022-05,8.41,200.0,31.749407,18.52,-1.154292,976.3116
240,28.8,77.2,0.0,2022-05,7.05,65.0,31.749407,18.52,-1.154292,976.3116
241,28.8,77.2,0.0,2022-05,8.08,85.0,31.749407,18.52,-1.154292,976.3116
242,28.8,77.2,0.0,2022-05,9.75,101.0,31.749407,18.52,-1.154292,976.3116
243,28.5,76.9,0.0,2022-05,1.68,28.0,33.15442,16.33,-0.7222129,977.0453
244,28.5,76.9,0.0,2022-05,7.43,100.0,33.15442,16.33,-0.7222129,977.0453
245,28.5,76.9,0.0,2022-05,7.28,40.0,33.15442,16.33,-0.7222129,977.0453
246,28.5,76.9,0.0,2022-05,1.27,15.0,33.15442,16.33,-0.7222129,977.0453
247,28.5,76.9,0.0,2022-05,10.8,100.0,33.15442,16.33,-0.7222129,977.0453
248,28.5,77.0,0.0,2022-05,9.2,75.0,32.79866,16.89,-0.7896896,975.77325
249,28.5,77.0,0.0,2022-05,15.3,105.0,32.79866,16.89,-0.7896896,975.77325
250,28.5,77.0,0.0,2022-05,17.86,125.0,32.79866,16.89,-0.7896896,975.77325
251,28.5,77.1,0.0,2022-05,15.42,55.0,32.52179,17.34,-0.8786178,974.78973
252,28.5,77.1,0.0,2022-05,12.4,100.0,32.52179,17.34,-0.8786178,974.78973
253,28.5,77.1,0.0,2022-05,3.29,20.0,32.52179,17.34,-0.8786178,974.78973
254,28.5,77.1,0.0,2022-05,14.0,100.0,32.52179,17.34,-0.8786178,974.78973
255,28.5,77.1,0.0,2022-05,31.79,43.0,32.52179,17.34,-0.8786178,974.78973
256,28.5,77.2,0.0,2022-05,49.48,150.0,32.386158,17.65,-1.0977743,975.8735
257,28.5,77.2,0.0,2022-05,39.53,94.5,32.386158,17.65,-1.0977743,975.8735
258,28.5,77.2,0.0,2022-05,24.7,104.0,32.386158,17.65,-1.0977743,975.8735
259,28.5,77.2,0.0,2022-05,3.7,12.0,32.386158,17.65,-1.0977743,975.8735
260,28.5,77.3,0.0,2022-05,9.32,75.0,32.19028,18.04,-0.9849006,977.267
261,28.5,77.3,0.0,2022-05,22.34,75.0,32.19028,18.04,-0.9849006,977.267
262,28.5,77.3,0.0,2022-05,10.3,45.0,32.19028,18.04,-0.9849006,977.267
263,28.4,77.1,0.0,2022-05,53.34,65.0,32.67468,16.78,-0.7139221,972.8007
264,28.4,77.1,0.0,2022-05,41.37,100.0,32.67468,16.78,-0.7139221,972.8007
265,28.4,77.1,0.0,2022-05,66.01,82.0,32.67468,16.78,-0.7139221,972.8007
266,28.4,77.1,0.0,2022-05,64.37,90.0,32.67468,16.78,-0.7139221,972.8007
267,28.4,77.2,0.0,2022-05,23.08,35.0,32.544926,17.32,-0.8939264,975.1293
268,28.4,77.2,0.0,2022-05,10.95,100.0,32.544926,17.32,-0.8939264,975.1293
269,28.4,77.2,0.0,2022-05,48.64,86.5,32.544926,17.32,-0.8939264,975.1293
270,28.8,77.0,0.0,2022-08,1.58,100.0,28.743864,24.43,-2.6426623,977.47614
271,28.8,77.0,0.0,2022-08,2.57,8.6,28.743864,24.43,-2.6426623,977.47614
272,28.8,77.0,0.0,2022-08,1.64,50.0,28.743864,24.43,-2.6426623,977.47614
273,28.8,77.0,0.0,2022-08,20.33,47.0,28.743864,24.43,-2.6426623,977.47614
274,28.8,77.1,0.0,2022-08,9.75,80.0,28.700174,24.49,-2.6464891,977.4264
275,28.8,77.1,0.0,2022-08,19.07,45.0,28.700174,24.49,-2.6464891,977.4264
276,28.8,77.2,0.0,2022-08,9.05,200.0,28.64815,24.51,-2.641045,977.1522
277,28.8,77.2,0.0,2022-08,7.32,65.0,28.64815,24.51,-2.641045,977.1522
278,28.8,77.2,0.0,2022-08,8.18,85.0,28.64815,24.51,-2.641045,977.1522
279,28.8,77.2,0.0,2022-08,10.46,101.0,28.64815,24.51,-2.641045,977.1522
280,28.5,76.9,0.0,2022-08,0.79,28.0,28.925064,24.18,-2.4788697,978.0708
281,28.5,76.9,0.0,2022-08,7.36,100.0,28.925064,24.18,-2.4788697,978.0708
282,28.5,76.9,0.0,2022-08,7.22,40.0,28.925064,24.18,-2.4788697,978.0708
283,28.5,76.9,0.0,2022-08,0.97,15.0,28.925064,24.18,-2.4788697,978.0708
284,28.5,76.9,0.0,2022-08,10.69,100.0,28.925064,24.18,-2.4788697,978.0708
285,28.5,77.0,0.0,2022-08,7.37,75.0,28.78256,24.23,-2.5693448,976.74133
286,28.5,77.0,0.0,2022-08,14.39,105.0,28.78256,24.23,-2.5693448,976.74133
287,28.5,77.0,0.0,2022-08,16.85,125.0,28.78256,24.23,-2.5693448,976.74133
288,28.5,77.1,0.0,2022-08,13.21,55.0,28.69958,24.23,-2.6229074,975.706
289,28.5,77.1,0.0,2022-08,13.41,100.0,28.69958,24.23,-2.6229074,975.706
290,28.5,77.1,0.0,2022-08,2.97,20.0,28.69958,24.23,-2.6229074,975.706
291,28.5,77.1,0.0,2022-08,51.03,65.0,28.69958,24.23,-2.6229074,975.706
292,28.5,77.1,0.0,2022-08,14.61,100.0,28.69958,24.23,-2.6229074,975.706
293,28.5,77.1,0.0,2022-08,32.37,43.0,28.69958,24.23,-2.6229074,975.706
294,28.5,77.2,0.0,2022-08,48.59,150.0,28.739376,24.3,-2.644237,976.7579
295,28.5,77.2,0.0,2022-08,24.5,104.0,28.739376,24.3,-2.644237,976.7579
296,28.5,77.2,0.0,2022-08,2.48,12.0,28.739376,24.3,-2.644237,976.7579
297,28.5,77.3,0.0,2022-08,8.6,75.0,28.776436,24.39,-2.5474186,978.11536
298,28.5,77.3,0.0,2022-08,10.27,45.0,28.776436,24.39,-2.5474186,978.11536
299,28.4,77.1,0.0,2022-08,52.68,65.0,28.607277,24.02,-2.6785128,973.71674
300,28.4,77.1,0.0,2022-08,40.96,100.0,28.607277,24.02,-2.6785128,973.71674
301,28.4,77.1,0.0,2022-08,66.51,82.0,28.607277,24.02,-2.6785128,973.71674
302,28.4,77.1,0.0,2022-08,62.07,90.0,28.607277,24.02,-2.6785128,973.71674
303,28.4,77.2,0.0,2022-08,14.81,35.0,28.741247,24.16,-2.5976923,976.02026
304,28.4,77.2,0.0,2022-08,48.24,86.5,28.741247,24.16,-2.5976923,976.02026
305,28.8,77.0,0.0,2022-11,1.69,100.0,19.87709,12.61,-1.3101637,989.83966
306,28.8,77.0,0.0,2022-11,2.08,8.6,19.87709,12.61,-1.3101637,989.83966
307,28.8,77.0,0.0,2022-11,2.62,50.0,19.87709,12.61,-1.3101637,989.83966
308,28.8,77.0,0.0,2022-11,19.84,47.0,19.87709,12.61,-1.3101637,989.83966
309,28.8,77.1,0.0,2022-11,8.93,80.0,19.780182,12.74,-1.3735328,989.7349
310,28.8,77.1,0.0,2022-11,19.02,45.0,19.780182,12.74,-1.3735328,989.7349
311,28.8,77.2,0.0,2022-11,8.62,200.0,19.708948,12.79,-1.3832995,989.44104
312,28.8,77.2,0.0,2022-11,6.47,65.0,19.708948,12.79,-1.3832995,989.44104
313,28.8,77.2,0.0,2022-11,8.62,85.0,19.708948,12.79,-1.3832995,989.44104
314,28.8,77.2,0.0,2022-11,9.2,101.0,19.708948,12.79,-1.3832995,989.44104
315,28.5,76.9,0.0,2022-11,0.84,28.0,20.247078,12.2,-1.2851639,990.3779
316,28.5,76.9,0.0,2022-11,6.33,100.0,20.247078,12.2,-1.2851639,990.3779
317,28.5,76.9,0.0,2022-11,6.12,40.0,20.247078,12.2,-1.2851639,990.3779
318,28.5,76.9,0.0,2022-11,2.58,15.0,20.247078,12.2,-1.2851639,990.3779
319,28.5,76.9,0.0,2022-11,10.62,100.0,20.247078,12.2,-1.2851639,990.3779
320,28.5,77.0,0.0,2022-11,7.52,75.0,20.11696,12.38,-1.2498784,989.1052
321,28.5,77.0,0.0,2022-11,-13.89,,20.11696,12.38,-1.2498784,989.1052
322,28.5,77.0,0.0,2022-11,13.14,105.0,20.11696,12.38,-1.2498784,989.1052
323,28.5,77.0,0.0,2022-11,-15.56,,20.11696,12.38,-1.2498784,989.1052
324,28.5,77.0,0.0,2022-11,14.15,125.0,20.11696,12.38,-1.2498784,989.1052
325,28.5,77.1,0.0,2022-11,13.65,55.0,20.030918,12.5,-1.311694,988.11664
326,28.5,77.1,0.0,2022-11,13.08,100.0,20.030918,12.5,-1.311694,988.11664
327,28.5,77.1,0.0,2022-11,2.66,20.0,20.030918,12.5,-1.311694,988.11664
328,28.5,77.1,0.0,2022-11,43.04,65.0,20.030918,12.5,-1.311694,988.11664
329,28.5,77.1,0.0,2022-11,14.26,100.0,20.030918,12.5,-1.311694,988.11664
330,28.5,77.1,0.0,2022-11,31.68,43.0,20.030918,12.5,-1.311694,988.11664
331,28.5,77.2,0.0,2022-11,44.7,150.0,19.966936,12.59,-1.4497555,989.0504
332,28.5,77.2,0.0,2022-11,39.04,94.5,19.966936,12.59,-1.4497555,989.0504
333,28.5,77.2,0.0,2022-11,23.95,104.0,19.966936,12.59,-1.4497555,989.0504
334,28.5,77.3,0.0,2022-11,8.0,75.0,19.914347,12.71,-1.3527994,990.4359
335,28.5,77.3,0.0,2022-11,9.64,45.0,19.914347,12.71,-1.3527994,990.4359
336,28.4,77.1,0.0,2022-11,51.69,65.0,19.982546,12.28,-1.3635303,985.88855
337,28.4,77.1,0.0,2022-11,10.07,100.0,19.982546,12.28,-1.3635303,985.88855
338,28.4,77.1,0.0,2022-11,66.75,82.0,19.982546,12.28,-1.3635303,985.88855
339,28.4,77.1,0.0,2022-11,64.74,90.0,19.982546,12.28,-1.3635303,985.88855
340,28.4,77.2,0.0,2022-11,16.0,35.0,20.047207,12.44,-1.3771396,988.13855
341,28.4,77.2,0.0,2022-11,39.17,86.5,20.047207,12.44,-1.3771396,988.13855
342,28.5,76.9,0.0,2022-12,-10.74,,15.112218,8.3,-0.64973414,991.37805
343,28.5,77.0,0.0,2022-12,-8.03,,15.06915,8.39,-0.58360255,990.0542
344,28.5,77.0,0.0,2022-12,-14.28,,15.06915,8.39,-0.58360255,990.0542
345,28.5,77.0,0.0,2022-12,-15.37,,15.06915,8.39,-0.58360255,990.0542
346,28.4,77.1,0.0,2022-12,-66.86,,15.110593,8.27,-0.6188449,986.75824
347,28.5,76.9,0.0,2023-01,-10.72,,12.583719,7.85,-0.61189055,993.42365
348,28.5,77.0,0.0,2023-01,-8.3,,12.58034,7.94,-0.599088,992.0985
349,28.5,77.0,0.0,2023-01,-14.86,,12.58034,7.94,-0.599088,992.0985
350,28.5,77.0,0.0,2023-01,-15.14,,12.58034,7.94,-0.599088,992.0985
351,28.4,77.1,0.0,2023-01,-66.83,,12.616508,7.82,-0.5956545,988.76294
352,28.5,76.9,0.0,2023-02,-10.69,,18.8678,9.56,-1.0434434,989.98016
353,28.5,77.0,0.0,2023-02,-8.63,,18.78801,9.65,-0.9278826,988.6929
354,28.5,77.0,0.0,2023-02,-15.12,,18.78801,9.65,-0.9278826,988.6929
355,28.5,77.0,0.0,2023-02,-14.94,,18.78801,9.65,-0.9278826,988.6929
356,28.4,77.1,0.0,2023-02,-66.77,,18.838139,9.36,-0.93238485,985.4537
357,28.5,76.9,0.0,2023-03,-10.69,,22.40761,13.63,-1.2270684,988.52783
358,28.5,77.0,0.0,2023-03,-8.93,,22.276209,13.66,-1.2508374,987.27673
359,28.5,77.0,0.0,2023-03,-15.84,,22.276209,13.66,-1.2508374,987.27673
360,28.5,77.0,0.0,2023-03,-14.78,,22.276209,13.66,-1.2508374,987.27673
361,28.4,77.1,0.0,2023-03,-66.89,,22.272406,13.28,-1.2782012,984.0794
362,28.8,77.0,0.0,2023-04,-19.83,,26.465183,10.82,-1.324561,984.31165
363,28.8,77.2,0.0,2023-04,-9.77,,26.384958,10.86,-1.4976544,983.9323
364,28.5,76.9,0.0,2023-04,-10.64,,26.981106,10.27,-1.4012451,984.7977
365,28.5,77.0,0.0,2023-04,-9.11,,26.841461,10.36,-1.3152742,983.56665
366,28.5,77.0,0.0,2023-04,-17.26,,26.841461,10.36,-1.3152742,983.56665
367,28.5,77.0,0.0,2023-04,-14.64,,26.841461,10.36,-1.3152742,983.56665
368,28.5,77.2,0.0,2023-04,-23.33,,26.766642,10.44,-1.5800934,983.5261
369,28.4,77.1,0.0,2023-04,-66.94,,26.80434,9.97,-1.2674654,980.426
370,28.8,76.9,0.0,2023-05,-4.61,,29.26264,14.87,-1.4759252,981.1209
371,28.8,77.0,0.0,2023-05,-3.15,,29.203028,15.05,-1.5346962,981.4516
372,28.8,77.0,0.0,2023-05,-7.52,,29.203028,15.05,-1.5346962,981.4516
373,28.8,77.0,0.0,2023-05,-19.72,,29.203028,15.05,-1.5346962,981.4516
374,28.8,77.1,0.0,2023-05,-9.13,,29.090124,15.21,-1.6785504,981.36475
375,28.8,77.1,0.0,2023-05,-7.75,,29.090124,15.21,-1.6785504,981.36475
376,28.8,77.1,0.0,2023-05,-21.15,,29.090124,15.21,-1.6785504,981.36475
377,28.8,77.2,0.0,2023-05,-9.9,,28.95148,15.34,-1.8125536,981.10266
378,28.5,76.9,0.0,2023-05,-10.63,,29.610682,14.64,-1.7004622,981.9382
379,28.5,77.0,0.0,2023-05,-9.36,,29.46404,14.75,-1.7237837,980.7272
380,28.5,77.0,0.0,2023-05,-18.15,,29.46404,14.75,-1.7237837,980.7272
381,28.5,77.0,0.0,2023-05,-14.53,,29.46404,14.75,-1.7237837,980.7272
382,28.5,77.2,0.0,2023-05,-38.37,,29.30108,14.98,-1.9753687,980.7069
383,28.5,77.2,0.0,2023-05,-23.29,,29.30108,14.98,-1.9753687,980.7069
384,28.5,77.3,0.0,2023-05,-9.78,,29.284945,15.17,-1.8605847,982.0551
385,28.4,77.1,0.0,2023-05,-67.09,,29.379246,14.42,-1.7622277,977.64026
386,28.4,77.2,0.0,2023-05,-47.08,,29.465958,14.68,-1.8141178,979.81915
387,28.8,76.9,0.0,2023-06,-4.6,,31.443874,20.65,-1.1757472,976.4961
388,28.8,77.0,0.0,2023-06,-2.94,,31.34639,20.78,-1.1935056,976.81665
389,28.8,77.0,0.0,2023-06,-7.58,,31.34639,20.78,-1.1935056,976.81665
390,28.8,77.0,0.0,2023-06,-20.12,,31.34639,20.78,-1.1935056,976.81665
391,28.8,77.1,0.0,2023-06,-9.04,,31.233334,20.86,-1.2932259,976.7243
392,28.8,77.1,0.0,2023-06,-7.83,,31.233334,20.86,-1.2932259,976.7243
393,28.8,77.1,0.0,2023-06,-21.65,,31.233334,20.86,-1.2932259,976.7243
394,28.8,77.2,0.0,2023-06,-10.47,,31.13751,20.89,-1.3446519,976.4541
395,28.5,76.9,0.0,2023-06,-10.61,,31.602312,20.6,-1.3165786,977.33704
396,28.5,77.0,0.0,2023-06,-9.4,,31.48476,20.57,-1.2543004,976.1317
397,28.5,77.0,0.0,2023-06,-19.04,,31.48476,20.57,-1.2543004,976.1317
398,28.5,77.0,0.0,2023-06,-14.41,,31.48476,20.57,-1.2543004,976.1317
399,28.5,77.2,0.0,2023-06,-38.16,,31.349892,20.65,-1.4484727,976.09375
400,28.5,77.2,0.0,2023-06,-23.03,,31.349892,20.65,-1.4484727,976.09375
401,28.5,77.3,0.0,2023-06,-9.85,,31.343763,20.76,-1.3539237,977.4128
402,28.4,77.1,0.0,2023-06,-67.22,,31.33092,20.31,-1.2000365,973.09106
403,28.4,77.2,0.0,2023-06,-47.61,,31.393452,20.48,-1.3253666,975.23114
404,28.8,76.9,0.0,2023-07,-3.74,,29.240505,25.56,-2.1861901,976.2404
405,28.8,77.0,0.0,2023-07,-1.45,,29.15176,25.64,-2.22722,976.5941
406,28.8,77.0,0.0,2023-07,-6.96,,29.15176,25.64,-2.22722,976.5941
407,28.8,77.0,0.0,2023-07,-20.44,,29.15176,25.64,-2.22722,976.5941
408,28.8,77.1,0.0,2023-07,-9.16,,29.047289,25.67,-2.2629735,976.5355
409,28.8,77.1,0.0,2023-07,-17.96,,29.047289,25.67,-2.2629735,976.5355
410,28.8,77.1,0.0,2023-07,-22.29,,29.047289,25.67,-2.2629735,976.5355
411,28.8,77.2,0.0,2023-07,-7.87,,28.936556,25.66,-2.3084884,976.3009
412,28.5,76.9,0.0,2023-07,-10.41,,29.36237,25.6,-2.1307743,977.041
413,28.5,77.0,0.0,2023-07,-8.79,,29.170198,25.62,-2.2281926,975.87146
414,28.5,77.0,0.0,2023-07,-18.94,,29.170198,25.62,-2.2281926,975.87146
415,28.5,77.0,0.0,2023-07,-14.19,,29.170198,25.62,-2.2281926,975.87146
416,28.5,77.2,0.0,2023-07,-38.05,,29.002855,25.64,-2.3339772,975.90485
417,28.5,77.2,0.0,2023-07,-22.93,,29.002855,25.64,-2.3339772,975.90485
418,28.5,77.3,0.0,2023-07,-9.27,,28.975916,25.7,-2.2758453,977.26447
419,28.4,77.1,0.0,2023-07,-67.23,,28.95058,25.51,-2.3994582,972.8353
420,28.4,77.2,0.0,2023-07,-43.52,,29.004295,25.6,-2.3064795,975.01904
421,28.8,76.9,0.0,2023-08,-3.37,,30.09117,23.7,-2.7992063,976.6791
422,28.8,77.0,0.0,2023-08,-1.13,,29.958574,23.93,-2.8742778,977.0061
423,28.8,77.0,0.0,2023-08,-6.79,,29.958574,23.93,-2.8742778,977.0061
424,28.8,77.0,0.0,2023-08,-20.39,,29.958574,23.93,-2.8742778,977.0061
425,28.8,77.1,0.0,2023-08,-9.11,,29.798279,24.11,-2.949721,976.92236
426,28.8,77.1,0.0,2023-08,-6.87,,29.798279,24.11,-2.949721,976.92236
427,28.8,77.1,0.0,2023-08,26.06,35.0,29.798279,24.11,-2.949721,976.92236
428,28.8,77.1,0.0,2023-08,-22.57,,29.798279,24.11,-2.949721,976.92236
429,28.8,77.2,0.0,2023-08,-7.21,,29.626375,24.24,-3.0028179,976.6643
430,28.5,76.9,0.0,2023-08,-10.22,,30.181335,23.54,-2.7043228,977.58746
431,28.5,77.0,0.0,2023-08,-8.34,,29.93286,23.72,-2.828992,976.3913
432,28.5,77.0,0.0,2023-08,-18.01,,29.93286,23.72,-2.828992,976.3913
433,28.5,77.0,0.0,2023-08,-13.92,,29.93286,23.72,-2.828992,976.3913
434,28.5,77.2,0.0,2023-08,-37.78,,29.65696,24.03,-3.0765355,976.3748
435,28.5,77.2,0.0,2023-08,-22.68,,29.65696,24.03,-3.0765355,976.3748
436,28.5,77.3,0.0,2023-08,-8.46,,29.59559,24.23,-2.988431,977.70984
437,28.4,77.1,0.0,2023-08,-67.29,,29.594294,23.62,-3.0613656,973.3861
438,28.4,77.2,0.0,2023-08,-34.71,,29.619627,23.89,-3.0365062,975.5445
439,28.8,76.9,0.0,2023-09,-3.71,,29.011301,22.94,-2.3763278,979.72766
440,28.8,77.0,0.0,2023-09,-1.57,,28.930187,23.12,-2.4164422,980.06024
441,28.8,77.0,0.0,2023-09,9.76,85.0,28.930187,23.12,-2.4164422,980.06024
442,28.8,77.0,0.0,2023-09,-7.1,,28.930187,23.12,-2.4164422,980.06024
443,28.8,77.0,0.0,2023-09,-20.29,,28.930187,23.12,-2.4164422,980.06024
444,28.8,77.1,0.0,2023-09,-8.8,,28.800112,23.29,-2.5078278,979.98114
445,28.8,77.1,0.0,2023-09,-9.16,,28.800112,23.29,-2.5078278,979.98114
446,28.8,77.1,0.0,2023-09,13.51,40.0,28.800112,23.29,-2.5078278,979.98114
447,28.8,77.1,0.0,2023-09,18.28,15.55,28.800112,23.29,-2.5078278,979.98114
448,28.8,77.1,0.0,2023-09,-22.55,,28.800112,23.29,-2.5078278,979.98114
449,28.8,77.2,0.0,2023-09,9.35,178.0,28.637074,23.42,-2.592941,979.7247
450,28.8,77.2,0.0,2023-09,9.29,38.0,28.637074,23.42,-2.592941,979.7247
451,28.8,77.2,0.0,2023-09,10.29,64.0,28.637074,23.42,-2.592941,979.7247
452,28.8,77.2,0.0,2023-09,-8.69,,28.637074,23.42,-2.592941,979.7247
453,28.5,76.9,0.0,2023-09,9.49,50.0,29.139263,22.83,-2.3055246,980.54004
454,28.5,76.9,0.0,2023-09,6.75,40.0,29.139263,22.83,-2.3055246,980.54004
455,28.5,76.9,0.0,2023-09,1.19,38.0,29.139263,22.83,-2.3055246,980.54004
456,28.5,76.9,0.0,2023-09,-10.03,,29.139263,22.83,-2.3055246,980.54004
457,28.5,76.9,0.0,2023-09,11.84,58.0,29.139263,22.83,-2.3055246,980.54004
458,28.5,77.0,0.0,2023-09,-8.43,,28.908651,23.01,-2.3966773,979.3429
459,28.5,77.0,0.0,2023-09,-18.14,,28.908651,23.01,-2.3966773,979.3429
460,28.5,77.0,0.0,2023-09,-13.72,,28.908651,23.01,-2.3966773,979.3429
461,28.5,77.2,0.0,2023-09,-37.75,,28.61795,23.34,-2.7215915,979.3365
462,28.5,77.2,0.0,2023-09,-22.39,,28.61795,23.34,-2.7215915,979.3365
463,28.5,77.3,0.0,2023-09,-8.45,,28.541487,23.54,-2.6355734,980.6858
464,28.4,77.1,0.0,2023-09,-67.4,,28.590166,22.97,-2.562945,976.2737
465,28.4,77.2,0.0,2023-09,-36.3,,28.580053,23.24,-2.6575155,978.4526
466,28.8,76.9,0.0,2023-10,-4.01,,25.611916,15.27,-1.3665059,986.6663
467,28.8,77.0,0.0,2023-10,-2.03,,25.613707,15.43,-1.3212881,986.98724
468,28.8,77.0,0.0,2023-10,9.99,85.0,25.613707,15.43,-1.3212881,986.98724
469,28.8,77.0,0.0,2023-10,-7.05,,25.613707,15.43,-1.3212881,986.98724
470,28.8,77.0,0.0,2023-10,0.0,45.0,25.613707,15.43,-1.3212881,986.98724
471,28.8,77.0,0.0,2023-10,-19.85,,25.613707,15.43,-1.3212881,986.98724
472,28.8,77.1,0.0,2023-10,-8.48,,25.514074,15.62,-1.4115373,986.8859
473,28.8,77.1,0.0,2023-10,-12.21,,25.514074,15.62,-1.4115373,986.8859
474,28.8,77.1,0.0,2023-10,10.42,40.0,25.514074,15.62,-1.4115373,986.8859
475,28.8,77.1,0.0,2023-10,18.2,15.55,25.514074,15.62,-1.4115373,986.8859
476,28.8,77.1,0.0,2023-10,0.0,45.0,25.514074,15.62,-1.4115373,986.8859
477,28.8,77.1,0.0,2023-10,-22.36,,25.514074,15.62,-1.4115373,986.8859
478,28.8,77.2,0.0,2023-10,5.63,178.0,25.334904,15.84,-1.5444628,986.6061
479,28.8,77.2,0.0,2023-10,5.56,38.0,25.334904,15.84,-1.5444628,986.6061
480,28.8,77.2,0.0,2023-10,9.23,64.0,25.334904,15.84,-1.5444628,986.6061
481,28.8,77.2,0.0,2023-10,-10.08,,25.334904,15.84,-1.5444628,986.6061
482,28.5,76.9,0.0,2023-10,6.85,50.0,25.855259,15.02,-1.4531775,987.51825
483,28.5,76.9,0.0,2023-10,6.68,40.0,25.855259,15.02,-1.4531775,987.51825
484,28.5,76.9,0.0,2023-10,1.44,38.0,25.855259,15.02,-1.4531775,987.51825
485,28.5,76.9,0.0,2023-10,-9.94,,25.855259,15.02,-1.4531775,987.51825
486,28.5,76.9,0.0,2023-10,9.27,58.0,25.855259,15.02,-1.4531775,987.51825
487,28.5,77.0,0.0,2023-10,-8.75,,25.711428,15.2,-1.41874,986.2735
488,28.5,77.0,0.0,2023-10,-18.8,,25.711428,15.2,-1.41874,986.2735
489,28.5,77.0,0.0,2023-10,-13.61,,25.711428,15.2,-1.41874,986.2735
490,28.5,77.2,0.0,2023-10,-37.56,,25.396044,15.68,-1.8843849,986.2301
491,28.5,77.2,0.0,2023-10,-22.11,,25.396044,15.68,-1.8843849,986.2301
492,28.5,77.3,0.0,2023-10,-8.61,,25.271101,16.04,-1.8063693,987.5926
493,28.4,77.1,0.0,2023-10,-67.5,,25.474932,15.1,-1.5716861,983.1306
494,28.4,77.2,0.0,2023-10,-38.1,,25.402058,15.57,-1.801461,985.3407
495,28.8,76.9,0.0,2023-11,-4.2,,20.924942,13.63,-0.40725157,990.77155
496,28.8,77.0,0.0,2023-11,-2.16,,20.942026,13.71,-0.40307868,991.1034
497,28.8,77.0,0.0,2023-11,10.01,85.0,20.942026,13.71,-0.40307868,991.1034
498,28.8,77.0,0.0,2023-11,-7.17,,20.942026,13.71,-0.40307868,991.1034
499,28.8,77.0,0.0,2023-11,0.0,45.0,20.942026,13.71,-0.40307868,991.1034
500,28.8,77.0,0.0,2023-11,-19.51,,20.942026,13.71,-0.40307868,991.1034
501,28.8,77.1,0.0,2023-11,-8.47,,20.888494,13.79,-0.4739747,991.0047
502,28.8,77.1,0.0,2023-11,-6.36,,20.888494,13.79,-0.4739747,991.0047
503,28.8,77.1,0.0,2023-11,10.13,40.0,20.888494,13.79,-0.4739747,991.0047
504,28.8,77.1,0.0,2023-11,17.67,15.55,20.888494,13.79,-0.4739747,991.0047
505,28.8,77.1,0.0,2023-11,0.0,45.0,20.888494,13.79,-0.4739747,991.0047
506,28.8,77.1,0.0,2023-11,-21.83,,20.888494,13.79,-0.4739747,991.0047
507,28.8,77.2,0.0,2023-11,5.76,178.0,20.783085,13.87,-0.52634025,990.7206
508,28.8,77.2,0.0,2023-11,5.55,38.0,20.783085,13.87,-0.52634025,990.7206
509,28.8,77.2,0.0,2023-11,9.28,64.0,20.783085,13.87,-0.52634025,990.7206
510,28.8,77.2,0.0,2023-11,-9.78,,20.783085,13.87,-0.52634025,990.7206
511,28.5,76.9,0.0,2023-11,6.79,50.0,21.125614,13.5,-0.4962359,991.6096
512,28.5,76.9,0.0,2023-11,6.6,40.0,21.125614,13.5,-0.4962359,991.6096
513,28.5,76.9,0.0,2023-11,1.74,38.0,21.125614,13.5,-0.4962359,991.6096
514,28.5,76.9,0.0,2023-11,-9.92,,21.125614,13.5,-0.4962359,991.6096
515,28.5,76.9,0.0,2023-11,9.49,58.0,21.125614,13.5,-0.4962359,991.6096
516,28.5,77.0,0.0,2023-11,-8.8,,21.047024,13.59,-0.48836666,990.3448
517,28.5,77.0,0.0,2023-11,-19.28,,21.047024,13.59,-0.48836666,990.3448
518,28.5,77.0,0.0,2023-11,-13.49,,21.047024,13.59,-0.48836666,990.3448
519,28.5,77.2,0.0,2023-11,-37.23,,20.904558,13.79,-0.6904052,990.30524
520,28.5,77.2,0.0,2023-11,-21.7,,20.904558,13.79,-0.6904052,990.30524
521,28.5,77.3,0.0,2023-11,-8.85,,20.840334,13.96,-0.6243415,991.69794
522,28.4,77.1,0.0,2023-11,-67.54,,20.906569,13.45,-0.48749945,987.12585
523,28.4,77.2,0.0,2023-11,-40.29,,20.923517,13.69,-0.60810226,989.38446
524,28.8,76.9,0.0,2023-12,-4.27,,15.494093,9.99,-0.30737072,992.3237
525,28.8,77.0,0.0,2023-12,-2.55,,15.511603,10.05,-0.3140293,992.6545
526,28.8,77.0,0.0,2023-12,10.39,85.0,15.511603,10.05,-0.3140293,992.6545
527,28.8,77.0,0.0,2023-12,-7.2,,15.511603,10.05,-0.3140293,992.6545
528,28.8,77.0,0.0,2023-12,0.0,45.0,15.511603,10.05,-0.3140293,992.6545
529,28.8,77.0,0.0,2023-12,-19.56,,15.511603,10.05,-0.3140293,992.6545
530,28.8,77.1,0.0,2023-12,-8.56,,15.491195,10.09,-0.35793152,992.5429
531,28.8,77.1,0.0,2023-12,-6.51,,15.491195,10.09,-0.35793152,992.5429
532,28.8,77.1,0.0,2023-12,9.95,40.0,15.491195,10.09,-0.35793152,992.5429
533,28.8,77.1,0.0,2023-12,0.0,45.0,15.491195,10.09,-0.35793152,992.5429
534,28.8,77.1,0.0,2023-12,-21.67,,15.491195,10.09,-0.35793152,992.5429
535,28.8,77.2,0.0,2023-12,5.93,178.0,15.476269,10.1,-0.3594317,992.23883
536,28.8,77.2,0.0,2023-12,5.69,38.0,15.476269,10.1,-0.3594317,992.23883
537,28.8,77.2,0.0,2023-12,-8.09,,15.476269,10.1,-0.3594317,992.23883
538,28.5,76.9,0.0,2023-12,6.9,50.0,15.815999,9.83,-0.3214003,993.1989
539,28.5,76.9,0.0,2023-12,6.7,40.0,15.815999,9.83,-0.3214003,993.1989
540,28.5,76.9,0.0,2023-12,2.16,38.0,15.815999,9.83,-0.3214003,993.1989
541,28.5,76.9,0.0,2023-12,-9.93,,15.815999,9.83,-0.3214003,993.1989
542,28.5,76.9,0.0,2023-12,9.56,58.0,15.815999,9.83,-0.3214003,993.1989
543,28.5,77.0,0.0,2023-12,-8.57,,15.766578,9.87,-0.30748495,991.89233
544,28.5,77.0,0.0,2023-12,-19.59,,15.766578,9.87,-0.30748495,991.89233
545,28.5,77.0,0.0,2023-12,-13.38,,15.766578,9.87,-0.30748495,991.89233
546,28.5,77.2,0.0,2023-12,-36.97,,15.740074,9.96,-0.40797707,991.8267
547,28.5,77.2,0.0,2023-12,-21.52,,15.740074,9.96,-0.40797707,991.8267
548,28.5,77.3,0.0,2023-12,-8.91,,15.698749,10.06,-0.34756064,993.23444
549,28.4,77.1,0.0,2023-12,-67.5,,15.788212,9.75,-0.26859948,988.6023
550,28.4,77.2,0.0,2023-12,-41.56,,15.82415,9.91,-0.34431043,990.8918
