,latitude,longitude,month,wellDepth
0,28.4,77.1,2021-01,65.0
1,28.4,77.1,2021-08,65.0
2,28.4,77.1,2021-11,65.0
3,28.4,77.1,2022-01,65.0
4,28.4,77.1,2022-05,65.0
5,28.4,77.1,2022-08,65.0
6,28.4,77.1,2022-11,65.0
7,28.4,77.2,2020-01,35.0
8,28.4,77.2,2020-08,35.0
9,28.4,77.2,2020-11,35.0
10,28.4,77.2,2021-01,35.0
11,28.4,77.2,2021-08,35.0
12,28.4,77.2,2021-11,35.0
13,28.4,77.2,2022-01,35.0
14,28.4,77.2,2022-05,35.0
15,28.4,77.2,2022-08,35.0
16,28.4,77.2,2022-11,35.0
17,28.4,77.2,2022-05,100.0
18,28.4,77.2,2020-01,86.5
19,28.4,77.2,2020-08,86.5
20,28.4,77.2,2020-11,86.5
21,28.4,77.2,2021-01,86.5
22,28.4,77.2,2021-08,86.5
23,28.4,77.2,2021-11,86.5
24,28.4,77.2,2022-01,86.5
25,28.4,77.2,2022-05,86.5
26,28.4,77.2,2022-08,86.5
27,28.4,77.2,2022-11,86.5
28,28.4,77.2,2023-05,24.38
29,28.4,77.2,2023-06,24.68
30,28.4,77.2,2023-07,25.6
31,28.4,77.2,2023-08,26.62
32,28.4,77.2,2023-09,27.53
33,28.4,77.2,2023-10,28.43
34,28.4,77.2,2023-11,29.43
35,28.4,77.2,2023-12,30.43
36,28.4,77.1,2020-01,100.0
37,28.4,77.1,2020-08,100.0
38,28.4,77.1,2020-11,100.0
39,28.4,77.1,2021-01,100.0
40,28.4,77.1,2021-08,100.0
41,28.4,77.1,2022-01,100.0
42,28.4,77.1,2022-05,100.0
43,28.4,77.1,2022-08,100.0
44,28.4,77.1,2022-11,100.0
45,28.4,77.1,2020-01,82.0
46,28.4,77.1,2020-08,82.0
47,28.4,77.1,2020-11,82.0
48,28.4,77.1,2021-01,82.0
49,28.4,77.1,2021-08,82.0
50,28.4,77.1,2021-11,82.0
51,28.4,77.1,2022-01,82.0
52,28.4,77.1,2022-05,82.0
53,28.4,77.1,2022-08,82.0
54,28.4,77.1,2022-11,82.0
55,28.4,77.1,2022-12,46.31
56,28.4,77.1,2023-01,23.79
57,28.4,77.1,2023-02,24.61
58,28.4,77.1,2023-03,25.73
59,28.4,77.1,2023-04,26.64
60,28.4,77.1,2023-05,27.64
61,28.4,77.1,2023-06,28.56
62,28.4,77.1,2023-07,29.58
63,28.4,77.1,2023-08,30.55
64,28.4,77.1,2023-09,31.45
65,28.4,77.1,2023-10,32.46
66,28.4,77.1,2023-11,33.37
67,28.4,77.1,2023-12,34.38
68,28.4,77.1,2020-01,90.0
69,28.4,77.1,2020-08,90.0
70,28.4,77.1,2020-11,90.0
71,28.4,77.1,2021-01,90.0
72,28.4,77.1,2021-08,90.0
73,28.4,77.1,2022-01,90.0
74,28.4,77.1,2022-05,90.0
75,28.4,77.1,2022-08,90.0
76,28.4,77.1,2022-11,90.0
77,28.4,77.2,2020-01,150.0
78,28.4,77.2,2020-08,150.0
79,28.4,77.2,2020-11,150.0
80,28.4,77.2,2021-08,150.0
81,28.4,77.2,2021-11,150.0
82,28.4,77.2,2022-01,150.0
83,28.4,77.2,2022-05,150.0
84,28.4,77.2,2022-08,150.0
85,28.4,77.2,2022-11,150.0
86,28.5,77.1,2020-01,55.0
87,28.5,77.1,2020-08,55.0
88,28.5,77.1,2020-11,55.0
89,28.5,77.1,2021-01,55.0
90,28.5,77.1,2021-08,55.0
91,28.5,77.1,2021-11,55.0
92,28.5,77.1,2022-01,55.0
93,28.5,77.1,2022-05,55.0
94,28.5,77.1,2022-08,55.0
95,28.5,77.1,2022-11,55.0
96,28.5,77.3,2020-01,75.0
97,28.5,77.3,2020-08,75.0
98,28.5,77.3,2020-11,75.0
99,28.5,77.3,2021-01,75.0
100,28.5,77.3,2021-08,75.0
101,28.5,77.3,2021-11,75.0
102,28.5,77.3,2022-01,75.0
103,28.5,77.3,2022-05,75.0
104,28.5,77.3,2022-08,75.0
105,28.5,77.3,2022-11,75.0
106,28.5,76.8,2020-01,80.0
107,28.5,76.8,2021-08,80.0
108,28.5,76.8,2021-11,80.0
109,28.5,76.9,2020-01,28.0
110,28.5,76.9,2020-08,28.0
111,28.5,76.9,2020-11,28.0
112,28.5,76.9,2021-01,28.0
113,28.5,76.9,2021-08,28.0
114,28.5,76.9,2021-11,28.0
115,28.5,76.9,2022-01,28.0
116,28.5,76.9,2022-05,28.0
117,28.5,76.9,2022-08,28.0
118,28.5,76.9,2022-11,28.0
119,28.5,76.9,2020-01,100.0
120,28.5,76.9,2020-08,100.0
121,28.5,76.9,2020-11,100.0
122,28.5,76.9,2021-01,100.0
123,28.5,76.9,2021-08,100.0
124,28.5,76.9,2022-01,100.0
125,28.5,76.9,2022-05,100.0
126,28.5,76.9,2022-08,100.0
127,28.5,76.9,2022-11,100.0
128,28.5,76.9,2023-09,50.0
129,28.5,76.9,2023-10,50.0
130,28.5,76.9,2023-11,50.0
131,28.5,76.9,2023-12,50.0
132,28.5,76.9,2020-01,40.0
133,28.5,76.9,2020-08,40.0
134,28.5,76.9,2020-11,40.0
135,28.5,76.9,2021-01,40.0
136,28.5,76.9,2021-08,40.0
137,28.5,76.9,2022-01,40.0
138,28.5,76.9,2022-05,40.0
139,28.5,76.9,2022-08,40.0
140,28.5,76.9,2022-11,40.0
141,28.5,76.9,2023-09,40.0
142,28.5,76.9,2023-10,40.0
143,28.5,76.9,2023-11,40.0
144,28.5,76.9,2023-12,40.0
145,28.5,77.2,2023-05,31.75
146,28.5,77.2,2023-06,31.85
147,28.5,77.2,2023-07,32.86
148,28.5,77.2,2023-08,33.84
149,28.5,77.2,2023-09,34.74
150,28.5,77.2,2023-10,35.71
151,28.5,77.2,2023-11,36.67
152,28.5,77.2,2023-12,37.72
153,28.5,77.2,2020-01,94.5
154,28.5,77.2,2020-08,94.5
155,28.5,77.2,2021-01,94.5
156,28.5,77.2,2021-08,94.5
157,28.5,77.2,2021-11,94.5
158,28.5,77.2,2022-01,94.5
159,28.5,77.2,2022-05,94.5
160,28.5,77.2,2022-11,94.5
161,28.5,77.3,2022-05,75.0
162,28.5,76.9,2020-01,80.0
163,28.5,76.9,2020-08,80.0
164,28.5,76.9,2020-11,80.0
165,28.5,76.9,2021-01,80.0
166,28.5,76.9,2023-09,38.0
167,28.5,76.9,2023-10,38.0
168,28.5,76.9,2023-11,38.0
169,28.5,76.9,2023-12,38.0
170,28.5,77.1,2020-01,100.0
171,28.5,77.1,2020-08,100.0
172,28.5,77.1,2020-11,100.0
173,28.5,77.1,2021-01,100.0
174,28.5,77.1,2021-08,100.0
175,28.5,77.1,2021-11,100.0
176,28.5,77.1,2022-01,100.0
177,28.5,77.1,2022-05,100.0
178,28.5,77.1,2022-08,100.0
179,28.5,77.1,2022-11,100.0
180,28.5,76.9,2020-01,15.0
181,28.5,76.9,2020-08,15.0
182,28.5,76.9,2020-11,15.0
183,28.5,76.9,2021-01,15.0
184,28.5,76.9,2021-08,15.0
185,28.5,76.9,2021-11,15.0
186,28.5,76.9,2022-01,15.0
187,28.5,76.9,2022-05,15.0
188,28.5,76.9,2022-08,15.0
189,28.5,76.9,2022-11,15.0
190,28.5,77.1,2020-11,20.0
191,28.5,77.1,2021-01,20.0
192,28.5,77.1,2021-11,20.0
193,28.5,77.1,2022-01,20.0
194,28.5,77.1,2022-05,20.0
195,28.5,77.1,2022-08,20.0
196,28.5,77.1,2022-11,20.0
197,28.5,76.9,2020-01,100.0
198,28.5,76.9,2020-08,100.0
199,28.5,76.9,2020-11,100.0
200,28.5,76.9,2021-01,100.0
201,28.5,76.9,2021-08,100.0
202,28.5,76.9,2021-11,100.0
203,28.5,76.9,2022-01,100.0
204,28.5,76.9,2022-05,100.0
205,28.5,76.9,2022-08,100.0
206,28.5,76.9,2022-11,100.0
207,28.5,76.9,2022-12,52.77
208,28.5,76.9,2023-01,30.79
209,28.5,76.9,2023-02,31.61
210,28.5,76.9,2023-03,32.72
211,28.5,76.9,2023-04,33.64
212,28.5,76.9,2023-05,34.65
213,28.5,76.9,2023-06,35.56
214,28.5,76.9,2023-07,36.57
215,28.5,76.9,2023-08,37.55
216,28.5,76.9,2023-09,38.59
217,28.5,76.9,2023-10,39.37
218,28.5,76.9,2023-11,40.39
219,28.5,76.9,2023-12,41.4
220,28.5,77.2,2020-01,104.0
221,28.5,77.2,2020-08,104.0
222,28.5,77.2,2020-11,104.0
223,28.5,77.2,2021-01,104.0
224,28.5,77.2,2021-08,104.0
225,28.5,77.2,2021-11,104.0
226,28.5,77.2,2022-01,104.0
227,28.5,77.2,2022-05,104.0
228,28.5,77.2,2022-08,104.0
229,28.5,77.2,2022-11,104.0
230,28.5,77.0,2020-01,75.0
231,28.5,77.0,2020-08,75.0
232,28.5,77.0,2021-01,75.0
233,28.5,77.0,2022-01,75.0
234,28.5,77.0,2022-05,75.0
235,28.5,77.0,2022-08,75.0
236,28.5,77.0,2022-11,75.0
237,28.5,77.0,2022-12,52.63
238,28.5,77.0,2023-01,30.65
239,28.5,77.0,2023-02,31.47
240,28.5,77.0,2023-03,32.57
241,28.5,77.0,2023-04,33.49
242,28.5,77.0,2023-05,34.5
243,28.5,77.0,2023-06,35.41
244,28.5,77.0,2023-07,36.43
245,28.5,77.0,2023-08,37.4
246,28.5,77.0,2023-09,38.31
247,28.5,77.0,2023-10,39.34
248,28.5,77.0,2023-11,40.23
249,28.5,77.0,2023-12,41.25
250,28.5,77.2,2023-04,33.03
251,28.5,77.2,2023-05,32.69
252,28.5,77.2,2023-06,33.6
253,28.5,77.2,2023-07,34.61
254,28.5,77.2,2023-08,35.58
255,28.5,77.2,2023-09,36.61
256,28.5,77.2,2023-10,37.36
257,28.5,77.2,2023-11,38.43
258,28.5,77.2,2023-12,39.44
259,28.5,77.0,2022-11,53.72
260,28.5,77.0,2022-12,53.6
261,28.5,77.0,2023-01,31.69
262,28.5,77.0,2023-02,32.5
263,28.5,77.0,2023-03,33.61
264,28.5,77.0,2023-04,34.51
265,28.5,77.0,2023-05,35.52
266,28.5,77.0,2023-06,36.43
267,28.5,77.0,2023-07,37.44
268,28.5,77.0,2023-08,38.41
269,28.5,77.0,2023-09,39.46
270,28.5,77.0,2023-10,40.22
271,28.5,77.0,2023-11,41.26
272,28.5,77.0,2023-12,42.26
273,28.5,77.0,2020-11,105.0
274,28.5,77.0,2021-01,105.0
275,28.5,77.0,2021-11,105.0
276,28.5,77.0,2022-01,105.0
277,28.5,77.0,2022-05,105.0
278,28.5,77.0,2022-08,105.0
279,28.5,77.0,2022-11,105.0
280,28.5,76.9,2020-01,59.0
281,28.5,76.9,2020-08,59.0
282,28.5,76.9,2023-09,58.0
283,28.5,76.9,2023-10,58.0
284,28.5,76.9,2023-11,58.0
285,28.5,76.9,2023-12,58.0
286,28.5,77.1,2020-01,65.0
287,28.5,77.1,2020-08,65.0
288,28.5,77.1,2020-11,65.0
289,28.5,77.1,2021-01,65.0
290,28.5,77.1,2021-08,65.0
291,28.5,77.1,2021-11,65.0
292,28.5,77.1,2022-01,65.0
293,28.5,77.1,2022-08,65.0
294,28.5,77.1,2022-11,65.0
295,28.5,77.1,2021-01,100.0
296,28.5,77.1,2021-08,100.0
297,28.5,77.1,2022-01,100.0
298,28.5,77.1,2022-05,100.0
299,28.5,77.1,2022-08,100.0
300,28.5,77.1,2022-11,100.0
301,28.5,77.0,2022-11,55.08
302,28.5,77.0,2022-12,54.96
303,28.5,77.0,2023-01,33.06
304,28.5,77.0,2023-02,33.88
305,28.5,77.0,2023-03,34.99
306,28.5,77.0,2023-04,35.91
307,28.5,77.0,2023-05,36.92
308,28.5,77.0,2023-06,37.83
309,28.5,77.0,2023-07,38.85
310,28.5,77.0,2023-08,39.8
311,28.5,77.0,2023-09,40.88
312,28.5,77.0,2023-10,41.62
313,28.5,77.0,2023-11,42.64
314,28.5,77.0,2023-12,43.67
315,28.5,77.0,2020-01,125.0
316,28.5,77.0,2020-08,125.0
317,28.5,77.0,2020-11,125.0
318,28.5,77.0,2021-01,125.0
319,28.5,77.0,2021-08,125.0
320,28.5,77.0,2021-11,125.0
321,28.5,77.0,2022-01,125.0
322,28.5,77.0,2022-05,125.0
323,28.5,77.0,2022-08,125.0
324,28.5,77.0,2022-11,125.0
325,28.5,77.3,2023-05,35.63
326,28.5,77.3,2023-06,35.77
327,28.5,77.3,2023-07,36.79
328,28.5,77.3,2023-08,37.75
329,28.5,77.3,2023-09,38.8
330,28.5,77.3,2023-10,39.53
331,28.5,77.3,2023-11,40.59
332,28.5,77.3,2023-12,41.61
333,28.5,77.3,2020-01,45.0
334,28.5,77.3,2020-08,45.0
335,28.5,77.3,2020-11,45.0
336,28.5,77.3,2021-01,45.0
337,28.5,77.3,2021-08,45.0
338,28.5,77.3,2021-11,45.0
339,28.5,77.3,2022-01,45.0
340,28.5,77.3,2022-05,45.0
341,28.5,77.3,2022-08,45.0
342,28.5,77.3,2022-11,45.0
343,28.5,77.1,2020-01,43.0
344,28.5,77.1,2020-08,43.0
345,28.5,77.1,2020-11,43.0
346,28.5,77.1,2021-01,43.0
347,28.5,77.1,2021-08,43.0
348,28.5,77.1,2021-11,43.0
349,28.5,77.1,2022-01,43.0
350,28.5,77.1,2022-05,43.0
351,28.5,77.1,2022-08,43.0
352,28.5,77.1,2022-11,43.0
353,28.5,77.2,2020-01,12.0
354,28.5,77.2,2020-08,12.0
355,28.5,77.2,2020-11,12.0
356,28.5,77.2,2021-01,12.0
357,28.5,77.2,2021-08,12.0
358,28.5,77.2,2022-01,12.0
359,28.5,77.2,2022-05,12.0
360,28.5,77.2,2022-08,12.0
361,28.5,77.0,2022-11,55.79
362,28.5,77.0,2022-12,55.68
363,28.5,77.0,2023-01,33.77
364,28.5,77.0,2023-02,34.59
365,28.5,77.0,2023-03,35.7
366,28.5,77.0,2023-04,36.61
367,28.5,77.0,2023-05,37.63
368,28.5,77.0,2023-06,38.54
369,28.5,77.0,2023-07,39.56
370,28.5,77.0,2023-08,40.52
371,28.5,77.0,2023-09,41.54
372,28.5,77.0,2023-10,42.31
373,28.5,77.0,2023-11,43.36
374,28.5,77.0,2023-12,44.38
375,28.5,77.2,2020-01,20.0
376,28.5,77.2,2020-08,20.0
377,28.5,77.2,2020-11,20.0
378,28.5,77.2,2021-01,20.0
379,28.5,77.2,2021-08,20.0
380,28.5,77.2,2021-11,20.0
381,28.5,77.2,2022-01,20.0
382,28.5,77.2,2022-05,20.0
383,28.5,77.2,2022-08,20.0
384,28.5,77.2,2022-11,20.0
385,28.5,77.2,2020-01,50.0
386,28.5,77.2,2020-08,50.0
387,28.5,77.2,2020-11,50.0
388,28.5,77.2,2021-01,50.0
389,28.5,77.2,2021-08,50.0
390,28.5,77.2,2022-01,50.0
391,28.5,77.2,2022-05,50.0
392,28.5,77.2,2022-08,50.0
393,28.5,77.2,2022-11,50.0
394,28.6,77.0,2020-11,70.0
395,28.6,77.0,2021-01,70.0
396,28.6,77.0,2021-11,70.0
397,28.6,77.0,2022-01,70.0
398,28.6,77.0,2022-05,70.0
399,28.6,77.0,2022-08,70.0
400,28.6,77.0,2022-11,70.0
401,28.6,77.2,2020-01,94.45
402,28.6,77.2,2020-08,94.45
403,28.6,77.2,2020-11,94.45
404,28.6,77.2,2021-01,94.45
405,28.6,77.2,2021-11,94.45
406,28.6,77.2,2022-01,94.45
407,28.6,77.2,2022-05,94.45
408,28.6,77.2,2022-08,94.45
409,28.6,77.2,2022-11,94.45
410,28.6,77.1,2020-01,174.0
411,28.6,77.1,2021-11,174.0
412,28.6,77.1,2022-01,174.0
413,28.6,77.1,2022-11,174.0
414,28.6,76.9,2020-01,50.0
415,28.6,76.9,2021-01,50.0
416,28.6,76.9,2021-08,50.0
417,28.6,76.9,2021-11,50.0
418,28.6,76.9,2022-01,50.0
419,28.6,76.9,2022-05,50.0
420,28.6,76.9,2022-08,50.0
421,28.6,76.9,2022-11,50.0
422,28.6,76.9,2023-09,42.0
423,28.6,76.9,2023-10,42.0
424,28.6,76.9,2023-11,42.0
425,28.6,76.9,2023-12,42.0
426,28.6,77.2,2020-01,60.0
427,28.6,77.2,2020-08,60.0
428,28.6,77.2,2020-11,60.0
429,28.6,77.2,2021-01,60.0
430,28.6,77.2,2021-08,60.0
431,28.6,77.2,2021-11,60.0
432,28.6,77.2,2022-01,60.0
433,28.6,76.8,2020-08,100.0
434,28.6,76.8,2020-11,100.0
435,28.6,76.8,2021-01,100.0
436,28.6,76.8,2021-05,100.0
437,28.6,76.8,2021-08,100.0
438,28.6,76.8,2021-11,100.0
439,28.6,76.8,2022-01,100.0
440,28.6,76.8,2022-05,100.0
441,28.6,76.8,2022-08,100.0
442,28.6,76.8,2022-11,100.0
443,28.6,76.8,2020-01,110.0
444,28.6,76.8,2022-08,110.0
445,28.6,76.8,2022-12,58.33
446,28.6,76.8,2023-01,36.22
447,28.6,76.8,2023-02,37.03
448,28.6,76.8,2023-03,38.14
449,28.6,76.8,2023-04,39.05
450,28.6,76.8,2023-05,40.07
451,28.6,76.8,2023-06,40.99
452,28.6,76.8,2023-07,42.0
453,28.6,76.8,2023-08,42.96
454,28.6,76.8,2023-09,44.01
455,28.6,76.8,2023-10,44.79
456,28.6,76.8,2023-11,45.8
457,28.6,76.8,2023-12,46.79
458,28.6,77.3,2023-05,37.05
459,28.6,77.3,2023-06,37.21
460,28.6,77.3,2023-07,38.22
461,28.6,77.3,2023-08,39.2
462,28.6,77.3,2023-09,40.21
463,28.6,77.3,2023-10,41.02
464,28.6,77.3,2023-11,42.04
465,28.6,77.3,2023-12,43.04
466,28.6,77.0,2020-01,75.0
467,28.6,77.0,2020-08,75.0
468,28.6,77.0,2020-11,75.0
469,28.6,77.0,2021-01,75.0
470,28.6,77.0,2021-08,75.0
471,28.6,77.0,2021-11,75.0
472,28.6,77.0,2022-01,75.0
473,28.6,77.0,2022-05,75.0
474,28.6,77.0,2022-08,75.0
475,28.6,77.0,2022-11,75.0
476,28.6,77.0,2022-12,57.87
477,28.6,77.0,2023-01,35.75
478,28.6,77.0,2023-02,36.57
479,28.6,77.0,2023-03,37.68
480,28.6,77.0,2023-04,38.59
481,28.6,77.0,2023-05,39.6
482,28.6,77.0,2023-06,40.52
483,28.6,77.0,2023-07,41.53
484,28.6,77.0,2023-08,42.5
485,28.6,77.0,2023-09,43.55
486,28.6,77.0,2023-10,44.31
487,28.6,77.0,2023-11,45.34
488,28.6,77.0,2023-12,46.35
489,28.6,77.3,2022-01,45.0
490,28.6,77.3,2022-05,45.0
491,28.6,77.3,2022-08,45.0
492,28.6,77.3,2022-11,45.0
493,28.6,77.3,2020-01,41.0
494,28.6,77.3,2020-08,41.0
495,28.6,77.3,2020-11,41.0
496,28.6,77.3,2021-01,41.0
497,28.6,77.3,2021-08,41.0
498,28.6,77.3,2021-11,41.0
499,28.6,77.3,2022-01,41.0
500,28.6,77.3,2022-05,41.0
501,28.6,77.3,2022-08,41.0
502,28.6,77.3,2022-11,41.0
503,28.6,77.3,2023-05,37.8
504,28.6,77.3,2023-06,37.94
505,28.6,77.3,2023-07,38.96
506,28.6,77.3,2023-08,39.91
507,28.6,77.3,2023-09,40.96
508,28.6,77.3,2023-10,41.77
509,28.6,77.3,2023-11,42.76
510,28.6,77.3,2023-12,43.78
511,28.6,77.1,2022-11,57.02
512,28.6,77.1,2022-12,56.8
513,28.6,77.1,2023-01,34.89
514,28.6,77.1,2023-02,35.71
515,28.6,77.1,2023-03,36.8
516,28.6,77.1,2023-04,37.73
517,28.6,77.1,2023-05,38.74
518,28.6,77.1,2023-06,39.66
519,28.6,77.1,2023-07,40.67
520,28.6,77.1,2023-08,41.64
521,28.6,77.1,2023-09,42.69
522,28.6,77.1,2023-10,43.31
523,28.6,77.1,2023-11,44.21
524,28.6,77.1,2023-12,45.31
525,28.6,77.1,2020-01,80.0
526,28.6,77.1,2020-08,80.0
527,28.6,77.1,2020-11,80.0
528,28.6,77.1,2021-01,80.0
529,28.6,77.1,2021-08,80.0
530,28.6,77.1,2021-11,80.0
531,28.6,77.1,2022-01,80.0
532,28.6,77.1,2022-05,80.0
533,28.6,77.1,2022-08,80.0
534,28.6,77.1,2022-11,80.0
535,28.6,77.3,2020-01,55.0
536,28.6,77.3,2020-08,55.0
537,28.6,77.3,2020-11,55.0
538,28.6,77.3,2021-01,55.0
539,28.6,77.3,2021-08,55.0
540,28.6,77.3,2021-11,55.0
541,28.6,77.3,2022-01,55.0
542,28.6,77.3,2022-05,55.0
543,28.6,77.3,2022-08,55.0
544,28.6,77.3,2022-11,55.0
545,28.6,77.3,2023-05,38.73
546,28.6,77.3,2023-06,38.87
547,28.6,77.3,2023-07,39.88
548,28.6,77.3,2023-08,40.83
549,28.6,77.3,2023-09,43.55
550,28.6,77.3,2023-10,43.92
551,28.6,77.3,2023-11,44.36
552,28.6,77.3,2023-12,44.85
553,28.6,77.0,2020-01,100.0
554,28.6,77.0,2020-08,100.0
555,28.6,77.0,2020-11,100.0
556,28.6,77.0,2021-01,100.0
557,28.6,77.0,2021-08,100.0
558,28.6,77.0,2021-11,100.0
559,28.6,77.0,2022-01,100.0
560,28.6,77.0,2022-05,100.0
561,28.6,77.0,2022-08,100.0
562,28.6,77.0,2022-11,100.0
563,28.6,77.0,2023-09,10.05
564,28.6,77.0,2023-10,10.05
565,28.6,77.0,2023-11,10.05
566,28.6,77.1,2020-08,50.0
567,28.6,77.1,2020-11,50.0
568,28.6,77.1,2021-01,50.0
569,28.6,77.0,2020-01,80.0
570,28.6,77.0,2020-08,80.0
571,28.6,77.0,2020-11,80.0
572,28.6,77.0,2021-01,80.0
573,28.6,77.0,2021-08,80.0
574,28.6,77.0,2022-01,80.0
575,28.6,77.0,2022-05,80.0
576,28.6,77.0,2022-08,80.0
577,28.6,77.0,2022-11,80.0
578,28.6,77.0,2022-11,58.55
579,28.6,77.0,2022-12,58.33
580,28.6,77.0,2023-01,36.42
581,28.6,77.0,2023-02,37.24
582,28.6,77.0,2023-03,38.35
583,28.6,77.0,2023-04,39.26
584,28.6,77.0,2023-05,40.28
585,28.6,77.0,2023-06,41.19
586,28.6,77.0,2023-07,42.2
587,28.6,77.0,2023-08,43.17
588,28.6,77.0,2023-09,44.08
589,28.6,77.0,2023-10,45.1
590,28.6,77.0,2023-11,46.01
591,28.6,77.0,2023-12,47.02
592,28.6,76.9,2020-01,100.0
593,28.6,77.1,2020-01,80.0
594,28.6,77.1,2020-08,80.0
595,28.6,77.1,2020-11,80.0
596,28.6,77.1,2021-01,80.0
597,28.6,77.1,2021-11,80.0
598,28.6,77.1,2022-01,80.0
599,28.6,77.1,2022-08,80.0
600,28.6,77.1,2023-09,48.0
601,28.6,77.1,2023-10,48.0
602,28.6,77.1,2023-11,48.0
603,28.6,77.1,2023-12,48.0
604,28.6,77.2,2020-01,75.2
605,28.6,77.2,2020-05,75.2
606,28.6,77.2,2020-08,75.2
607,28.6,77.2,2020-11,75.2
608,28.6,77.2,2021-01,75.2
609,28.6,77.2,2021-05,75.2
610,28.6,77.2,2021-08,75.2
611,28.6,77.2,2021-11,75.2
612,28.6,77.2,2022-01,75.2
613,28.6,77.2,2022-05,75.2
614,28.6,77.2,2022-08,75.2
615,28.6,77.2,2022-11,75.2
616,28.6,77.2,2023-05,35.3
617,28.6,77.2,2023-06,35.82
618,28.6,77.2,2023-07,36.25
619,28.6,77.2,2023-08,36.55
620,28.6,77.2,2023-09,39.86
621,28.6,77.2,2023-10,39.78
622,28.6,77.2,2023-11,44.9
623,28.6,77.2,2023-12,45.92
624,28.6,77.2,2020-01,88.0
625,28.6,77.2,2020-05,88.0
626,28.6,77.2,2020-08,88.0
627,28.6,77.2,2020-11,88.0
628,28.6,77.2,2021-01,88.0
629,28.6,77.2,2021-05,88.0
630,28.6,77.2,2021-08,88.0
631,28.6,77.2,2021-11,88.0
632,28.6,77.2,2022-01,88.0
633,28.6,77.2,2022-05,88.0
634,28.6,77.2,2022-08,88.0
635,28.6,77.2,2022-11,88.0
636,28.6,77.2,2023-05,39.82
637,28.6,77.2,2023-06,39.96
638,28.6,77.2,2023-07,40.97
639,28.6,77.2,2023-08,41.94
640,28.6,77.2,2023-09,43.01
641,28.6,77.2,2023-10,43.78
642,28.6,77.2,2023-11,44.78
643,28.6,77.2,2023-12,45.79
644,28.6,77.1,2023-05,41.64
645,28.6,77.1,2023-06,41.78
646,28.6,77.1,2023-07,42.79
647,28.6,77.1,2023-08,43.76
648,28.6,77.1,2023-09,44.81
649,28.6,77.1,2023-10,45.58
650,28.6,77.1,2023-11,46.63
651,28.6,77.1,2023-12,47.62
652,28.6,77.0,2020-01,15.0
653,28.6,77.0,2020-08,15.0
654,28.6,77.0,2020-11,15.0
655,28.6,77.0,2021-01,15.0
656,28.6,77.0,2021-08,15.0
657,28.6,77.0,2021-11,15.0
658,28.6,77.0,2022-01,15.0
659,28.6,77.0,2022-05,15.0
660,28.6,77.0,2022-08,15.0
661,28.6,77.0,2022-11,15.0
662,28.6,77.0,2023-09,30.0
663,28.6,77.0,2023-10,30.0
664,28.6,77.0,2023-11,30.0
665,28.6,77.0,2023-12,30.0
666,28.6,77.0,2022-05,30.0
667,28.6,77.0,2022-08,30.0
668,28.6,77.0,2022-11,30.0
669,28.6,77.2,2020-01,25.0
670,28.6,77.2,2020-08,25.0
671,28.6,77.2,2021-01,25.0
672,28.6,77.2,2021-08,25.0
673,28.6,77.2,2021-11,25.0
674,28.6,77.2,2022-01,25.0
675,28.6,77.2,2022-05,25.0
676,28.6,77.2,2022-08,25.0
677,28.6,77.2,2022-11,25.0
678,28.6,77.3,2020-01,60.0
679,28.6,77.3,2020-08,60.0
680,28.6,77.3,2021-08,60.0
681,28.6,77.3,2021-11,60.0
682,28.6,77.3,2022-01,60.0
683,28.6,77.3,2022-05,60.0
684,28.6,77.3,2022-08,60.0
685,28.6,77.3,2022-11,60.0
686,28.6,77.2,2020-01,25.0
687,28.6,77.2,2020-05,25.0
688,28.6,77.2,2020-08,25.0
689,28.6,77.2,2020-11,25.0
690,28.6,77.2,2021-01,25.0
691,28.6,77.2,2021-05,25.0
692,28.6,77.2,2021-08,25.0
693,28.6,77.2,2021-11,25.0
694,28.6,77.2,2022-01,25.0
695,28.6,77.2,2022-05,25.0
696,28.6,77.2,2022-08,25.0
697,28.6,77.2,2022-11,25.0
698,28.6,77.3,2022-12,59.8
699,28.6,77.3,2023-01,36.99
700,28.6,77.3,2023-02,37.8
701,28.6,77.3,2023-03,38.91
702,28.6,77.3,2023-04,39.83
703,28.6,77.3,2023-05,40.84
704,28.6,77.3,2023-06,41.74
705,28.6,77.3,2023-07,42.75
706,28.6,77.3,2023-08,43.72
707,28.6,77.3,2023-09,44.64
708,28.6,77.3,2023-10,50.33
709,28.6,77.3,2023-11,55.29
710,28.6,77.3,2023-12,56.23
711,28.6,77.2,2020-01,15.0
712,28.6,77.2,2020-08,15.0
713,28.6,77.2,2020-11,15.0
714,28.6,77.2,2021-01,15.0
715,28.6,77.2,2021-08,15.0
716,28.6,77.2,2021-11,15.0
717,28.6,77.2,2022-05,15.0
718,28.6,77.2,2022-08,15.0
719,28.6,77.2,2022-11,15.0
720,28.6,77.0,2020-01,25.0
721,28.6,77.0,2020-08,25.0
722,28.6,77.0,2020-11,25.0
723,28.6,77.0,2021-01,25.0
724,28.6,77.0,2021-08,25.0
725,28.6,77.0,2021-11,25.0
726,28.6,77.0,2022-01,25.0
727,28.6,77.0,2022-05,25.0
728,28.6,77.0,2022-08,25.0
729,28.6,77.0,2022-11,25.0
730,28.6,77.0,2020-01,100.0
731,28.6,77.0,2020-08,100.0
732,28.6,77.0,2020-11,100.0
733,28.6,77.0,2021-01,100.0
734,28.6,77.0,2021-08,100.0
735,28.6,77.0,2021-11,100.0
736,28.6,77.0,2022-01,100.0
737,28.6,77.0,2022-05,100.0
738,28.6,77.0,2022-08,100.0
739,28.6,77.0,2022-11,100.0
740,28.6,77.0,2022-12,61.79
741,28.6,77.0,2023-01,39.66
742,28.6,77.0,2023-02,40.48
743,28.6,77.0,2023-03,41.59
744,28.6,77.0,2023-04,42.51
745,28.6,77.0,2023-05,43.52
746,28.6,77.0,2023-06,44.43
747,28.6,77.0,2023-07,45.45
748,28.6,77.0,2023-08,46.41
749,28.6,77.0,2023-09,47.41
750,28.6,77.0,2023-10,48.25
751,28.6,77.0,2023-11,49.25
752,28.6,77.0,2023-12,50.25
753,28.6,76.9,2020-01,10.0
754,28.6,76.9,2020-08,10.0
755,28.6,76.9,2020-11,10.0
756,28.6,76.9,2021-01,10.0
757,28.6,76.9,2021-08,10.0
758,28.6,76.9,2021-11,10.0
759,28.6,76.9,2022-01,10.0
760,28.6,76.9,2022-05,10.0
761,28.6,76.9,2022-08,10.0
762,28.6,76.9,2022-11,10.0
763,28.6,76.9,2023-09,60.0
764,28.6,76.9,2023-10,60.0
765,28.6,76.9,2023-11,60.0
766,28.6,76.9,2023-12,60.0
767,28.6,77.1,2020-01,101.0
768,28.6,77.1,2020-08,101.0
769,28.6,77.1,2020-11,101.0
770,28.6,77.1,2021-01,101.0
771,28.6,77.1,2021-08,101.0
772,28.6,77.1,2021-11,101.0
773,28.6,77.1,2023-05,43.75
774,28.6,77.1,2023-06,43.89
775,28.6,77.1,2023-07,44.91
776,28.6,77.1,2023-08,45.86
777,28.6,77.1,2023-09,46.94
778,28.6,77.1,2023-10,47.72
779,28.6,77.1,2023-11,48.7
780,28.6,77.1,2023-12,49.73
781,28.6,77.2,2020-01,50.0
782,28.6,77.2,2020-08,50.0
783,28.6,77.2,2020-11,50.0
784,28.6,77.2,2021-01,50.0
785,28.6,77.2,2021-08,50.0
786,28.6,77.2,2022-01,50.0
787,28.6,77.2,2022-05,50.0
788,28.6,77.2,2022-08,50.0
789,28.6,77.2,2022-11,50.0
790,28.6,77.2,2023-05,43.38
791,28.6,77.2,2023-06,43.52
792,28.6,77.2,2023-07,44.25
793,28.6,77.2,2023-08,45.53
794,28.6,77.2,2023-09,46.43
795,28.6,77.2,2023-10,47.46
796,28.6,77.2,2023-11,48.31
797,28.6,77.2,2023-12,49.36
798,28.6,77.0,2020-01,100.0
799,28.6,77.0,2020-08,100.0
800,28.6,77.0,2020-11,100.0
801,28.6,77.0,2021-01,100.0
802,28.6,77.0,2021-08,100.0
803,28.6,77.0,2021-11,100.0
804,28.6,77.0,2022-01,100.0
805,28.6,77.0,2022-05,100.0
806,28.6,77.0,2022-08,100.0
807,28.6,77.0,2022-11,100.0
808,28.6,77.0,2023-05,45.35
809,28.6,77.0,2023-06,45.48
810,28.6,77.0,2023-07,46.5
811,28.6,77.0,2023-08,47.46
812,28.6,77.0,2023-09,48.48
813,28.6,77.0,2023-10,49.31
814,28.6,77.0,2023-11,50.3
815,28.6,77.0,2023-12,51.32
816,28.6,77.1,2023-09,37.0
817,28.6,77.1,2023-10,37.0
818,28.6,77.1,2023-11,37.0
819,28.6,77.1,2023-12,37.0
820,28.6,77.1,2023-05,44.99
821,28.6,77.1,2023-06,45.15
822,28.6,77.1,2023-07,46.17
823,28.6,77.1,2023-08,47.14
824,28.6,77.1,2023-09,48.18
825,28.6,77.1,2023-10,48.94
826,28.6,77.1,2023-11,49.97
827,28.6,77.1,2023-12,50.99
828,28.6,77.1,2020-11,55.0
829,28.6,77.1,2021-01,55.0
830,28.6,77.1,2021-08,55.0
831,28.6,77.1,2022-05,55.0
832,28.6,77.1,2022-11,55.0
833,28.6,77.1,2023-09,42.0
834,28.6,77.1,2023-10,42.0
835,28.6,77.1,2023-11,42.0
836,28.6,77.1,2023-12,42.0
837,28.6,77.2,2020-01,25.0
838,28.6,77.2,2020-08,25.0
839,28.6,77.2,2020-11,25.0
840,28.6,77.2,2021-01,25.0
841,28.6,77.2,2021-08,25.0
842,28.6,77.2,2021-11,25.0
843,28.6,77.2,2022-01,25.0
844,28.6,77.2,2022-05,25.0
845,28.6,77.2,2022-11,25.0
846,28.7,77.0,2023-09,47.0
847,28.7,77.0,2023-10,47.0
848,28.7,77.0,2023-11,47.0
849,28.7,77.0,2023-12,47.0
850,28.7,77.2,2022-11,100.0
851,28.7,77.0,2020-01,10.0
852,28.7,77.0,2020-08,10.0
853,28.7,77.0,2020-11,10.0
854,28.7,77.0,2021-01,10.0
855,28.7,77.0,2021-08,10.0
856,28.7,77.0,2021-11,10.0
857,28.7,77.0,2022-05,10.0
858,28.7,77.0,2022-08,10.0
859,28.7,77.0,2022-11,10.0
860,28.7,77.2,2023-06,44.0
861,28.7,77.2,2023-07,44.0
862,28.7,77.2,2023-08,44.0
863,28.7,77.2,2023-09,44.0
864,28.7,77.2,2023-10,44.0
865,28.7,77.2,2023-11,44.0
866,28.7,77.2,2023-12,44.0
867,28.7,77.2,2022-01,70.0
868,28.7,77.2,2022-05,70.0
869,28.7,77.2,2022-08,70.0
870,28.7,77.2,2022-11,70.0
871,28.7,77.1,2023-05,46.96
872,28.7,77.1,2023-06,47.1
873,28.7,77.1,2023-07,48.12
874,28.7,77.1,2023-08,49.08
875,28.7,77.1,2023-09,50.05
876,28.7,77.1,2023-10,50.92
877,28.7,77.1,2023-11,51.91
878,28.7,77.1,2023-12,52.96
879,28.7,77.1,2023-09,77.0
880,28.7,77.1,2023-10,77.0
881,28.7,77.1,2023-11,77.0
882,28.7,76.9,2020-01,32.0
883,28.7,76.9,2020-08,32.0
884,28.7,76.9,2020-11,32.0
885,28.7,76.9,2021-01,32.0
886,28.7,76.9,2021-11,32.0
887,28.7,76.9,2022-01,32.0
888,28.7,76.9,2022-05,32.0
889,28.7,76.9,2022-08,32.0
890,28.7,76.9,2022-11,32.0
891,28.7,76.9,2023-09,32.0
892,28.7,76.9,2023-10,32.0
893,28.7,76.9,2023-11,32.0
894,28.7,76.9,2023-12,32.0
895,28.7,77.0,2023-09,64.0
896,28.7,77.0,2023-10,64.0
897,28.7,77.0,2023-11,64.0
898,28.7,77.0,2023-12,64.0
899,28.7,77.1,2023-08,56.0
900,28.7,77.1,2023-09,56.0
901,28.7,77.1,2023-10,56.0
902,28.7,77.1,2023-11,56.0
903,28.7,77.1,2023-12,56.0
904,28.7,77.0,2020-01,27.0
905,28.7,77.0,2020-08,27.0
906,28.7,77.0,2020-11,27.0
907,28.7,77.0,2021-01,27.0
908,28.7,77.0,2021-08,27.0
909,28.7,77.0,2021-11,27.0
910,28.7,77.0,2022-01,27.0
911,28.7,77.0,2022-05,27.0
912,28.7,77.0,2022-08,27.0
913,28.7,77.1,2020-01,100.0
914,28.7,77.1,2020-08,100.0
915,28.7,77.1,2020-11,100.0
916,28.7,77.1,2021-01,100.0
917,28.7,77.1,2021-08,100.0
918,28.7,77.1,2021-11,100.0
919,28.7,77.1,2022-01,100.0
920,28.7,77.1,2022-05,100.0
921,28.7,77.1,2022-08,100.0
922,28.7,77.1,2022-11,100.0
923,28.7,77.1,2023-05,47.49
924,28.7,77.1,2023-06,47.66
925,28.7,77.1,2023-07,48.68
926,28.7,77.1,2023-08,49.64
927,28.7,77.1,2023-09,50.69
928,28.7,77.1,2023-10,51.48
929,28.7,77.1,2023-11,52.47
930,28.7,77.1,2023-12,53.47
931,28.7,77.1,2020-01,80.0
932,28.7,77.1,2020-08,80.0
933,28.7,77.1,2020-11,80.0
934,28.7,77.1,2021-01,80.0
935,28.7,77.1,2021-08,80.0
936,28.7,77.1,2021-11,80.0
937,28.7,77.1,2022-01,80.0
938,28.7,77.1,2022-05,80.0
939,28.7,77.1,2022-08,80.0
940,28.7,77.1,2022-11,80.0
941,28.7,77.1,2023-05,48.18
942,28.7,77.1,2023-06,48.34
943,28.7,77.1,2023-07,49.36
944,28.7,77.1,2023-08,50.32
945,28.7,77.1,2023-09,51.32
946,28.7,77.1,2023-10,52.17
947,28.7,77.1,2023-11,53.16
948,28.7,77.1,2023-12,54.17
949,28.7,77.1,2023-09,46.0
950,28.7,77.1,2023-10,46.0
951,28.7,77.1,2023-11,46.0
952,28.7,77.1,2023-12,46.0
953,28.7,77.1,2020-01,100.0
954,28.7,77.1,2020-08,100.0
955,28.7,77.1,2020-11,100.0
956,28.7,77.1,2021-01,100.0
957,28.7,77.1,2021-11,100.0
958,28.7,77.1,2022-01,100.0
959,28.7,77.2,2023-05,47.7
960,28.7,77.2,2023-06,47.82
961,28.7,77.2,2023-07,48.72
962,28.7,77.2,2023-08,49.9
963,28.7,77.2,2023-09,50.9
964,28.7,77.2,2023-10,51.76
965,28.7,77.2,2023-11,52.62
966,28.7,77.2,2023-12,53.65
967,28.7,77.2,2020-01,50.0
968,28.7,77.2,2020-08,50.0
969,28.7,77.2,2020-11,50.0
970,28.7,77.2,2021-01,50.0
971,28.7,77.2,2021-08,50.0
972,28.7,77.2,2021-11,50.0
973,28.7,77.2,2022-01,50.0
974,28.7,77.2,2022-05,50.0
975,28.7,77.2,2022-08,50.0
976,28.7,77.2,2022-11,50.0
977,28.7,77.1,2023-09,69.0
978,28.7,77.1,2023-10,69.0
979,28.7,77.1,2023-11,69.0
980,28.7,77.1,2023-12,69.0
981,28.7,77.2,2020-01,100.0
982,28.7,76.9,2020-01,21.2
983,28.7,76.9,2020-08,21.2
984,28.7,76.9,2020-11,21.2
985,28.7,76.9,2021-01,21.2
986,28.7,76.9,2021-08,21.2
987,28.7,76.9,2021-11,21.2
988,28.7,76.9,2022-01,21.2
989,28.7,76.9,2022-05,21.2
990,28.7,76.9,2022-08,21.2
991,28.7,76.9,2022-11,21.2
992,28.7,77.0,2020-01,75.0
993,28.7,77.0,2020-08,75.0
994,28.7,77.0,2020-11,75.0
995,28.7,77.0,2021-01,75.0
996,28.7,77.0,2021-08,75.0
997,28.7,77.0,2021-11,75.0
998,28.7,77.0,2022-01,75.0
999,28.7,77.0,2022-05,75.0
1000,28.7,77.0,2022-08,75.0
1001,28.7,77.0,2022-11,75.0
1002,28.7,77.0,2023-05,49.81
1003,28.7,77.0,2023-06,49.95
1004,28.7,77.0,2023-07,50.97
1005,28.7,77.0,2023-08,51.93
1006,28.7,77.0,2023-09,52.98
1007,28.7,77.0,2023-10,53.75
1008,28.7,77.0,2023-11,54.77
1009,28.7,77.0,2023-12,55.78
1010,28.7,77.0,2020-01,54.0
1011,28.7,77.0,2020-08,54.0
1012,28.7,77.0,2020-11,54.0
1013,28.7,77.0,2021-01,54.0
1014,28.7,77.0,2021-08,54.0
1015,28.7,77.0,2021-11,54.0
1016,28.7,77.0,2022-01,54.0
1017,28.7,77.0,2022-05,54.0
1018,28.7,77.0,2022-08,54.0
1019,28.7,77.0,2022-11,54.0
1020,28.7,77.0,2023-09,35.0
1021,28.7,77.0,2023-10,35.0
1022,28.7,77.0,2023-11,35.0
1023,28.7,77.0,2023-12,35.0
1024,28.7,77.0,2020-01,250.75
1025,28.7,77.0,2020-08,250.75
1026,28.7,77.0,2020-11,250.75
1027,28.7,77.0,2021-01,250.75
1028,28.7,77.0,2021-11,250.75
1029,28.7,77.0,2022-01,250.75
1030,28.7,77.0,2022-05,250.75
1031,28.7,77.0,2022-08,250.75
1032,28.7,77.0,2022-11,250.75
1033,28.7,77.0,2023-05,50.52
1034,28.7,77.0,2023-06,50.66
1035,28.7,77.0,2023-07,51.67
1036,28.7,77.0,2023-08,52.66
1037,28.7,77.0,2023-09,53.55
1038,28.7,77.0,2023-10,54.49
1039,28.7,77.0,2023-11,55.48
1040,28.7,77.0,2023-12,56.49
1041,28.7,77.0,2021-08,25.0
1042,28.7,77.2,2022-01,50.0
1043,28.7,77.2,2022-05,50.0
1044,28.7,77.2,2022-08,50.0
1045,28.7,77.0,2023-09,83.0
1046,28.7,77.0,2023-10,83.0
1047,28.7,77.0,2023-11,83.0
1048,28.7,77.0,2023-12,83.0
1049,28.7,77.2,2020-01,45.0
1050,28.7,77.2,2020-08,45.0
1051,28.7,77.2,2020-11,45.0
1052,28.7,77.2,2021-01,45.0
1053,28.7,77.2,2021-08,45.0
1054,28.7,77.2,2021-11,45.0
1055,28.7,77.2,2022-01,45.0
1056,28.7,77.2,2022-08,45.0
1057,28.7,77.2,2022-11,45.0
1058,28.7,77.1,2020-01,100.0
1059,28.7,77.1,2022-05,100.0
1060,28.7,77.1,2022-08,100.0
1061,28.7,77.1,2022-11,100.0
1062,28.7,77.1,2023-09,50.0
1063,28.7,77.1,2023-10,50.0
1064,28.7,77.1,2023-11,50.0
1065,28.7,77.1,2023-12,50.0
1066,28.7,77.2,2023-04,50.39
1067,28.7,77.2,2023-05,50.14
1068,28.7,77.2,2023-06,51.05
1069,28.7,77.2,2023-07,52.08
1070,28.7,77.2,2023-08,53.05
1071,28.7,77.2,2023-09,53.95
1072,28.7,77.2,2023-10,54.92
1073,28.7,77.2,2023-11,55.88
1074,28.7,77.2,2023-12,56.91
1075,28.7,77.0,2023-09,64.0
1076,28.7,77.0,2023-10,64.0
1077,28.7,77.0,2023-11,64.0
1078,28.7,77.0,2023-12,64.0
1079,28.7,77.0,2021-01,15.9
1080,28.7,77.0,2021-11,15.9
1081,28.7,77.0,2022-05,15.9
1082,28.7,77.0,2022-08,15.9
1083,28.7,77.1,2020-08,90.5
1084,28.7,77.1,2023-05,52.86
1085,28.7,77.1,2023-06,53.02
1086,28.7,77.1,2023-07,54.04
1087,28.7,77.1,2023-08,55.0
1088,28.7,77.1,2023-09,56.0
1089,28.7,77.1,2023-10,56.95
1090,28.7,77.1,2023-11,57.84
1091,28.7,77.1,2023-12,58.86
1092,28.8,77.1,2020-05,87.32
1093,28.8,77.1,2020-08,90.21
1094,28.8,77.1,2023-05,52.59
1095,28.8,77.1,2023-06,52.76
1096,28.8,77.1,2023-07,53.71
1097,28.8,77.1,2023-08,54.74
1098,28.8,77.1,2023-09,55.72
1099,28.8,77.1,2023-10,56.5
1100,28.8,77.1,2023-11,57.55
1101,28.8,77.1,2023-12,58.59
1102,28.8,76.9,2023-05,54.9
1103,28.8,76.9,2023-06,55.07
1104,28.8,76.9,2023-07,56.08
1105,28.8,76.9,2023-08,57.05
1106,28.8,76.9,2023-09,58.12
1107,28.8,76.9,2023-10,58.97
1108,28.8,76.9,2023-11,59.89
1109,28.8,76.9,2023-12,60.94
1110,28.8,77.1,2020-01,200.0
1111,28.8,77.1,2020-08,200.0
1112,28.8,77.1,2020-11,200.0
1113,28.8,77.1,2021-01,200.0
1114,28.8,77.1,2022-01,200.0
1115,28.8,77.1,2022-05,200.0
1116,28.8,77.1,2022-08,200.0
1117,28.8,77.1,2022-11,200.0
1118,28.8,77.1,2023-09,178.0
1119,28.8,77.1,2023-10,178.0
1120,28.8,77.1,2023-11,178.0
1121,28.8,77.1,2023-12,178.0
1122,28.8,77.1,2020-01,65.0
1123,28.8,77.1,2020-08,65.0
1124,28.8,77.1,2020-11,65.0
1125,28.8,77.1,2021-01,65.0
1126,28.8,77.1,2021-08,65.0
1127,28.8,77.1,2022-01,65.0
1128,28.8,77.1,2022-05,65.0
1129,28.8,77.1,2022-08,65.0
1130,28.8,77.1,2022-11,65.0
1131,28.8,77.1,2023-09,38.0
1132,28.8,77.1,2023-10,38.0
1133,28.8,77.1,2023-11,38.0
1134,28.8,77.1,2023-12,38.0
1135,28.8,77.1,2020-01,70.0
1136,28.8,77.1,2020-08,70.0
1137,28.8,77.1,2020-11,70.0
1138,28.8,77.1,2021-01,80.0
1139,28.8,77.1,2021-08,70.0
1140,28.8,77.1,2021-11,70.0
1141,28.8,77.1,2022-05,80.0
1142,28.8,77.1,2022-08,70.0
1143,28.8,77.1,2022-11,70.0
1144,28.8,77.1,2023-08,35.0
1145,28.8,77.1,2023-09,37.17
1146,28.8,77.1,2023-10,37.6
1147,28.8,77.1,2023-11,37.56
1148,28.8,77.1,2023-12,37.51
1149,28.8,76.9,2020-01,100.0
1150,28.8,76.9,2020-08,100.0
1151,28.8,76.9,2020-11,100.0
1152,28.8,76.9,2021-01,100.0
1153,28.8,76.9,2021-08,100.0
1154,28.8,76.9,2021-11,100.0
1155,28.8,76.9,2022-01,100.0
1156,28.8,76.9,2022-05,100.0
1157,28.8,76.9,2022-08,100.0
1158,28.8,76.9,2022-11,100.0
1159,28.8,76.9,2023-05,55.66
1160,28.8,76.9,2023-06,55.8
1161,28.8,76.9,2023-07,56.82
1162,28.8,76.9,2023-08,57.77
1163,28.8,76.9,2023-09,58.81
1164,28.8,76.9,2023-10,59.67
1165,28.8,76.9,2023-11,60.63
1166,28.8,76.9,2023-12,61.64
1167,28.8,77.2,2020-08,85.0
1168,28.8,77.2,2020-11,85.0
1169,28.8,77.2,2021-01,85.0
1170,28.8,77.2,2021-08,85.0
1171,28.8,77.2,2021-11,85.0
1172,28.8,77.2,2022-01,85.0
1173,28.8,77.2,2022-05,85.0
1174,28.8,77.2,2022-08,85.0
1175,28.8,77.2,2022-11,85.0
1176,28.8,77.2,2023-09,64.0
1177,28.8,77.2,2023-10,64.0
1178,28.8,77.2,2023-11,64.0
1179,28.8,77.0,2023-09,85.0
1180,28.8,77.0,2023-10,85.0
1181,28.8,77.0,2023-11,85.0
1182,28.8,77.0,2023-12,85.0
1183,28.8,77.0,2020-01,8.6
1184,28.8,77.0,2020-08,8.6
1185,28.8,77.0,2020-11,8.6
1186,28.8,77.0,2021-08,8.6
1187,28.8,77.0,2021-11,8.6
1188,28.8,77.0,2022-01,8.6
1189,28.8,77.0,2022-05,8.6
1190,28.8,77.0,2022-08,8.6
1191,28.8,77.0,2022-11,8.6
1192,28.8,77.0,2020-01,50.0
1193,28.8,77.0,2020-08,50.0
1194,28.8,77.0,2021-01,50.0
1195,28.8,77.0,2021-08,50.0
1196,28.8,77.0,2021-11,50.0
1197,28.8,77.0,2022-01,50.0
1198,28.8,77.0,2022-05,50.0
1199,28.8,77.0,2022-08,50.0
1200,28.8,77.0,2022-11,50.0
1201,28.8,77.0,2023-05,56.51
1202,28.8,77.0,2023-06,56.68
1203,28.8,77.0,2023-07,57.69
1204,28.8,77.0,2023-08,58.66
1205,28.8,77.0,2023-09,59.73
1206,28.8,77.0,2023-10,60.45
1207,28.8,77.0,2023-11,61.5
1208,28.8,77.0,2023-12,62.52
1209,28.8,77.1,2023-09,15.55
1210,28.8,77.1,2023-10,15.55
1211,28.8,77.1,2023-11,15.55
1212,28.8,77.0,2023-10,45.0
1213,28.8,77.0,2023-11,45.0
1214,28.8,77.0,2023-12,45.0
1215,28.8,77.1,2020-01,45.0
1216,28.8,77.1,2020-08,45.0
1217,28.8,77.1,2021-08,45.0
1218,28.8,77.1,2022-01,45.0
1219,28.8,77.1,2022-05,45.0
1220,28.8,77.1,2022-08,45.0
1221,28.8,77.1,2022-11,45.0
1222,28.8,77.1,2023-10,45.0
1223,28.8,77.1,2023-11,45.0
1224,28.8,77.1,2023-12,45.0
1225,28.8,77.0,2021-08,25.0
1226,28.8,77.0,2020-01,47.0
1227,28.8,77.0,2020-08,47.0
1228,28.8,77.0,2020-11,47.0
1229,28.8,77.0,2021-01,47.0
1230,28.8,77.0,2021-11,47.0
1231,28.8,77.0,2022-01,47.0
1232,28.8,77.0,2022-05,47.0
1233,28.8,77.0,2022-08,47.0
1234,28.8,77.0,2022-11,47.0
1235,28.8,77.0,2023-04,56.76
1236,28.8,77.0,2023-05,56.46
1237,28.8,77.0,2023-06,57.38
1238,28.8,77.0,2023-07,58.38
1239,28.8,77.0,2023-08,59.34
1240,28.8,77.0,2023-09,60.42
1241,28.8,77.0,2023-10,61.18
1242,28.8,77.0,2023-11,62.19
1243,28.8,77.0,2023-12,63.2
1244,28.8,77.1,2020-05,91.72
1245,28.8,77.1,2020-08,94.62
1246,28.8,77.1,2023-05,56.84
1247,28.8,77.1,2023-06,56.98
1248,28.8,77.1,2023-07,57.98
1249,28.8,77.1,2023-08,58.95
1250,28.8,77.1,2023-09,59.99
1251,28.8,77.1,2023-10,60.78
1252,28.8,77.1,2023-11,61.79
1253,28.8,77.1,2023-12,62.82
1254,28.8,77.1,2020-01,101.0
1255,28.8,77.1,2020-08,101.0
1256,28.8,77.1,2020-11,101.0
1257,28.8,77.1,2021-01,101.0
1258,28.8,77.1,2021-08,101.0
1259,28.8,77.1,2021-11,101.0
1260,28.8,77.1,2022-01,101.0
1261,28.8,77.1,2022-05,101.0
1262,28.8,77.1,2022-08,101.0
1263,28.8,77.1,2022-11,101.0
1264,28.8,77.1,2023-04,56.19
1265,28.8,77.1,2023-05,55.89
1266,28.8,77.1,2023-06,56.8
1267,28.8,77.1,2023-07,57.66
1268,28.8,77.1,2023-08,59.24
1269,28.8,77.1,2023-09,59.83
1270,28.8,77.1,2023-10,60.71
1271,28.8,77.1,2023-11,61.59
1272,28.8,77.1,2023-12,62.65
